#,Song,Artist,BPM,Camelot,Energy,Added At,Duration,Popularity,Genres,Album,Album Date,Dance,Acoustic,Instrumental,Valence,Speech,Live,Loud (Db),Key,Time Signature,Spotify Track Id,ISRC,Explicit
1,"Sunshine On My Shoulders","John Denver",147,6B,17,2025-11-25,05:16,63,"folk","Poems, Prayers and Promises",1971-00-00,32,92,0,26,0,10,-14,A#/B♭ Major,4,3m8lTUL5GxGUNSaycI77ND,USRC11100483,no
2,"I Got You Babe","Sonny & Cher",111,2B,80,2025-11-25,03:10,70,"","Look At Us",1965-00-00,63,14,0,60,0,10,-6,F#/G♭ Major,3,4SGBuq37Ol4HJr7pQqFMKa,USAT27500019,no
3,"Nobody Does It Better","Carly Simon",135,6B,40,2025-11-25,03:32,57,"","The Spy Who Loved Me (Original Motion Picture Soundtrack)",1977-01-01,37,70,0,34,0,20,-13,A#/B♭ Major,4,49RUdNvwSiUTC8fBh4KKoC,USMG27700012,no
4,"See Me, Feel Me / Listening To You - 2000 Remaster","Roger Daltrey",116,12B,92,2025-11-25,04:19,27,"aor","Tommy (Original 1975 Motion Picture Soundtrack / 2000 Remaster)",2000-01-01,26,21,0,15,0,20,-6,E Major,4,1kP4voIdNShHqDyeLxC4pE,GBAKW7501052,no
5,"50 Ways to Leave Your Lover","Paul Simon",102,9B,37,2025-11-25,03:37,76,"singer-songwriter","Still Crazy After All These Years",1975-10-25,82,17,0,29,0,0,-13,G Major,4,6Qb7gtV6Q4MnUjSbkFcopl,USSM11002304,no
6,"MacArthur Park - Single Version","Donna Summer",131,9A,67,2025-11-25,03:55,65,"disco, hi-nrg","On The Radio: Greatest Hits Volumes I & II",1979-10-15,58,8,0,45,0,0,-12,E Minor,4,42tYHqMxXxXHAAWqLaoOfQ,USPR39402395,no
7,"All I Need","Jack Wagner",140,11B,38,2025-11-25,03:29,58,"","All I Need",1984-01-01,48,47,0,17,0,10,-12,A Major,4,7LLBFAlUOE6rUHDePQL57a,USQW19900165,no
8,"Love Will Keep Us Together","Captain & Tennille",130,12B,79,2025-11-25,03:25,64,"yacht rock, soft rock","Love Will Keep Us Together",1975-01-01,62,35,0,93,0,30,-4,E Major,4,4pCNJwixy2ImFncaPY2yE2,USAM17500299,no
9,"Don't You Want Me","The Human League",118,8A,74,2025-11-25,03:56,78,"new wave, synthpop","Dare!",1981-00-00,73,18,0,96,0,20,-8,A Minor,4,3L7RtEcu1Hw3OXrpnthngx,GBAAA0200924,no
10,"Standing Still","Jewel",124,10B,68,2025-11-26,04:30,56,"singer-songwriter","This Way",2001-10-30,61,15,0,34,0,0,-7,D Major,4,6a0e5Fb8cwz8pklTJOFGju,USAT20107801,no
11,"Boston","Augustana",147,8B,57,2025-11-26,04:05,62,"","All The Stars and Boulevards",2005-00-00,40,18,0,29,0,10,-5,C Major,4,2WZyfujzMweFLnozyUJBkW,USSM10501403,no
12,"Beth","KISS",115,8B,24,2025-11-26,02:45,60,"glam rock, glam metal, hard rock, rock, classic rock","Destroyer",1976-03-15,39,88,0,28,0,10,-13,C Major,4,1cPXOzyeZauSAsT1yy7aBp,USPR37609141,no
13,"If You Could Only See","Tonic",95,3A,95,2025-11-26,04:21,74,"","Lemon Parade",1996-07-15,43,0,0,58,0,20,-5,A#/B♭ Minor,4,4KoNBTm9a55KgLMtEaf3n6,USPR39609309,no
14,"She Will Be Loved","Maroon 5",102,5A,71,2025-11-26,04:17,77,"pop","Songs About Jane",2002-06-25,71,6,0,54,0,10,-6,C Minor,4,7sapKrjDij2fpDVj0GxP66,USJAY0300082,no
15,"Back At Your Door","Maroon 5",112,5B,62,2025-11-26,03:46,39,"pop","It Won't Be Soon Before Long.",2007-01-01,65,2,0,32,0,20,-3,D#/E♭ Major,3,1UvGv4XWZrVDrxbGKJfA0p,USUM70731568,no
16,"Geek in the Pink","Jason Mraz",92,3A,75,2025-11-26,03:55,48,"soft pop, acoustic pop","Mr. A-Z",2005-07-26,67,37,0,90,0,0,-4,A#/B♭ Minor,4,2MMRWb4gn8mwpK5RLlPtl5,USEE10500844,no
17,"The Remedy (I Won't Worry)","Jason Mraz",95,6B,87,2025-11-26,04:16,65,"soft pop, acoustic pop","Waiting for My Rocket to Come",2002-00-00,59,4,0,80,0,30,-5,A#/B♭ Major,4,4tK4ARuilOrBzwVQK73E0Y,USEE10240649,no
18,"Bright Lights","Matchbox Twenty",80,12B,73,2025-11-26,03:54,63,"post-grunge","More Than You Think You Are",2002-11-01,32,1,0,20,0,60,-4,E Major,4,4dZhQj20JbKlD9oR0X8kjZ,USAT20202655,no
19,"Unwell","Matchbox Twenty",81,11A,79,2025-11-26,03:48,74,"post-grunge","More Than You Think You Are",2002-11-01,26,3,0,43,0,70,-5,F#/G♭ Minor,4,6Bm6qUCSatPAqkQllFL7oA,USAT20202656,no
20,"Can't Smile Without You","Barry Manilow",98,9B,52,2025-11-26,03:13,66,"yacht rock, adult standards","Even Now",1978-00-00,42,49,0,48,0,10,-10,G Major,4,7qUTZEf6bgiApJEXpMAH5y,USAR17700175,no
21,"Copacabana (At the Copa) - Short Version","Barry Manilow",117,6A,90,2025-11-26,03:56,73,"yacht rock, adult standards","Dance Vault Mixes - Copacabana (At The Copa)",2006-09-12,61,33,0,66,0,0,-6,G Minor,4,5FMXrphygZ4z3gVDHGWxgl,USAR10601640,no
22,"Hero","Enrique Iglesias",152,9B,65,2025-11-26,04:24,62,"latin pop, latin","Escape",2001-01-01,57,14,0,15,0,10,-6,G Major,4,24Gxm7Eh7tO83E26LG0CsY,USIR10120047,no
23,"Don't Turn Off The Lights","Enrique Iglesias",103,9B,84,2025-11-26,03:46,49,"latin pop, latin","Escape",2001-01-01,77,1,0,19,0,0,-4,G Major,4,2wdX7seKD9pK35aZF3kMbY,USIR10120226,no
24,"Too Much Time On My Hands","Styx",131,10A,40,2025-11-26,04:31,63,"classic rock, aor, progressive rock","Paradise Theatre",1981-01-01,80,11,0,89,0,30,-14,B Minor,4,4hWUOIDHda9XOb1zDchftP,USAM18000370,no
25,"I Can't Dance - 2007 Remaster","Genesis",108,5B,53,2025-11-26,03:59,71,"progressive rock, art rock","We Can't Dance (2007 Remaster)",1991-11-11,91,47,0,91,0,0,-10,D#/E♭ Major,4,0No5Hr1LxZjJHGsQSTy2bm,GBAAA0700775,no
26,"Someone Saved My Life Tonight","Elton John",130,3B,43,2025-11-26,06:44,59,"","Captain Fantastic And The Brown Dirt Cowboy",1975-05-19,46,33,0,15,0,10,-10,C♯/D♭ Major,4,0bLOiofyBB62YU2cNnONJG,GBAMB7500005,no
27,"Higher Love","Steve Winwood",99,7B,78,2025-11-26,05:51,72,"yacht rock, soft rock","Back In The High Life",1986-06-30,70,4,15,95,0,30,-12,F Major,4,4ZExvJvQXPEeYzGU0N3THi,GBAAN8600003,no
28,"Back In The High Life Again","Steve Winwood",169,10B,50,2025-11-26,05:35,62,"yacht rock, soft rock","Back In The High Life",1986-06-30,60,29,0,65,0,10,-15,D Major,4,1Bj6YgjjPbEb4jhQ50T8tJ,GBAAN0300580,no
29,"High Dive","Andrew McMahon in the Wilderness",163,5A,80,2025-11-26,03:47,44,"","Andrew McMahon In The Wilderness",2014-10-13,56,0,0,79,0,0,-7,C Minor,4,0yi1iSwJo4IwSpXFOyH2bx,USVG21403673,no
30,"Swim","Jack's Mannequin",200,5B,90,2025-11-26,04:16,42,"pop punk","The Glass Passenger",2008-09-29,31,2,0,29,10,0,-6,D#/E♭ Major,3,08hh1QNXTUJ6cD9zEZ798r,USWB10804665,no
31,"The Resolution","Jack's Mannequin",188,10B,92,2025-11-26,03:05,43,"pop punk","The Glass Passenger",2008-09-29,37,0,0,49,0,0,-5,D Major,4,48Pi3H6sYU4Vp8dNs2DZSM,USWB10804674,no
32,"All or Nothing","O-Town",127,8B,47,2025-11-26,04:41,59,"","O-Town",2001-00-00,64,21,0,25,0,10,-5,C Major,4,1TBIHWmr1r34J2s0eSfA7U,USJAY0000014,no
33,"Aaron's Party (Come Get It)","Aaron Carter",117,3B,89,2025-11-26,03:24,43,"bubblegum pop","Aaron's Party (Come Get It)",2000-09-26,94,5,0,91,10,0,-4,C♯/D♭ Major,4,4fF34Yf5KsfUbCORyLGpEj,USJI10000296,no
34,"Space Cowboy (Yippie-Yi-Yay) (feat. Lisa  Left Eye  Lopes)","*NSYNC,Lisa  Left Eye  Lopes",114,3A,98,2025-11-26,04:22,47,"","No Strings Attached",2000-03-21,71,1,0,70,0,70,-3,A#/B♭ Minor,4,0B7Hp8MXbiK8HoXqqYqTkW,USJI10000044,no
35,"Bringin' Da Noise","*NSYNC",112,12B,97,2025-11-26,03:30,42,"","No Strings Attached",2000-03-21,76,5,8,87,0,30,-5,E Major,4,0MxKHJEhhFOJsvYak4Q5Bu,USJI10000049,no
36,"I Want It That Way","Backstreet Boys",99,11A,69,2025-11-26,03:33,87,"","Millennium",1999-05-18,69,26,0,48,0,10,-6,F#/G♭ Minor,4,47BBI51FKFwOMlIiX6m8ya,USJI19910614,no
37,"Show Me the Meaning of Being Lonely","Backstreet Boys",168,11A,63,2025-11-26,03:54,75,"","Millennium",1999-05-18,63,23,0,68,0,0,-5,F#/G♭ Minor,4,3BsaRV5QIulYz2lV9WWa8T,USJI19910621,no
38,"Bad Day","Daniel Powter",140,5B,79,2025-11-26,03:53,79,"","Daniel Powter",2005-02-22,60,45,0,52,0,10,-4,D#/E♭ Major,4,0mUyMawtxj1CJ76kn9gIZK,USWB10401971,no
39,"Gotta Get Thru This - D'N'D Radio Edit","Daniel Bedingfield,D'N'D Productions",134,6A,77,2025-11-26,02:41,56,"uk garage, ","Gotta Get Thru This",2002-01-01,84,9,0,91,0,10,-5,G Minor,4,747tpec1a0Hfqvj2za1pBs,GBEBM0100046,no
40,"Unwritten","Natasha Bedingfield",100,7B,80,2025-11-26,04:19,91,"","Unwritten",2004-08-30,71,1,0,63,0,0,-6,F Major,4,3U5JVgI2x4rDyHGObzJfNf,GBARL0400707,no
41,"That Don't Impress Me Much","Shania Twain",125,3B,76,2025-11-26,03:38,65,"country","Come On Over",1997-11-04,76,24,0,97,0,0,-8,C♯/D♭ Major,4,4FUfoWMypAyWbOavmYyeNu,USMR19900016,no
42,"Any Man Of Mine","Shania Twain",78,4B,73,2025-11-26,04:06,77,"country","The Woman In Me",1995-01-01,59,21,0,78,0,10,-9,G#/A♭ Major,4,0pdfN7nOHMYmKykzu1cyfm,USPR39402722,no
43,"Goodbye Earl","The Chicks",123,8B,70,2025-11-26,04:19,68,"country","Fly",1999-08-27,71,2,0,77,0,0,-7,C Major,4,7rqaqQurHzR5xHAhdm1gmM,USSM19901548,no
44,"Cowboy Take Me Away","The Chicks",164,2B,62,2025-11-26,04:51,71,"country","Fly",1999-08-27,47,37,1,46,0,10,-7,F#/G♭ Major,4,3rXCZRMiMZp0feGcYXpwYX,USSM19901550,no
45,"Breathe","Faith Hill",137,9B,50,2025-11-26,04:10,69,"country","Breathe",1999-11-09,53,17,0,28,0,20,-9,G Major,4,3y4LxiYMgDl4RethdzpmNe,USWB19902554,no
46,"This Kiss","Faith Hill",187,1B,80,2025-11-26,03:14,72,"country","Faith",1998-00-00,40,18,0,71,0,10,-6,B Major,4,5EYWGM3Ns3iYew8ws0FatB,USWB19701735,no
47,"I Hope You Dance","Lee Ann Womack",151,6A,44,2025-11-26,04:54,69,"country","I Hope You Dance",2000-05-23,39,6,0,28,0,0,-10,G Minor,4,65B1tEOv5W294uCKbmEcFV,USMCN0000018,no
48,"In My Daughter's Eyes","Martina McBride",123,4B,30,2025-11-26,03:13,49,"country","Martina",2003-09-30,36,87,0,38,0,10,-7,G#/A♭ Major,4,7LkQBDAiS0GVSO5JQuYDzY,USRN10300064,no
49,"Concrete Angel","Martina McBride",78,3B,39,2025-11-26,04:13,54,"country","Greatest Hits",2001-09-17,62,50,0,27,0,10,-10,C♯/D♭ Major,4,2LLcI3oU4CedCQDV5tJ1SK,USRN10100033,no
50,"Wind Beneath My Wings","Bette Midler",124,6B,46,2025-11-26,04:53,51,"","Experience The Divine (Greatest Hits)",1993-00-00,51,55,0,18,0,0,-8,A#/B♭ Major,4,4ErUhFToT1yX52MeHqH8OY,USAT29900553,no
51,"It's All Coming Back to Me Now","Céline Dion",88,8B,44,2025-11-26,07:36,79,"variété française","Falling into You",1996-03-11,38,75,0,29,0,10,-9,C Major,4,5EQzuYfTZt7B2LqlvTF49l,CAC229800163,no
52,"Mockingbird","Eminem",84,8B,68,2025-11-26,04:10,88,"rap, hip hop","Encore (Deluxe Version)",2004-11-12,64,21,0,25,20,10,-4,C Major,4,561jH07mF1jHuk7KlaeF0s,USIR10400813,yes
53,"Without Me","Eminem",112,9B,67,2025-11-26,04:50,90,"rap, hip hop","The Eminem Show",2002-05-26,91,0,0,66,0,20,-3,G Major,4,7lQ8MOhq6IN2w8EYcFNSUk,USIR10211038,yes
54,"Low (feat. T-Pain)","Flo Rida,T-Pain",128,3A,61,2025-11-26,03:51,88,"","Mail on Sunday",2008-03-17,92,9,0,30,0,10,-6,A#/B♭ Minor,4,0CAfXk7DXMnon4gLudAp7J,USAT20705841,no
55,"In the Ayer (feat. will.I.am)","Flo Rida,will.i.am",126,4A,75,2025-11-26,03:40,63,"","Mail on Sunday",2008-03-17,83,0,0,65,0,20,-6,F Minor,4,6RpiAj9Ofv0Uqp6n2OuRoh,USAT20801524,no
56,"My Humps","Black Eyed Peas",124,12A,68,2025-11-26,05:26,81,"","Monkey Business",2005-01-01,80,11,0,59,20,10,-6,C♯/D♭ Minor,4,20jYtEun4dUdYZ9foaOC48,USIR10500771,no
57,"Milkshake","Kelis",113,3B,77,2025-11-26,03:02,62,"","The Hits",2008-00-00,89,1,2,83,0,10,-6,C♯/D♭ Major,4,4LmzPJDil70LpiApWfOI6O,USAR10301131,no
58,"Get the Party Started","P!nk",129,10A,90,2025-11-26,03:12,73,"","M!ssundaztood (Expanded Edition)",2001-00-00,80,0,0,96,0,10,-3,B Minor,4,02jcEwywffn3Tsb48fXmlW,USAR10100717,no
59,"Let's Get It Started - Spike Mix","Black Eyed Peas",105,10A,79,2025-11-26,03:37,81,"","Elephunk",2003-06-24,78,11,0,81,10,30,-2,B Minor,4,4hfIVhq0F0zFUcrbecsYmo,USIR10400364,no
60,"Don't Phunk With My Heart","Black Eyed Peas",131,4A,93,2025-11-26,03:59,72,"","Monkey Business",2005-01-01,69,1,0,60,0,50,-3,F Minor,4,5MzjQ95rdB2xt9DNa2IzaC,USIR10500521,no
61,"Hey Mama","Black Eyed Peas",100,10A,88,2025-11-26,03:34,70,"","Elephunk",2003-06-24,87,11,0,94,20,60,-6,B Minor,4,3KDCYRQl4O681lkYI2sCqE,USIR10311890,yes
62,"Hit Me With Your Best Shot","Pat Benatar",127,12B,58,2025-11-26,02:51,75,"aor","Crimes Of Passion",1980-08-05,74,12,0,94,0,20,-9,E Major,4,0vOkmmJEtjuFZDzrQSFzEE,USCH38400009,no
63,"Heartbreaker","Pat Benatar",156,4A,59,2025-11-26,03:29,69,"aor","In The Heat Of The Night",1979-01-01,46,28,0,88,0,0,-11,F Minor,4,22ML0MuFKfw16WejbxsLOy,USCH38400033,no
64,"Love Shack","The B-52's",134,4A,80,2025-11-26,05:20,75,"new wave, post-punk","Cosmic Thing",1989-00-00,70,5,0,90,0,70,-7,F Minor,4,4W4wYHtsrgDiivRASVOINL,USRE18900030,no
65,"Dance This Mess Around","The B-52's",161,5B,71,2025-11-26,04:36,51,"new wave, post-punk","The B-52's",1979-00-00,61,2,0,54,0,10,-8,D#/E♭ Major,4,207qLd1ovrqfYVBBDrNMUM,USWB17900060,no
66,"Born To Be Wild - Single Version","Steppenwolf",146,10B,73,2025-11-26,03:32,78,"classic rock, acid rock","Steppenwolf",1968-01-01,44,26,33,54,10,20,-12,D Major,4,3lN8PP6R2IxbLP05QpYXng,USMC16846563,no
67,"A Little Less Conversation","Elvis Presley",114,10B,80,2025-11-26,02:01,57,"rockabilly, rock and roll","The Essential Elvis Presley",2007-00-00,58,15,0,84,0,0,-8,D Major,4,47y8hRlWLEJ4VafE6LMjEZ,USRC19900989,no
68,"You Really Got Me - 2015 Remaster","Van Halen",138,12A,95,2025-11-26,02:36,72,"glam metal, classic rock, rock, hard rock","Van Halen (Remastered)",1978-02-10,45,2,0,65,10,10,-6,C♯/D♭ Minor,4,0upLyFR8Rr52ZpMp5esQoq,USWB11403670,no
69,"Everybody Wants Some!!","Van Halen",144,4B,81,2025-11-26,05:08,0,"glam metal, classic rock, rock, hard rock","Women And Children First",1980-00-00,52,5,4,50,0,10,-7,G#/A♭ Major,4,06cv61HwUdLzSi35A8jUEx,USWB10002344,yes
70,"Take It Easy - 2013 Remaster","Eagles",139,9B,67,2025-11-26,03:31,84,"classic rock, yacht rock, soft rock","Eagles (2013 Remaster)",1972-06-01,57,34,0,74,0,10,-10,G Major,4,4yugZvBYaoREkJKtbG08Qr,USEE11300314,no
71,"Can't You See","The Marshall Tucker Band",164,9B,71,2025-11-26,06:05,78,"southern rock, country rock, classic rock","The Marshall Tucker Band",1973-08-01,41,27,0,57,0,10,-6,G Major,4,4egy2d8QiyXn5tzVQiptTb,USSE90320363,no
72,"Bad Moon Rising","Creedence Clearwater Revival",179,10B,77,2025-11-26,02:21,83,"classic rock, southern rock, country rock","Green River (Expanded Edition)",1969-08-03,51,6,0,94,0,0,-6,D Major,4,20OFwXhEXf12DzwXmaV7fj,USC4R0817604,no
73,"Carry on Wayward Son","Kansas",127,9B,79,2025-11-26,05:23,81,"classic rock, progressive rock, aor","Leftoverture (Expanded Edition)",1976-00-00,48,0,0,79,0,40,-6,G Major,4,4DMKwE2E2iYDKY01C335Uw,USSM17600874,no
74,"My Life","Billy Joel",131,10B,65,2025-11-26,04:45,79,"soft rock","52nd Street",1978-10-13,74,11,0,80,0,0,-13,D Major,4,4ZoBC5MhSEzuknIgAkBaoT,USSM17800448,no
75,"You're Only Human (Second Wind)","Billy Joel",131,5B,80,2025-11-26,04:48,54,"soft rock","Greatest Hits Volume I & Volume II",1985-06-29,76,4,0,88,0,0,-9,D#/E♭ Major,4,4aaOblwrIiVnScKL51pGdo,USSM18500169,no
76,"I Want You To Want Me","Letters To Cleo",104,8B,80,2025-11-26,03:25,56,"riot grrrl","10 Things I Hate About You (Original Motion Picture Soundtrack)",1999-04-06,49,2,0,66,0,0,-3,C Major,4,3JSlThUtSZKbwhO9dURnxB,USHR10215178,no
77,"We Got The Beat","The Go-Go's",152,10B,99,2025-11-26,02:33,62,"new wave","Beauty And The Beat",1981-01-01,59,16,8,48,0,0,-6,D Major,4,5kz9GDBTX846OXwqWoyKzF,USWWW0128900,no
78,"Dirty Little Secret","The All-American Rejects",144,6B,95,2025-11-26,03:13,39,"pop punk, emo","Move Along",2005-07-12,47,0,0,46,0,50,-4,A#/B♭ Major,4,5lDriBxJd22IhOH9zTcFrV,USDW10500128,no
79,"Move Along","The All-American Rejects",110,5B,92,2025-11-26,03:58,34,"pop punk, emo","Move Along",2005-07-12,52,0,0,65,0,20,-4,D#/E♭ Major,4,2l57cfmCnOkwNX1tky02n1,USDW10500125,no
80,"Gives You Hell","The All-American Rejects",100,12B,69,2025-11-26,03:33,72,"pop punk, emo","When The World Comes Down",2008-12-16,72,2,0,55,0,0,-6,E Major,4,6ihL9TjfRjadfEePzXXyVF,USUM70837368,no
81,"I Hate Everyone","Get Set Go",157,2B,77,2025-11-26,03:33,33,"","Ordinary World",2006-01-17,38,42,0,65,0,20,-4,F#/G♭ Major,3,1Pn1Ndq0W9SUw1kPq0Jj68,US83Y0552636,yes
82,"She Hates Me","Puddle Of Mudd",110,12B,75,2025-11-26,03:36,77,"post-grunge","Come Clean",2001-08-28,58,1,0,58,0,70,-5,E Major,4,16DhvbuyvJob4Q9GHNYu2n,USIR10110582,yes
83,"How Do You Like Me Now?!","Toby Keith",110,8B,67,2025-11-26,03:29,74,"country, classic country","How Do You Like Me Now?!",1999-01-01,65,5,0,67,0,0,-9,C Major,4,7rDcULv8vV16vetBjPJhuE,USDW19920901,no
84,"I Wanna Talk About Me","Toby Keith",106,7B,87,2025-11-26,03:03,69,"country, classic country","Pull My Chain",2001-08-10,77,17,0,68,0,10,-5,F Major,4,3VHevS1BocAcrihLnl11DG,USDW10110283,no
85,"Ol' Red","Blake Shelton",75,6B,56,2025-11-26,03:41,70,"country","Blake Shelton",2001-07-31,66,15,0,49,0,10,-8,A#/B♭ Major,4,5wane5dFpp8xgriui6y0c7,USGI10000132,no
86,"Austin","Blake Shelton",120,9B,61,2025-11-26,03:50,68,"country","Blake Shelton",2001-07-31,61,19,0,28,0,10,-7,G Major,4,2WQAknZHrJAEQOFXe0F44P,USGI10100011,no
87,"What Was I Thinkin'","Dierks Bentley",165,4A,83,2025-11-26,04:20,76,"country","Dierks Bentley",2003-01-01,55,15,0,93,0,10,-6,F Minor,4,0r8iDf65NHgFgZOGLwj5r8,USCN10200472,no
88,"Beautiful Mess","Diamond Rio",177,3B,66,2025-11-26,03:48,59,"classic country, country","Completely",2002-08-19,48,53,0,48,0,0,-7,C♯/D♭ Major,4,19QT1L9qUNKHYNbYqawaX8,USAN20100228,no
89,"Old Town Road (feat. Billy Ray Cyrus) - Remix","Lil Nas X,Billy Ray Cyrus",136,2B,62,2025-11-26,02:37,81,"","7",2019-06-21,88,5,0,64,10,10,-6,F#/G♭ Major,4,2YpeDb67231RjR0MgVLzsG,USSM11902498,no
90,"Strawberry Wine","Deana Carter",123,3B,45,2025-11-26,04:51,72,"country, classic country","Did I Shave My Legs For This?",1996-01-01,57,32,0,21,0,0,-7,C♯/D♭ Major,3,5Pgwi0iizu96RHxJ4xL3SH,USCN19600104,no
91,"There Is No Arizona","Jamie O'Neal",168,1A,62,2025-11-26,03:56,51,"","Shiver",2000-01-01,47,22,0,35,0,0,-6,G#/A♭ Minor,4,7Hgcw6qYU1ukRdRGvEkJk3,USMR10000074,no
92,"Something To Talk About","Bonnie Raitt",103,3B,64,2025-11-26,03:47,62,"blues","Luck Of The Draw",1991-01-01,80,6,0,95,0,0,-13,C♯/D♭ Major,4,6Ceejf3zBXvAhIY9DbP1Pr,USCA29100117,no
93,"I'm Yours","Jason Mraz",151,1B,44,2025-11-26,04:02,85,"soft pop, acoustic pop","We Sing. We Dance. We Steal Things.",2008-05-01,70,56,0,71,0,10,-9,B Major,4,1EzrEOXmMH3G43AXT1y7pA,USEE10800667,no
94,"It Wasn't Me","Shaggy,Rik Rok",95,8B,61,2025-11-26,03:47,85,"reggae, dancehall, riddim, ragga, lovers rock","Hot Shot",2000-08-08,85,6,0,65,0,30,-5,C Major,4,3WkibOpDF7cQ5xntM1epyf,USMC10000393,no
95,"Ignition - Remix","R. Kelly",133,3B,52,2025-11-26,03:06,72,"r&b","Chocolate Factory",2003-00-00,80,6,0,86,0,0,-7,C♯/D♭ Major,4,5dNfHmqgr128gMY2tc5CeJ,USJI10300018,no
96,"SexyBack (feat. Timbaland)","Justin Timberlake,Timbaland",117,6A,58,2025-11-26,04:02,88,"","FutureSex/LoveSounds",2006-09-12,97,6,0,96,0,0,-6,G Minor,4,0O45fw2L5vsWpdsOdXwNAR,USJI10600269,yes
97,"Around the World (La La La La La)","A Touch Of Class,Pete Konemann",132,8A,98,2025-11-26,03:34,80,"europop, eurodance, ","Planet Pop",2000-11-06,62,15,0,68,0,10,-7,A Minor,4,7CvOnbFdnIoXMQ4eFCo5lB,DEP810000008,no
98,"Blue (Da Ba Dee) - Gabry Ponte Video Edit","Eiffel 65,Gabry Ponte",128,6A,97,2025-11-26,03:39,74,"italo dance, eurodance, europop, slap house","Blue (Da Ba Dee)",1998-11-11,83,23,0,73,0,40,-11,G Minor,4,7lMIJ4EFWRVoAIPDpeGyM3,ITT019810115,no
99,"Be With You","Enrique Iglesias",122,12A,87,2025-11-26,03:39,62,"latin pop, latin","Enrique",1999-11-23,68,4,0,54,0,0,-5,C♯/D♭ Minor,4,2N4viTG9njqCa4c46YyWs1,USIR19915199,no
100,"Wannabe","Spice Girls",110,1B,86,2025-11-26,02:53,85,"","Spice",1996-01-01,77,10,0,89,0,10,-6,B Major,4,1Je1IMUlBXcx1Fz0WE7oPT,GBAAA9600008,no
101,"Spice Up Your Life","Spice Girls",124,3B,99,2025-11-26,02:53,69,"","Spiceworld",1997-01-01,56,1,3,68,0,40,-5,C♯/D♭ Major,4,5qGwqO0lkbBXw4xNfzT7SF,GBAAA9710052,no
102,"Dancing Queen","ABBA",101,11B,87,2025-11-26,03:50,88,"","Arrival",1976-00-00,54,36,0,75,0,70,-7,A Major,4,0GjEhVFGZW8afUYGChu3Rr,SEAYD7601020,no
103,"Honey Honey - 1999 / Musical  Mamma Mia ","Benny Andersson,Björn Ulvaeus,Stig Anderson,Lisa Stokke,Eliza Lumley,Melissa Gibson",138,7B,54,2025-11-26,02:02,40,"swedish pop, dansband, musicals","Mamma Mia!",1999-01-01,72,15,0,89,0,10,-10,F Major,4,1WAfSKWgE5IbNPfVUIWeUd,GBAKW9900305,no
104,"Way Back Into Love (Demo Version)","Hugh Grant and Drew Barrymore",204,4B,44,2025-11-26,04:12,28,"","Music And Lyrics - Music From The Motion Picture",2006-02-13,48,74,0,37,10,20,-7,G#/A♭ Major,4,3LkfDWO0x8QnTvHJQp4luB,USAT20700314,no
105,"PoP! Goes My Heart","Hugh Grant",126,10A,90,2025-11-26,03:16,38,"","Music And Lyrics - Music From The Motion Picture",2006-02-13,76,3,0,95,0,10,-4,B Minor,4,7AsKjS0SMjZSE6FxjYZBdA,USAT20700310,no
106,"I Just Don't Care That Much","Matt Maeson",120,8B,72,2025-11-26,03:25,48,"","Bank On The Funeral",2019-04-05,82,9,0,62,0,40,-4,C Major,4,3CMAfzKrxKC9reX2B6x6OF,USAT21900730,yes
107,"Hallucinogenics","Matt Maeson",121,8B,65,2025-11-26,03:07,73,"","Bank On The Funeral",2019-04-05,55,46,0,29,0,10,-7,C Major,4,6bLU8e0LGyztE9iD5DWBQ1,USAT21801088,yes
108,"Cringe","Matt Maeson",126,7B,47,2025-11-26,03:36,71,"","Bank On The Funeral",2019-04-05,73,7,0,44,0,0,-8,F Major,4,12rhvKDK2FfHTZZ1sSAHDG,USAT21603312,no
109,"The Mask","Matt Maeson",148,10B,59,2025-11-26,03:24,45,"","Bank On The Funeral",2019-04-05,58,29,0,46,0,0,-7,D Major,3,0jHieRglaHjl3bopesFBc7,USAT21812693,yes
110,"Legacy","Matt Maeson",114,11B,65,2025-11-26,02:49,54,"","Bank On The Funeral",2019-04-05,62,1,0,55,10,30,-5,A Major,4,373CjBoI0zDFNIXm57NdOY,USAT21900733,no
111,"Beggar's Song","Matt Maeson",145,2B,46,2025-11-26,03:55,61,"","Bank On The Funeral",2019-04-05,45,60,0,27,0,0,-7,F#/G♭ Major,4,4NK49OnNDP3oJcTGs89XSg,USAT21900734,no
112,"Get Happy","Matt Maeson",168,11B,87,2025-11-26,03:48,47,"","Get Happy",2023-06-29,42,14,0,35,10,0,-6,A Major,4,1C1PabZfidunDI3xEj0D0H,USAT22305745,no
113,"Cut Deep","Matt Maeson",160,9A,83,2025-11-26,02:56,53,"","Never Had to Leave",2022-08-26,58,57,0,60,10,0,-4,E Minor,4,2Y2nvGDYoKXihBx5KBIugX,USAT22207424,no
114,"Me and My Friends Are Lonely (Live)","Matt Maeson",140,4B,62,2025-11-26,02:55,29,"","That's My Cue: A Solo Experience",2024-09-27,51,59,0,52,0,70,-6,G#/A♭ Major,4,6R0HCnRKGxOaTkdbXUKoLL,USAT22405408,no
115,"Cliffy (Live)","Matt Maeson",120,11B,43,2025-11-26,03:40,28,"","That's My Cue: A Solo Experience",2024-09-27,62,34,0,27,0,70,-7,A Major,4,7wEC4SpAsL1KRqnAyCIFhG,USAT22405410,no
116,"Unconditional (Live)","Matt Maeson",116,2B,40,2025-11-26,04:35,28,"","That's My Cue: A Solo Experience",2024-09-27,78,39,0,17,0,70,-7,F#/G♭ Major,4,2boS7VVWHwxAxNjigR9MUu,USAT22405412,no
117,"Grave Digger (Stripped) - Bonus Track","Matt Maeson",70,11A,28,2025-11-26,03:52,38,"","Bank On The Funeral (Stripped)",2019-10-18,60,79,0,45,0,10,-8,F#/G♭ Minor,4,39jbD69lvUv1d2EkbMyGuI,USAT21905847,no
118,"How to Save a Life","The Fray",122,6B,74,2025-11-26,04:22,85,"","How To Save A Life",2005-09-13,64,27,0,36,0,10,-4,A#/B♭ Major,4,5fVZC9GiM4e8vu99W0Xf6J,USSM10601178,no
119,"Singing Low","The Fray",90,6A,59,2025-11-26,04:23,44,"","Singing Low",2016-09-09,53,41,0,28,0,10,-5,G Minor,4,3EyxoXTZuR5kBZcJDRC8wm,USSM11607271,no
120,"Hey There Delilah","Plain White T's",104,10B,29,2025-11-26,03:52,88,"","All That We Needed",2005-01-25,66,87,0,30,0,10,-11,D Major,4,4RCWB3V8V0dignt99LZ8vH,US5260507213,no
121,"Lips Of An Angel","Hinder",129,10B,74,2025-11-26,04:21,80,"post-grunge","Extreme Behavior",2005-01-01,48,2,0,25,0,20,-5,D Major,4,40LQiUUUKXVGyNs09lHVjW,USUM70503185,no
122,"Chasing Cars","Snow Patrol",104,11B,60,2025-11-26,04:27,86,"","Eyes Open",2006-01-01,56,20,0,14,0,10,-5,A Major,4,5hnyJvgoWiQUYZttV4wXy6,GBUM70600345,no
123,"Iris","The Goo Goo Dolls",156,10A,72,2025-11-26,04:49,95,"","Dizzy up the Girl",1998-00-00,32,0,0,50,0,0,-8,B Minor,3,6Qyc6fS4DsZjB2mRW9DsQs,USWB19800160,no
124,"Breakeven","The Script",94,6B,70,2025-11-26,04:21,84,"","The Script",2008-07-14,63,14,0,49,0,0,-5,A#/B♭ Major,4,285hMzLhJwHVLe9QT9qilk,GBARL0800147,no
125,"For the First Time","The Script",174,11B,63,2025-11-26,04:12,66,"","Science & Faith (US Version)",2011-01-18,40,3,0,36,0,10,-5,A Major,4,09ZcYBGFX16X8GMDrvqQwt,GBARL1000776,yes
126,"I'm with You","Avril Lavigne",152,11B,41,2025-11-26,03:43,79,"","Let Go",2002-06-04,46,8,0,21,0,10,-7,A Major,3,1jlG3KJ3gdYmhfuySFfpO1,USAR10200224,no
127,"I Follow Rivers","Lykke Li",122,8A,53,2025-11-26,03:48,69,"","Wounded Rhymes",2011-00-00,60,48,0,61,0,20,-14,A Minor,4,336ZYcU6poBWi3s8yzRcAD,SEVUM1000502,no
128,"Truly Madly Deeply","Savage Garden",168,8B,61,2025-11-26,04:36,77,"","Savage Garden (Original Version)",1997-00-00,60,32,0,66,0,10,-6,C Major,4,2ntpyUU3itxHWcJnOJmVic,AURQ09700005,no
129,"Santa Monica","Savage Garden",124,11B,39,2025-11-26,03:34,41,"","Savage Garden",1997-03-04,83,47,0,58,0,10,-9,A Major,4,2008eq0EFxWor0C9IhbgAZ,USSM19700114,no
130,"The Reason","Hoobastank",83,12B,67,2025-11-26,03:52,87,"nu metal","The Reason (20th Anniversary)",2024-01-12,47,1,0,7,0,10,-5,E Major,4,5B5eTk7DF8KVp1zpQoY1XY,USIR20300704,no
131,"It's Not Over","Daughtry",146,3A,92,2025-11-26,03:35,72,"post-grunge","Daughtry (Deluxe Edition)",2006-00-00,43,5,0,29,0,20,-3,A#/B♭ Minor,4,234RqTZmnDTnxWlVciXHLD,GBCTA0600228,no
132,"Candy","Mandy Moore",100,9B,84,2025-11-26,03:54,57,"","So Real",1999-10-25,81,18,0,68,0,10,-4,G Major,4,2YhE6xeWN0R9RVwEOG9lR1,USSM19901378,no
133,"Total Eclipse of the Heart","Bonnie Tyler",130,4B,72,2025-11-26,04:27,85,"","The Very Best of Bonnie Tyler",2009-03-26,43,14,0,19,0,30,-6,G#/A♭ Major,4,7wuJGgpTNzbUyn26IOY6rj,GBBBN8300002,no
134,"Wake Me up When September Ends","Green Day",105,9B,81,2025-11-27,04:45,84,"punk, pop punk","American Idiot",2004-09-21,55,2,0,15,0,10,-5,G Major,4,3ZffCQKLFLUvYM59XKLbVm,USRE10400992,no
135,"All The Small Things","blink-182",149,8B,90,2025-11-27,02:47,86,"pop punk, punk, rock, skate punk, emo","Enema Of The State",1999-06-01,43,1,0,69,0,60,-5,C Major,4,2m1hi0nfMR9vdGC8UcrnwU,USMC19959123,no
136,"Livin' On A Prayer","Bon Jovi",123,8B,86,2025-11-27,04:10,84,"glam metal","Slippery When Wet (Deluxe Edition)",1986-00-00,53,0,0,64,0,20,-4,C Major,4,0ee1DiZF94NSqqpG0XHUzH,USPR38619998,no
137,"Have A Nice Day","Bon Jovi",130,12B,90,2025-11-27,03:49,66,"glam metal","Have A Nice Day",2005-01-01,50,0,0,57,0,0,-4,E Major,4,06Zz2l7cVTCTgCNDe1bnEF,USUM70502481,no
138,"Don't Let the Sun Go Down on Me","George Michael,Elton John",135,8B,55,2025-11-27,05:46,69,"","Ladies & Gentlemen",1998-11-09,44,49,0,26,0,50,-8,C Major,4,7xGOvQukPKKQVLiJOPSmt0,GBBBM9102004,no
139,"Babe","Styx",169,10B,20,2025-11-27,04:25,70,"classic rock, aor, progressive rock","Cornerstone",1979-01-01,27,53,0,9,0,0,-14,D Major,4,5W7YROOF6bFfBexY81LFjt,USAM17900358,no
140,"The Most Beautiful Girl","Charlie Rich",103,9B,32,2025-11-27,02:47,61,"classic country, traditional country","Behind Closed Doors",1972-00-00,58,66,0,41,0,10,-14,G Major,4,542C7PqR1oEfl63hlhQO4V,USSM19928824,no
141,"On The Sunny Side Of The Street - Remastered","Frank Sinatra",120,6B,21,2025-11-27,02:42,58,"christmas, big band, adult standards, swing music, jazz, vocal jazz","Come Swing With Me! (Remastered)",1961-07,61,62,0,68,0,10,-14,A#/B♭ Major,4,6Q4m72Zmjc28NUgqOTcBoT,USCA29900890,no
142,"Witchcraft","Frank Sinatra",116,8B,32,2025-11-27,02:52,47,"christmas, big band, adult standards, swing music, jazz, vocal jazz","Ultimate Sinatra",2015-04-17,52,61,0,31,0,10,-8,C Major,4,0H2uVxEEvuRRYLhowu78jf,USCA29901320,no
143,"Summer Wind - 2008 Remastered","Frank Sinatra",89,6A,41,2025-11-27,02:55,51,"christmas, big band, adult standards, swing music, jazz, vocal jazz","Nothing But The Best (2008 Remastered)",2008-05-13,42,37,0,56,0,10,-9,G Minor,4,2vXVfpRRCin0m7b26He4aw,USRH10723030,no
144,"Mack the Knife","Bobby Darin",83,2A,53,2025-11-27,03:04,66,"big band, adult standards, swing music, doo-wop","That's All",1959-00-00,55,76,0,46,10,20,-12,D#/E♭ Minor,4,3E5ndyOfO6vFDEIE42HA8o,USEW10000025,no
145,"Time Of The Season","The Zombies",121,9A,92,2025-11-27,04:42,45,"baroque pop, psychedelic rock","Odessey & Oracle - 40th Anniversary Concert (Live)",2008-06-30,37,1,1,68,0,90,-5,E Minor,4,6PB3mgiLi6wfAopicqBNqH,GBDXU0800013,no
146,"Beautiful In My Eyes","Joshua Kadison",142,5B,38,2025-11-27,04:09,63,"","Painted Desert Serenade",1993-01-01,58,60,0,28,0,10,-10,D#/E♭ Major,4,5o8gWPZxr4GZFslU85YMmu,USSB29300148,no
147,"Behind Blue Eyes","The Who",127,9A,62,2025-11-27,03:41,71,"classic rock, rock","Who's Next (Deluxe Edition)",1971-08-14,39,21,0,34,0,0,-8,E Minor,4,0cKk8BKEi7zXbdrYdyqBP5,GBAKW7100099,no
148,"You're Beautiful","James Blunt",82,5A,48,2025-11-27,03:29,80,"","Back to Bedlam",2005-08-08,68,63,0,45,0,0,-10,C Minor,4,0vg4WnUWvze6pBOJDTq99k,USAT20401588,yes
149,"High","James Blunt",81,6B,60,2025-11-27,04:03,61,"","Back to Bedlam",2005-08-08,54,26,0,45,0,10,-6,A#/B♭ Major,4,13yEuYLJYxPCLJR0KNOqpk,USAT20401587,no
150,"A Thousand Miles","Vanessa Carlton",95,1B,83,2025-11-27,03:57,84,"","Be Not Nobody",2002-04-30,56,32,0,27,0,10,-4,B Major,4,4w1lzcaoZ1IC2K5TwjalRP,USIR10210955,no
151,"Closing Time","Semisonic",92,9B,84,2025-11-27,04:33,76,"","Feeling Strangely Fine (20th Anniversary Edition)",1998-03-24,44,8,0,28,0,10,-7,G Major,4,6liaHE9iHh23PLVvw7lK8V,USUM71810665,no
152,"Are You Happy Now?","Michelle Branch",180,4B,83,2025-11-27,03:50,58,"","Hotel Paper",2003-06-24,48,0,0,72,0,0,-5,G#/A♭ Major,4,5B7XIcS5T76NJZFOHX30Io,USMV20300061,no
153,"Tuesday Morning","Michelle Branch",171,9B,91,2025-11-27,04:42,23,"","Hotel Paper (Deluxe Edition)",2003-06-24,40,1,0,40,0,10,-4,G Major,4,6UPqCpQzwn1iWX5Y3EWGhJ,USMV20300064,no
154,"Beautiful","Christina Aguilera",76,4A,57,2025-11-27,03:58,71,"","Stripped",2002-07-19,46,58,0,10,0,10,-4,F Minor,4,3TCauNPqFiniaYHBvEVoHG,USRC10201067,no
155,"Fighter","Christina Aguilera",189,9A,92,2025-11-27,04:05,70,"","Stripped",2002-07-19,44,24,0,45,20,50,-1,E Minor,4,7nXq1vaZiz7PdbfojpPjW5,USRC10201072,no
156,"Eyes on Fire","Blue Foundation",145,2A,38,2025-11-27,05:02,70,"","Life Of A Ghost",2007-09-24,54,67,0,37,0,10,-10,D#/E♭ Minor,4,3XHrTm6WE2BOHafLwTT3GR,DKABA0700900,no
157,"Fire in Your New Shoes (feat. Martina Sorbara)","Kaskade,Martina Sorbara",128,7A,60,2025-11-27,02:39,39,"edm, ","Dynasty",2010-00-00,81,6,0,74,0,0,-6,D Minor,4,1ZHeBhh56eqc7RKC4RnOBw,USUS11000140,no
158,"Hello (feat. Dragonette)","Martin Solveig,Dragonette",128,5B,98,2025-11-27,03:11,73,"french house, ","Hello",2010-12-14,67,1,0,45,0,10,-3,D#/E♭ Major,4,3sl4dcqSwxHVnLfqwF2jly,FR2PA1000030,no
159,"Shut Up and Let Me Go","The Ting Tings",108,9B,93,2025-11-27,02:51,45,"alternative dance","We Started Nothing",2008-07-29,85,1,0,89,0,0,-4,G Major,4,6tN0t7Y1bFI1ZU98Ou8Z3i,GBARL0800134,no
160,"Mad World - Live at Glam Nation","Adam Lambert",114,9B,83,2025-11-27,02:54,38,"","Acoustic Live!",2010-12-03,53,38,0,16,0,90,-5,G Major,4,4n8Syhm2XQOvenU8SnVAhZ,GBCTA1000339,no
161,"Whataya Want from Me","Adam Lambert",186,10A,68,2025-11-27,03:47,64,"","For Your Entertainment",2009-11-23,44,1,0,45,0,0,-5,B Minor,4,2rDwdvBma1O1eLzo29p2cr,GBCTA0900344,no
162,"look up","Joy Oladokun",120,8B,30,2025-11-27,03:33,61,"","in defense of my own happiness",2021-06-04,45,83,0,20,0,10,-10,C Major,3,0oEji7lz6paMOdk97XEK4Z,GBKPL2023247,no
163,"Parade","Lee DeWyze",78,1A,52,2025-11-27,02:40,12,"","Ghost Stories",2021-08-13,59,71,0,23,0,10,-10,G#/A♭ Minor,3,1gJDDQn07jdAYHo2mIpCgx,USA2P2127560,no
164,"All Is Well","Lee DeWyze",98,11B,45,2025-11-27,04:37,16,"","Gone For Days",2024-09-13,50,36,0,40,0,10,-10,A Major,4,1shQJCEpSRUJBPhj017fzU,USA2P2450086,no
165,"Worth Waiting","Lee DeWyze",122,10B,47,2025-11-27,02:56,0,"","What Once Was",2012-02-14,60,84,0,38,0,10,-7,D Major,4,0TZulpGlWzs62ap04f7xJH,USZXT1134792,no
166,"Blackbird Song","Lee DeWyze",146,8A,20,2025-11-27,04:14,51,"","Blackbird Song",2015-03-27,26,26,43,18,0,30,-14,A Minor,4,685WYfzmOeDOF4laU8UuOv,USVG21403526,no
167,"Main Title Theme Song (UNKLE Remix) - The Walking Dead Soundtrack","Bear McCreary",182,4B,52,2025-11-27,04:23,36,"celtic, soundtrack","The Walking Dead (AMC’s Original Soundtrack – Vol. 1)",2013-01-01,42,2,82,8,0,0,-12,G#/A♭ Major,4,1KTnIQsGoYZ7GtSZ7k7HWL,USUM71300668,no
168,"Bohemian Rhapsody - Remastered 2011","Queen",144,5A,40,2025-11-27,05:54,79,"classic rock, rock, glam rock","A Night At The Opera (Deluxe Remastered Version)",1975-11-21,39,29,0,23,0,20,-10,C Minor,4,7tFiyTwD0nx5a1eklYtX2J,GBUM71029604,no
169,"Body Language - Remastered 2011","Queen",133,3B,54,2025-11-27,04:31,39,"classic rock, rock, glam rock","Hot Space (Deluxe Remastered Version)",1982-05-03,83,4,1,36,0,10,-10,C♯/D♭ Major,4,2Mu43PmiJHMTNbtUjUWwOf,GBUM71103437,no
170,"You're My Best Friend - Remastered 2011","Queen",119,8B,76,2025-11-27,02:50,66,"classic rock, rock, glam rock","A Night At The Opera (Deluxe Remastered Version)",1975-11-21,52,16,1,58,0,0,-7,C Major,4,4OKf7CcYuw5H2HptkcKxcP,GBUM71029609,no
171,"Under Pressure - Remastered 2011","Queen,David Bowie",114,10B,71,2025-11-27,04:08,78,"classic rock, rock, glam rock, art rock","Hot Space (Deluxe Remastered Version)",1982-05-03,67,42,0,47,0,10,-8,D Major,4,11IzgLRXV7Cgek3tEgGgjw,GBUM71029622,no
172,"Solsbury Hill - 2002 Remastered Version","Peter Gabriel",102,1B,63,2025-11-27,04:23,28,"art rock","Hit",2003-11-04,68,35,0,46,0,20,-9,B Major,1,4NHrS7oy8SFcs4YrcBJbsf,GBCPB0100039,no
173,"In Your Eyes - 2012 Remaster","Peter Gabriel",89,10B,65,2025-11-27,05:30,65,"art rock","So (2012 Remastered)",1986-05-19,62,6,0,63,0,0,-9,D Major,4,4qN7nSAVTjPfOOz0wkRQpM,GBCPB1200871,no
174,"Don't Give Up - 2012 Remaster","Peter Gabriel",161,5B,26,2025-11-27,06:33,51,"art rock","So (25th Anniversary Deluxe Edition)",1986-05-19,54,83,0,36,0,0,-16,D#/E♭ Major,3,1wKkRvZnuVde5OYhKwTMeY,GBCPB1200865,no
175,"Red Rain - 2012 Remaster","Peter Gabriel",113,8B,74,2025-11-27,05:40,48,"art rock","So (25th Anniversary Deluxe Edition)",1986-05-19,56,4,0,38,0,0,-9,C Major,4,3RpKyeQWrZFwX2fomsq2Y8,GBCPB1200863,no
176,"Ripples","Genesis",139,11A,19,2025-11-27,08:06,35,"progressive rock, art rock","A Trick of the Tail",1976-02-02,28,15,0,12,0,10,-17,F#/G♭ Minor,4,7DwXVzYDo6GNSiEw3GGC1M,GBAAA9400420,no
177,"In Too Deep - 2007 Remaster","Genesis",104,4B,42,2025-11-27,05:02,71,"progressive rock, art rock","Invisible Touch (2007 Remaster)",1986-06-09,67,50,0,30,0,10,-10,G#/A♭ Major,4,4P0uyibZjcXZLVeNOHBd8Q,GBAAA0700782,no
178,"Follow You Follow Me - 2007 Remaster","Genesis",186,9B,70,2025-11-27,03:59,69,"progressive rock, art rock","And Then There Were Three (2007 Remaster)",1978-04-07,39,15,9,77,0,0,-11,G Major,4,6gyU6PaPpzTCUYzZcVICwk,GBAAA0700083,no
179,"That's All - 2007 Remaster","Genesis",175,9A,66,2025-11-27,04:24,79,"progressive rock, art rock","Genesis (2007 Remaster)",1983-10-03,60,24,1,77,0,10,-9,E Minor,4,2zFdsAIk9r2Mi7Lmm1w3sM,GBAAA0700785,no
180,"Misunderstanding","Genesis",121,8B,83,2025-11-27,03:11,63,"progressive rock, art rock","Duke",1980-03-28,65,23,0,77,0,20,-8,C Major,3,7zjSZQkMoGKylSq6s1rK9Y,GBAAA9400438,no
181,"In The Air Tonight - 2015 Remastered","Phil Collins",190,8B,24,2025-11-27,05:36,84,"soft rock","Face Value (Deluxe Editon)",1981-01-01,45,55,0,30,0,0,-14,C Major,4,18AXbzPzBS8Y3AkgSxzJPb,USAT21502120,no
182,"You'll Be In My Heart - From  Tarzan /Soundtrack Version","Phil Collins",97,4B,75,2025-11-27,04:18,73,"soft rock","Disney Summer Songs",2021-05-28,57,6,0,61,0,0,-7,G#/A♭ Major,4,1fTDYdx5zYfWJSX0JlKO8o,USWD10110146,no
183,"Against All Odds (Take a Look at Me Now) - 2016 Remaster","Phil Collins",116,3B,50,2025-11-27,03:26,82,"soft rock","The Singles (Expanded)",2016-10-14,58,20,0,11,0,10,-7,C♯/D♭ Major,4,63CHa6rmamv9OsehkRD8oz,USRH11603367,no
184,"We Said Hello Goodbye - 2016 Remaster","Phil Collins",142,10B,35,2025-11-27,04:21,41,"soft rock","No Jacket Required (2016 Remaster)",1985-01-25,47,78,0,12,0,0,-8,D Major,4,5KvxULNXi0YofO91RtrHsU,USRH11600253,no
185,"I Don't Care Anymore - 2016 Remaster","Phil Collins",140,1B,42,2025-11-27,05:05,62,"soft rock","Hello, I Must Be Going! (Deluxe Edition)",1982-11-05,70,19,0,44,0,0,-8,B Major,4,24IdPCimVnJJDRuB5YSDiS,USRH11509311,no
186,"Saturday in the Park - 2002 Remaster","Chicago",114,9B,76,2025-11-27,03:55,70,"yacht rock, soft rock","Chicago V (Expanded & Remastered)",1972-07-10,67,16,0,61,0,0,-7,G Major,4,4OJFkrRQqol4FsPesF8eu4,USRH10291749,no
187,"Hard to Say I'm Sorry / Get Away - 2006 Remaster","Chicago",141,12B,57,2025-11-27,05:04,77,"yacht rock, soft rock","Chicago 16 (Expanded & Remastered)",1982-06-07,40,6,0,23,0,0,-7,E Major,4,07TnWCHrFkvF61GzJuLVt0,USWB10603163,no
188,"Does Anybody Really Know What Time It Is?","Chicago",118,8B,46,2025-11-27,03:22,57,"yacht rock, soft rock","Chicago IX: Chicago's Greatest Hits",1975-11-10,56,65,0,70,0,0,-12,C Major,4,6Q6YqGj1Ku1CUGHWSFwSHY,USRH10904152,no
189,"Hard Habit to Break - 2006 Remaster","Chicago",81,10B,61,2025-11-27,04:43,65,"yacht rock, soft rock","Chicago 17 (Expanded & Remastered)",1984-05-14,58,45,0,40,0,10,-6,D Major,4,3Tows9RnoAq9CmMJaII2cO,USWB10603148,no
190,"Imagine - Remastered 2010","John Lennon",76,8B,26,2025-11-27,03:07,80,"christmas","Imagine",1971-09-09,55,91,18,17,0,0,-12,C Major,4,7pKfPomDEeI4TPT6EOYjn9,GBAYE1000769,no
191,"Stand By Me - Remastered 2010","John Lennon",105,11B,56,2025-11-27,03:31,66,"christmas","Rock 'N' Roll",1975-02-17,63,29,2,63,0,0,-10,A Major,4,3ntrdR24dLkKrzSGRv1FlH,GBAYE1000824,no
192,"Wish You Were Here","Pink Floyd",123,9B,26,2025-11-27,05:38,86,"progressive rock, psychedelic rock, classic rock, art rock, rock","Wish You Were Here",1975-09-12,48,74,1,38,0,80,-16,G Major,4,6mFkJmJqdDVQ1REhVfGgd1,GBN9Y1100088,no
193,"Another Brick in the Wall, Pt. 2","Pink Floyd",104,8B,39,2025-11-27,03:58,85,"progressive rock, psychedelic rock, classic rock, art rock, rock","The Wall",1979-11-30,69,8,0,72,0,20,-16,C Major,4,4gMgiXfqyzZLMhsksGmbQV,GBN9Y1100099,no
194,"Comfortably Numb","Pink Floyd",127,10A,37,2025-11-27,06:22,82,"progressive rock, psychedelic rock, classic rock, art rock, rock","The Wall",1979-11-30,47,15,31,17,0,0,-13,B Minor,4,5HNCy40Ni5BZJFw1TKzRsC,GBN9Y1100113,no
195,"Time","Pink Floyd",120,11B,48,2025-11-27,07:02,80,"progressive rock, psychedelic rock, classic rock, art rock, rock","The Dark Side of the Moon",1973-03-01,36,52,0,36,0,10,-12,A Major,4,3TO7bbrUKrOSPGRTB5MeCz,GBN9Y1100079,no
196,"Hey You","Pink Floyd",112,8B,30,2025-11-27,04:39,77,"progressive rock, psychedelic rock, classic rock, art rock, rock","The Wall",1979-11-30,59,22,0,19,0,10,-15,C Major,4,7F02x6EKYIQV3VcTaTm7oN,GBN9Y1100108,no
197,"Ridin' the Storm Out","REO Speedwagon",135,8A,80,2025-11-27,04:12,51,"soft rock, aor, classic rock","Ridin' the Storm Out",1973-11-09,56,2,0,61,0,50,-6,A Minor,4,0SkmxNE5ydxiEN0hzJbMac,USSM19913588,no
198,"Time for Me to Fly","REO Speedwagon",82,10B,63,2025-11-27,03:41,65,"soft rock, aor, classic rock","You Can Tune a Piano, But You Can't Tuna Fish",1978-03-16,46,5,0,46,0,10,-7,D Major,4,0cO7JEo8deKuQMWpDyjenY,USSM10012771,no
199,"Roll with the Changes","REO Speedwagon",91,8B,90,2025-11-27,05:35,62,"soft rock, aor, classic rock","You Can Tune a Piano, But You Can't Tuna Fish",1978-03-16,20,0,0,65,0,10,-6,C Major,4,16x9viSmRS3PII71Pdeowc,USSM17800947,no
200,"Can't Fight This Feeling","REO Speedwagon",156,11B,48,2025-11-27,04:54,77,"soft rock, aor, classic rock","Wheels Are Turnin'",1984-11-05,41,16,0,19,0,0,-11,A Major,4,5WwqdeavrQrbeAMDxGawse,USSM18400442,no
201,"Take It On the Run","REO Speedwagon",78,9B,76,2025-11-27,03:59,74,"soft rock, aor, classic rock","Hi Infidelity (30th Anniversary Edition)",1980-00-00,37,10,0,45,0,10,-6,G Major,4,5gys5nzVQIYhgHIfiOJYva,USSM11102620,no
202,"People Are Strange","The Doors",119,9A,47,2025-11-27,02:10,75,"psychedelic rock, classic rock, acid rock","Strange Days",1967-09-25,70,69,0,76,0,30,-9,E Minor,4,1Jmqubf9kGkWeYQXQKImL5,USEE19900740,no
203,"Break on Through (To the Other Side)","The Doors",90,11B,75,2025-11-27,02:25,74,"psychedelic rock, classic rock, acid rock","The Doors",1967-01-04,42,20,0,79,0,10,-10,A Major,4,6ToM0uwxtPKo9CMpbPGYvM,USEE19900198,no
204,"L.A. Woman","The Doors",171,10B,73,2025-11-27,07:51,69,"psychedelic rock, classic rock, acid rock","L.A. Woman",1971-04-19,35,8,0,70,0,10,-9,D Major,4,6DmfWj5kOa1fX8AwN9byOn,USEE19900768,no
205,"Truckin' - 2013 Remaster","Grateful Dead",127,10A,62,2025-11-27,05:06,61,"jam band, psychedelic rock, acid rock","American Beauty (2013 Remaster)",1970-06-01,64,39,2,68,0,0,-14,B Minor,4,1I6l01BaBgBCVkfQCpIlR6,USWB11304517,no
206,"Good Lovin' - 2013 Remaster","Grateful Dead",160,8B,64,2025-11-27,04:51,49,"jam band, psychedelic rock, acid rock","Shakedown Street",1978-00-00,70,16,2,95,0,10,-11,C Major,4,3ARngx4lU4zYSWTiXm4Yag,USRH11301586,no
207,"Casey Jones - 2013 Remaster","Grateful Dead",100,8B,41,2025-11-27,04:25,62,"jam band, psychedelic rock, acid rock","Workingman's Dead",1970-00-00,67,39,0,83,0,10,-10,C Major,4,7LbfuQVct78YoghmoPtsQ8,USWB11304507,no
208,"I Need a Miracle - 2013 Remaster","Grateful Dead",122,11B,63,2025-11-27,03:35,37,"jam band, psychedelic rock, acid rock","Shakedown Street",1978-00-00,67,38,0,84,0,70,-10,A Major,4,3B7rdnhQLLcb3N0d6LNiEl,USRH11301591,no
209,"You Can't Always Get What You Want","The Rolling Stones",86,8B,62,2025-11-27,07:28,72,"classic rock, rock","Let It Bleed",1969-12-05,32,64,0,47,0,20,-10,C Major,4,6lFZbCc7pn6Lme1NP7qQqQ,USA176910100,no
210,"Sympathy For The Devil - 50th Anniversary Edition","The Rolling Stones",116,11B,67,2025-11-27,06:18,77,"classic rock, rock","Beggars Banquet (50th Anniversary Edition)",1968-12-06,70,52,0,56,20,0,-9,A Major,4,1Ud6moTC0KyXMq1Oxfien0,USA171810010,no
211,"(I Can't Get No) Satisfaction - Mono","The Rolling Stones",136,10B,86,2025-11-27,03:42,76,"classic rock, rock","Out Of Our Heads",1965-07-30,72,4,3,93,0,10,-8,D Major,4,2PzU4IB8Dr6mxV3lHuaG34,USA176510160,no
212,"Get Off Of My Cloud - (Original Single Mono Version)","The Rolling Stones",126,12B,89,2025-11-27,02:54,44,"classic rock, rock","Singles 1965-1967",2004-07-12,57,2,46,87,0,0,-9,E Major,4,1CKvinIoExZec5pv8OHtzU,USA176510270,no
213,"Beast Of Burden - Remastered 1994","The Rolling Stones",101,12A,88,2025-11-27,04:25,81,"classic rock, rock","Some Girls",1978-06-09,78,39,0,89,0,0,-4,C♯/D♭ Minor,4,77oU2rjC5XbjQfNe3bD6so,GBCJN7800009,no
214,"Baba O'Riley","The Who",117,7B,72,2025-11-27,05:00,76,"classic rock, rock","Who's Next (Deluxe Edition)",1971-08-14,49,31,19,15,0,20,-8,F Major,4,3qiyyUfYe7CRYLucrPmulD,GBAKW7100001,no
215,"Who Are You","The Who",156,11B,66,2025-11-27,06:18,0,"classic rock, rock","Who Are You (Remastered)",1978-08-18,65,27,0,49,0,10,-11,A Major,4,3x2bXiU0o4WbsPkawXlfDA,GBAKW7801011,no
216,"My Generation - Stereo Version","The Who",97,7A,78,2025-11-27,03:18,64,"classic rock, rock","My Generation (Stereo Version)",1965-12-03,41,31,1,71,0,0,-9,D Minor,4,4u9f8hqstB7iITDJNzKhQx,GBUM71406026,no
217,"Pinball Wizard","The Who",124,10B,72,2025-11-27,03:00,68,"classic rock, rock","Tommy",1969-05-23,54,2,0,47,0,20,-9,D Major,4,6LbbHFEajG9e4m0G3L47c4,GBAKW6900102,no
218,"Love Reign O'er Me","The Who",116,3B,72,2025-11-27,05:49,56,"classic rock, rock","Quadrophenia (Super Deluxe Edition)",1973-10-19,30,20,5,22,0,0,-10,C♯/D♭ Major,4,4Mqs0h95KAeNiGp7u4udlt,GBAKW9601044,no
219,"I'm Free","The Who",112,10B,73,2025-11-27,02:39,45,"classic rock, rock","Tommy",1969-05-23,62,20,0,45,0,20,-9,D Major,4,7tbp39GZvDA0cItgHynVnG,GBAKW6900103,no
220,"The Real Me","The Who",149,4A,93,2025-11-27,03:20,50,"classic rock, rock","Quadrophenia (Super Deluxe Edition)",1973-10-19,49,6,0,57,10,30,-7,F Minor,4,4rVvheUQ2wQpn5uXX5l0gS,GBAKW9601029,no
221,"Cut My Hair","The Who",139,8B,49,2025-11-27,03:44,34,"classic rock, rock","Quadrophenia (Super Deluxe Edition)",1973-10-19,47,33,0,41,0,0,-9,C Major,4,75AhlGB9aFWTxDfbmbdiCH,GBAKW9601031,no
222,"Magic Bus - Mono Edit","The Who",92,9B,95,2025-11-27,03:22,48,"classic rock, rock","The Kids Are Alright",1979-06-08,63,0,0,72,0,20,-6,G Major,4,5PKnZzkjs2y3WTbIYtv5Fq,GBAKW6800096,no
223,"Crazy Train","Ozzy Osbourne",138,11B,91,2025-11-27,04:53,84,"metal, glam metal, heavy metal, hard rock","Blizzard Of Ozz (40th Anniversary Expanded Edition)",2020-09-18,45,41,0,52,10,20,-4,A Major,4,7ACxUo21jtTHzy7ZEV56vU,USSM11002845,no
224,"Mama, I'm Coming Home","Ozzy Osbourne",139,4B,66,2025-11-27,04:11,76,"metal, glam metal, heavy metal, hard rock","No More Tears (Expanded Edition)",1991-09-17,28,1,0,24,0,0,-7,G#/A♭ Major,4,0S3gpZzlT9Hb7CCSV2owX7,USSM19100017,no
225,"Renegade","Styx",106,6A,55,2025-11-27,04:17,74,"classic rock, aor, progressive rock","Pieces Of Eight",1978-01-01,49,2,0,66,0,0,-12,G Minor,4,1CQqupcyMg7176PPmIVmSj,USAM17800365,no
226,"Come Sail Away","Styx",120,8B,34,2025-11-27,06:07,69,"classic rock, aor, progressive rock","The Grand Illusion",1977-01-01,32,10,0,14,0,10,-16,C Major,4,0PsbWiVtix5FoTZ1s00mEl,USUMG0000438,no
227,"Michigan","Styx",130,3A,86,2025-11-27,03:03,28,"classic rock, aor, progressive rock","Circling From Above",2025-07-18,63,7,0,53,0,20,-4,A#/B♭ Minor,4,3GkmgQTR6GEsx9OMQoJYRA,USUG12502075,no
228,"Lady","Styx",137,9B,68,2025-11-27,02:57,59,"classic rock, aor, progressive rock","Styx II",1973-00-00,39,17,0,36,0,0,-7,G Major,4,1wpRglLhQ092N1rftlDMD3,USUG10500011,no
229,"American Pie","Don McLean",138,9B,51,2025-11-27,08:35,68,"","The Best Of Don McLean",1988-01-01,53,60,0,50,0,10,-11,G Major,4,2QgWuCtBpNIpl5trmKCxRf,USEM38600088,no
230,"Cat's in the Cradle","Harry Chapin",78,6B,58,2025-11-27,03:42,71,"singer-songwriter","Verities & Balderdash",1974-00-00,49,23,0,51,0,10,-10,A#/B♭ Major,4,2obblQ6tcePeOEVJV6nEGD,USEE10180356,no
231,"Sweet Caroline","Neil Diamond",63,1B,13,2025-11-27,03:23,81,"","Sweet Caroline",1969-06-06,53,61,0,58,0,20,-16,B Major,4,62AuGbAkt8Ox2IrFFb8GKV,USMC16991138,no
232,"Stairway to Heaven - Remaster","Led Zeppelin",82,8A,34,2025-11-27,08:02,84,"classic rock, rock, hard rock, rock and roll","Led Zeppelin IV (Deluxe Edition)",1971-11-08,34,58,0,20,0,10,-12,A Minor,4,5CQ30WqJwcep0pYcV4AMNc,USAT21300959,no
233,"Whole Lotta Love - 1990 Remaster","Led Zeppelin",90,11B,90,2025-11-27,05:33,80,"classic rock, rock, hard rock, rock and roll","Led Zeppelin II (1994 Remaster)",1969-10-22,41,5,13,42,40,40,-12,A Major,4,0hCB0YR03f6AmQaHbwWDe8,USAT29900471,no
234,"Going to California - Remaster","Led Zeppelin",78,10B,27,2025-11-27,03:32,73,"classic rock, rock, hard rock, rock and roll","Led Zeppelin IV (Deluxe Edition)",1971-11-08,50,94,5,52,0,0,-16,D Major,4,70gbuMqwNBE2Y5rkQJE9By,USAT21300962,no
235,"We've Got Tonight","Bob Seger",130,1B,45,2025-11-27,04:41,64,"classic rock","Stranger In Town",1978-05-05,52,27,0,33,0,20,-6,B Major,4,3mj46XKJ2aEm1z7ZvbwyLi,USCA28600274,no
236,"Beautiful Loser","Bob Seger",118,9B,66,2025-11-27,03:27,52,"classic rock","Beautiful Loser",1975-04-05,60,18,0,62,0,0,-7,G Major,4,5PkcQSAfcsA14rq6pKZ9bz,USCA28800317,no
237,"School's Out","Alice Cooper",134,7B,75,2025-11-27,03:30,71,"glam rock, hard rock, glam metal, proto-punk, classic rock","School's Out",1972-00-00,29,5,13,35,0,60,-9,F Major,4,5Z8EDau8uNcP1E8JvmfkZe,USWB19900782,no
238,"The Joker","Steve Miller Band",83,7B,45,2025-11-27,04:24,80,"classic rock","The Joker",1973-01-01,60,37,0,80,0,20,-10,F Major,4,1bp2IO61zbQrbWNmKKxg3f,USCA29100532,no
239,"If It Makes You Happy","Sheryl Crow",95,9B,68,2025-11-27,05:23,70,"","Sheryl Crow",1996-01-01,54,5,0,29,0,10,-7,G Major,4,5XrfFo0JFOnWD9ZMNXGkQh,USAM19604339,no
240,"Leather and Lace","Stevie Nicks,Don Henley",153,5B,48,2025-11-27,03:54,55,"yacht rock","Crystal Visions...The Very Best of Stevie Nicks",2007-03-27,49,69,0,37,0,10,-7,D#/E♭ Major,4,6L5c6wFGDQswebVAS3BmUw,USAT28300039,no
241,"Edge of Seventeen - 2016 Remaster","Stevie Nicks",111,8B,80,2025-11-27,05:29,81,"","Bella Donna (2016 Remastered)",1981-07-27,59,33,0,66,0,0,-7,C Major,4,7L3b6iaVhDVjfo52Hbvh9Z,USRH11604198,no
242,"She Talks To Angels","The Black Crowes",160,12B,52,2025-11-27,05:29,72,"southern rock, jam band, rock","Shake Your Money Maker",1990-02-13,58,6,0,32,0,20,-6,E Major,4,5NK8jad728pj6YeqM5VJD4,USSM19000345,no
243,"Hotel California - 2013 Remaster","Eagles",147,10B,51,2025-11-27,06:31,89,"classic rock, yacht rock, soft rock","Hotel California (2013 Remaster)",1976-12-08,58,1,0,61,0,0,-9,D Major,4,40riOy7x9W7GXjyGp4pjAv,USEE11300353,no
244,"Peaceful Easy Feeling - 2013 Remaster","Eagles",143,12B,63,2025-11-27,04:17,75,"classic rock, yacht rock, soft rock","Eagles (2013 Remaster)",1972-06-01,57,49,0,87,0,20,-12,E Major,4,40h65HAR8COEoqkMwUUQHu,USEE11300322,no
245,"I Won't Back Down","Tom Petty",114,9B,48,2025-11-27,02:58,78,"classic rock","Full Moon Fever",1989-01-01,77,5,0,97,0,10,-13,G Major,4,7gSQv1OHpkIoAdUiRLdmI6,USMC18925675,no
246,"Don't Stand So Close To Me","The Police",140,10B,51,2025-11-27,04:02,74,"","Zenyatta Mondatta (Remastered 2003)",1980-10-03,80,5,0,52,0,0,-9,D Major,4,5veJDT0MLsLbhYsx42GXUD,GBAAM0201148,no
247,"Wanted Dead Or Alive","Bon Jovi",150,9B,80,2025-11-27,05:08,73,"glam metal","Slippery When Wet",1986-08-16,25,13,1,26,0,30,-4,G Major,4,0oerlffJSzhRVvtDfLcp3N,USPR39402222,no
248,"Free Bird","Lynyrd Skynyrd",118,8B,83,2025-11-27,09:07,83,"southern rock, classic rock, rock","Pronounced' Leh-'Nerd 'Skin-'Nerd",1973-01-01,25,7,0,34,0,0,-8,C Major,4,5EWPGh7jbTNO2wakv8LjUI,USMC17301722,no
249,"Simple Man","Lynyrd Skynyrd",120,2B,75,2025-11-27,05:56,83,"southern rock, classic rock, rock","Pronounced' Leh-'Nerd 'Skin-'Nerd",1973-01-01,42,4,0,40,0,10,-9,F#/G♭ Major,4,1ju7EsSGvRybSNEsRvc7qY,USMC17301726,no
250,"What's Your Name","Lynyrd Skynyrd",135,9B,57,2025-11-27,03:33,63,"southern rock, classic rock, rock","Street Survivors",1977-10-17,65,60,0,93,0,10,-9,G Major,4,0uZs7p6cbEUNwGMdfNj9Kk,USMC17746159,no
251,"Crocodile Rock","Elton John",150,9A,80,2025-11-27,03:55,75,"","Don't Shoot Me I'm Only The Piano Player",1973-01-22,62,3,0,97,0,0,-7,E Minor,4,6WCeFNVAXUtNczb7lqLiZU,GBAMB7200001,no
252,"Don't Go Breaking My Heart","Elton John,Kiki Dee",131,7B,84,2025-11-27,04:35,83,"","Rock Of The Westies",1975-10-24,73,15,0,78,0,0,-9,F Major,4,7HW5WIw7ZgZORCzUxv5gW5,GBALX7600007,no
253,"Rocket Man (I Think It's Going To Be A Long, Long Time)","Elton John",137,6B,53,2025-11-27,04:41,86,"","Honky Chateau",1972-05-19,60,43,0,34,0,0,-9,A#/B♭ Major,4,3gdewACMIVMEWVbyb8O9sY,GBAMB7200006,no
254,"Your Song","Elton John",128,5B,32,2025-11-27,04:01,82,"","Elton John",1970-04-10,55,83,0,32,0,10,-11,D#/E♭ Major,4,38zsOOcu31XbbYj9BIPUF1,GBAMB9500072,no
255,"Every Rose Has Its Thorn","Poison",140,2B,70,2025-11-27,04:20,63,"glam metal, glam rock","Open Up And Say . . . Ahh!",1988-05-03,45,23,0,34,0,30,-6,F#/G♭ Major,4,5qaSekPPKHIEA1Yn0qkCaC,USCA28800073,no
256,"Wild World","Yusuf / Cat Stevens",153,8B,54,2025-11-27,03:20,80,"folk rock, folk, singer-songwriter","Tea For The Tillerman (Remastered 2020)",1970-11-23,48,35,0,57,0,10,-9,C Major,4,7mjSHL2Eb0kAwiKbvNNyD9,GBUM71905965,no
257,"Kiss from a Rose","Seal",132,3A,53,2025-11-27,04:48,81,"","Seal",1994-05-31,58,68,0,22,0,30,-7,A#/B♭ Minor,3,3YKptz29AsOlm7WAVnztBh,USWB19900917,no
258,"Purple Rain","Prince",113,6B,45,2025-11-27,08:41,88,"funk rock, funk","Purple Rain",1984-06-25,37,4,0,18,0,60,-10,A#/B♭ Major,4,1uvyZBs4IZYRebHIB1747m,USWB10001880,no
259,"I Would Die 4 U","Prince",135,10B,64,2025-11-27,02:49,67,"funk rock, funk","Purple Rain",1984-06-25,71,4,0,63,0,10,-14,D Major,4,3QszJeuSyyZQmD9pY1tqpo,USWB12402102,no
260,"Kiss","Prince",111,9B,27,2025-11-27,03:46,79,"funk rock, funk","Parade - Music from the Motion Picture Under the Cherry Moon",1986-03-31,90,1,0,74,0,0,-12,G Major,4,62LJFaYihsdVrrkgUOJC05,USWB19903319,no
261,"Straight Up","Paula Abdul",96,9B,83,2025-11-27,04:11,68,"","Forever Your Girl",1988-01-01,77,27,2,76,0,0,-8,G Major,4,5xl5582IihbEZAnfj0xyso,USVI28800001,no
262,"Burning Down the House","Talking Heads",103,4A,87,2025-11-27,04:01,71,"new wave, post-punk","Burning Down the House / I Get Wild / Wild Gravity",1983-06-01,78,1,1,56,0,0,-13,F Minor,4,2VNfJpwdEQBLyXajaa6LWT,USWB10901938,no
263,"Psycho Killer","Talking Heads",123,10B,40,2025-11-27,04:20,80,"new wave, post-punk","Talking Heads '77",1977-09-16,72,6,0,94,0,10,-12,D Major,4,7dSCxR4LqkmxoBrq9MzVSD,USWB19900858,no
264,"Black Water","The Doobie Brothers",169,10B,44,2025-11-27,04:15,69,"yacht rock, classic rock, soft rock, southern rock","What Were Once Vices Are Now Habits",1974-00-00,53,23,0,67,0,0,-13,D Major,4,4p8QcNkaq2FQj8uGJ7HEDK,USWB19900754,no
265,"Long Train Runnin'","The Doobie Brothers",117,6A,91,2025-11-27,03:27,79,"yacht rock, classic rock, soft rock, southern rock","The Captain and Me",1973-00-00,57,9,0,84,0,0,-7,G Minor,4,4nXkbcTj3nyww1cHkw5RAP,USWB19900751,no
266,"Ramblin' Man","Allman Brothers Band",179,3B,82,2025-11-27,04:48,57,"southern rock, jam band, classic rock, blues rock, country rock","Brothers And Sisters (Super Deluxe)",2013-06-25,31,51,0,92,0,20,-8,C♯/D♭ Major,4,7y4CK8bbzxpyKu73WOvgHJ,USPR37330006,no
267,"Midnight Rider","Allman Brothers Band",94,9B,53,2025-11-27,03:00,66,"southern rock, jam band, classic rock, blues rock, country rock","Idlewild South (Deluxe Edition Remastered)",1970-09-18,59,21,1,68,0,20,-10,G Major,4,1hHGUdFaiJHw9hVZGJWYO2,USPR37030030,no
268,"Heard It in a Love Song","The Marshall Tucker Band",153,10B,80,2025-11-27,04:57,68,"southern rock, country rock, classic rock","Carolina Dreams",1977-01-01,55,17,0,68,0,10,-7,D Major,4,6PoHD6eS4Ux7Hx66Q3RYOb,USSE90320730,no
269,"Fire on the Mountain","The Marshall Tucker Band",102,9A,83,2025-11-27,03:56,70,"southern rock, country rock, classic rock","Searchin' for a Rainbow",1975-08-01,51,11,0,57,0,10,-6,E Minor,4,5YUIDMCtzUflSrONeYMWac,USSE90320584,no
270,"Magic Carpet Ride","Steppenwolf",112,9A,65,2025-11-27,04:31,72,"classic rock, acid rock","The Second",1968-10-01,64,14,28,80,0,0,-15,E Minor,4,4c4jJJoaiY21t2TyRZgdWS,USMC16819955,no
271,"Rock Me","Steppenwolf",126,7B,85,2025-11-27,03:38,42,"classic rock, acid rock","At Your Birthday Party",1969-00-00,60,6,1,84,0,30,-12,F Major,4,4MhaifZyR0ojpjv80l54qQ,USMC16946570,no
272,"No Sugar Tonight / New Mother Nature - 2024 Remaster","The Guess Who",101,12A,83,2025-11-27,04:53,58,"classic rock","American Woman (Expanded Edition)",1970-01-01,51,56,0,52,0,30,-9,C♯/D♭ Minor,4,3WWi5DS9mnf9u9dgx5KntP,USRC10001086,no
273,"Lean on Me","Bill Withers",75,8B,25,2025-11-27,04:17,50,"soul","The Essential Bill Withers",2013-08-20,62,81,0,45,0,10,-11,C Major,4,20kN7bu0HMO8rIVY6tEytW,USSM17200461,no
274,"You've Got a Friend","James Taylor",92,11B,28,2025-11-27,04:28,57,"folk rock, singer-songwriter, soft rock","Greatest Hits",1976-00-00,70,68,3,45,0,0,-15,A Major,4,5ONuwMIXAukbMNQCCSjjm0,USWB19900194,no
275,"Tie a Yellow Ribbon Round the Ole Oak Tree (feat. Tony Orlando) - 1998 Remastered","Dawn,Tony Orlando",88,7B,62,2025-11-27,03:26,63,"","Tuneweaving",1973-05-12,56,28,0,68,0,10,-12,F Major,4,12UzVR0M7asW2MHAZRJk0I,USAR19800305,no
276,"Knock Three Times","Tony Orlando & Dawn",123,3B,58,2025-11-27,03:00,54,"","The Definitive Collection",1998-10-27,78,15,0,93,0,10,-10,C♯/D♭ Major,4,6gvfXd7pEUSPuNEMWwOJUH,USAR19800302,no
277,"I Think I Love You","The Partridge Family",203,5B,47,2025-11-27,02:53,42,"bubblegum pop","Come On Get Happy! The Very Best Of The Partridge Family",2005-05-03,43,42,0,78,0,10,-12,D#/E♭ Major,4,2hb6LFp0TwBjkhf37od4G3,USAR17400001,no
278,"Sing","Carpenters",140,5B,28,2025-11-27,03:18,54,"christmas, adult standards","Now & Then (Reissue)",1973-05-01,51,91,0,32,0,10,-17,D#/E♭ Major,4,386bIxJPFIr5pVuVQTZIOm,USAM17300075,no
279,"Killing Me Softly With His Song","Roberta Flack",122,4A,38,2025-11-27,04:46,77,"adult standards, classic soul","Killing Me Softly",1973-00-00,48,73,0,33,0,0,-10,F Minor,4,3gsCAGsWr6pUm1Vy7CPPob,USAT29901394,no
280,"I Will Always Love You","Whitney Houston",68,12B,21,2025-11-27,04:31,81,"","The Bodyguard - Original Soundtrack Album",1992-11-17,33,85,0,11,0,0,-13,E Major,4,4eHbdreAnSOrDDsFfc4Fpm,USAR19200110,no
281,"I Wanna Dance with Somebody (Who Loves Me)","Whitney Houston",119,3B,82,2025-11-27,04:52,87,"","Whitney",1987-06-02,71,21,0,87,0,0,-9,C♯/D♭ Major,4,2tUBqZG2AbRi7Q0BIrVrEj,USAR18700121,no
282,"Greatest Love of All","Whitney Houston",131,11B,31,2025-11-27,04:57,73,"","Whitney Houston",1985-02-14,50,48,0,25,0,10,-16,A Major,4,6yJxCltgtmGxIgKOS6ndnu,USAR18500139,no
283,"What's Love Got to Do with It","Tina Turner",98,3B,41,2025-11-27,03:46,71,"","What's Love Got to Do with It?",1993-00-00,85,22,0,79,0,0,-12,C♯/D♭ Major,4,4kOfxxnW1ukZdsNbCKY9br,USCA28400002,no
284,"I Will Survive","Gloria Gaynor",117,8A,78,2025-11-27,04:56,81,"disco","Love Tracks",1978-11-27,77,2,0,80,0,30,-10,A Minor,4,7rIovIsXE6kMn629b7kDig,USUR10200634,no
285,"I Will Survive","Enrique Iglesias",106,3B,87,2025-11-27,03:42,40,"latin pop, latin","Escape",2001-01-01,69,14,0,35,0,0,-3,C♯/D♭ Major,4,0SRVlshKE1DW7SZEhX7nyW,USIR10120229,no
286,"Escape","Enrique Iglesias",126,1B,85,2025-11-27,03:28,59,"latin pop, latin","Escape",2001-01-01,78,3,0,88,0,10,-5,B Major,4,6KRi6CBUitENJB4HQbSVSD,USIR10120228,no
287,"Maybe","Enrique Iglesias",91,2B,79,2025-11-27,03:14,18,"latin pop, latin","Escape",2001-01-01,51,38,0,44,0,10,-4,F#/G♭ Major,4,2oPrurrsBCgisi9kgTxmUk,USIR10120233,no
288,"Don't You Forget About Me","Enrique Iglesias",90,11A,27,2025-11-27,03:10,27,"latin pop, latin","Insomniac",2007-01-01,70,75,0,32,0,10,-12,F#/G♭ Minor,4,41pS2CtGDq71My2B5YYYIg,USUM70734418,no
289,"Ring My Bells","Enrique Iglesias",115,11A,63,2025-11-27,03:55,42,"latin pop, latin","Insomniac",2007-01-01,82,11,0,43,0,0,-7,F#/G♭ Minor,4,5DbUPekbGprJNwubQHaFtU,USUM70734408,no
290,"Poker Face","Lady Gaga",119,12B,81,2025-11-27,03:57,83,"art pop, pop","The Fame",2008-01-01,85,12,0,77,0,10,-5,E Major,4,5R8dQOPq8haW94K7mgERlO,USUM70824409,yes
291,"Paparazzi","Lady Gaga",115,4A,69,2025-11-27,03:28,78,"art pop, pop","The Fame",2008-01-01,76,11,0,40,0,0,-4,F Minor,4,7Hqig8kp32q2Ire3ECQvWM,USUM70824408,yes
292,"Alejandro","Lady Gaga",99,10A,80,2025-11-27,04:34,67,"art pop, pop","The Fame Monster (Deluxe Edition)",2009-08-05,63,0,0,37,0,30,-7,B Minor,4,4lwavw59UjXUPJZtKNdFYp,USUM70905526,no
293,"Just Dance","Lady Gaga,Colby O'Donis",119,12A,74,2025-11-27,04:01,57,"art pop, pop, ","The Fame Monster (Deluxe Edition)",2009-11-05,82,3,0,75,0,10,-5,C♯/D♭ Minor,4,3QuEpyj4kTRWiWuckd1hcK,USUM70807646,no
294,"Always Remember Us This Way","Lady Gaga",130,8B,50,2025-11-27,03:30,86,"art pop, pop","A Star Is Born Soundtrack (Without Dialogue)",2018-10-05,55,30,0,29,0,70,-6,C Major,4,2rbDhOo9Fh61Bbu23T2qCk,USUM71813195,no
295,"Sunday Morning","Maroon 5",88,8B,77,2025-11-28,04:04,85,"pop","Songs About Jane: 10th Anniversary Edition",2002-00-00,61,9,0,81,0,0,-5,C Major,4,5qII2n90lVdPDcgXEEVHNy,USJAY0300086,no
296,"Payphone","Maroon 5,Wiz Khalifa",110,12B,76,2025-11-28,03:51,71,"pop, ","Overexposed",2021-06-20,74,1,0,52,0,30,-5,E Major,4,1LmN9SSHISbtp9LoaR5ZVJ,USUM71203347,yes
297,"Won't Go Home Without You","Maroon 5",110,5B,61,2025-11-28,03:51,72,"pop","It Won't Be Soon Before Long.",2007-01-01,74,2,0,41,0,10,-4,D#/E♭ Major,4,0tuyEYTaqLxE41yGHSsXjy,USUM70731562,no
298,"Sad","Maroon 5",112,9B,26,2025-11-28,03:14,43,"pop","Overexposed (Deluxe)",2012-01-01,78,80,0,33,0,10,-9,G Major,4,2EUxbBRKE07EOWW8mBkg5q,USUM71204777,no
299,"Goodnight Goodnight","Maroon 5",95,10B,70,2025-11-28,04:03,45,"pop","It Won't Be Soon Before Long.",2007-01-01,59,4,0,27,0,10,-4,D Major,4,0Bw6iiL5mYvq5I8VCaspqG,USUM70731565,no
300,"Harder To Breathe","Maroon 5",150,12A,91,2025-11-28,02:53,71,"pop","Songs About Jane: 10th Anniversary Edition",2002-00-00,66,5,0,97,0,0,-5,C♯/D♭ Minor,4,4V9JDRqKjN8F2HWdlEDxvI,USJAY0300079,yes
301,"Makes Me Wonder","Maroon 5",114,9B,85,2025-11-28,03:31,66,"pop","It Won't Be Soon Before Long.",2007-01-01,80,0,0,88,0,0,-2,G Major,4,1lHXlGlve5Zx8tXLhyjDwM,USUM70729755,yes
302,"Sweetest Goodbye","Maroon 5",164,2A,82,2025-11-28,04:30,46,"pop","Songs About Jane: 10th Anniversary Edition",2002-00-00,56,15,0,72,10,10,-6,D#/E♭ Minor,4,6b9NzxGrLgueouFOAr5Jw3,USJAY0300090,no
303,"Not Falling Apart","Maroon 5",120,9B,71,2025-11-28,04:03,39,"pop","It Won't Be Soon Before Long.",2007-01-01,76,1,0,42,0,0,-5,G Major,4,6RFxg84B3wA2zUs9RrVOTZ,USUM70731566,no
304,"This Love","Maroon 5",95,4A,86,2025-11-28,03:26,89,"pop","Songs About Jane: 10th Anniversary Edition",2002-00-00,71,5,0,81,0,0,-5,F Minor,4,6ECp64rv50XVz93WvxXMGF,USJAY0300080,no
305,"Never Gonna Leave This Bed","Maroon 5",117,1B,81,2025-11-28,03:16,41,"pop","Hands All Over (Deluxe)",2011-01-01,61,11,0,46,0,20,-4,B Major,4,6f20Pw1naYO4xkCyHa8AxA,USUM71019656,no
306,"Secret","Maroon 5",88,7B,44,2025-11-28,04:55,52,"pop","Songs About Jane",2002-06-25,42,26,0,15,0,10,-8,F Major,4,64i1dyG9Td5z5Q0TCG17Pb,USJAY0300087,no
307,"The Sun","Maroon 5",80,9B,73,2025-11-28,04:11,52,"pop","Songs About Jane",2002-06-25,53,5,0,56,0,0,-6,G Major,4,6cX1zmXxkfhSvHW82U5CW6,USJAY0300084,no
308,"Nothing Lasts Forever","Maroon 5",96,9A,76,2025-11-28,03:07,49,"pop","It Won't Be Soon Before Long.",2007-01-01,60,35,0,56,0,0,-5,E Minor,4,6zaKzSQwWtxqAvBvoubEWo,USUM70731563,no
309,"Misery","Maroon 5",103,9A,81,2025-11-28,03:36,48,"pop","Hands All Over (Deluxe)",2011-01-01,70,0,0,73,0,20,-5,E Minor,4,3EgODk377wwLhTO2BtN9nt,USUM71015280,no
310,"Just A Feeling","Maroon 5",150,5B,62,2025-11-28,03:46,11,"pop","Hands All Over",2010-01-01,60,15,0,29,0,10,-5,D#/E♭ Major,4,5fvbLe4bIfFR4B5iB2EQSe,USUM71019661,no
311,"Runaway","Maroon 5",100,10A,84,2025-11-28,03:01,29,"pop","Hands All Over (Deluxe)",2011-01-01,66,1,0,59,0,10,-4,B Minor,4,6A3Il4B3GLSy7argIx0Qxx,USUM71019662,no
312,"Middle Ground","Maroon 5",150,10B,49,2025-11-28,03:39,49,"pop","Middle Ground",2023-05-19,32,59,0,28,0,0,-6,D Major,3,3xiccJ9jlTVwC8Yl66eGv5,USUM72306830,no
313,"One Light (feat. Bantu)","Maroon 5,Bantu",106,6B,64,2025-11-28,03:34,44,"pop, afro house","JORDI (Deluxe)",2021-06-11,81,11,0,60,0,0,-6,A#/B♭ Major,4,6PyFYTEo8X3inQ4hQvA8md,USUM72106318,no
314,"Lost Stars","Adam Levine",82,8B,58,2025-11-28,04:27,57,"","Lost Stars",2014-06-23,50,11,0,40,0,0,-5,C Major,4,7rdGrVIoqwPWOULauvglio,USUM71406881,no
315,"Memories","Maroon 5",91,1B,33,2025-11-28,03:09,85,"pop","JORDI (Deluxe)",2021-06-11,78,84,0,60,0,0,-7,B Major,4,4cktbXiXOapiLBMprHFErI,USUM71913350,no
316,"If I Ain't Got You","Alicia Keys",118,9B,44,2025-11-28,03:48,86,"r&b, neo soul","The Diary Of Alicia Keys",2003-12-02,61,60,0,17,10,10,-9,G Major,3,3XVBdLihbNbxUwZosxcGuJ,USJAY0300452,no
317,"Come Away With Me","Norah Jones",77,8B,14,2025-11-28,03:18,75,"jazz pop","Come Away With Me (Super Deluxe Edition)",2002-02-26,44,90,0,15,0,10,-13,C Major,3,6jGnykaS6TkWp15utXSAeI,USBN20100889,no
318,"The Scientist","Coldplay",146,7B,44,2025-11-28,05:09,90,"","A Rush of Blood to the Head",2002-08-27,56,73,0,21,0,10,-7,F Major,4,75JFxkI2RXiU7L9VXzMkle,GBAYE0200772,no
319,"Somewhere Only We Know","Keane",172,11B,66,2025-11-28,03:56,81,"","Hopes And Fears",2004-01-01,45,8,0,37,0,0,-4,A Major,4,0ll8uFnc0nANY35E0Lfxvg,GBAAN0300664,no
320,"All I Ask","Adele",142,12B,28,2025-11-28,04:31,71,"soft pop","25",2015-11-20,59,89,0,35,0,10,-5,E Major,4,05TOt5Vz4StdjMpEdFPlvB,GBBKS1500223,no
321,"Hello","Adele",79,4A,43,2025-11-28,04:55,75,"soft pop","25",2015-11-20,58,33,0,29,0,0,-6,F Minor,4,62PaSfnXSMyLshYJrlTuL3,GBBKS1500214,no
322,"Easy On Me","Adele",142,7B,37,2025-11-28,03:44,84,"soft pop","30",2021-11-19,60,58,0,13,0,10,-8,F Major,4,46IZ0fSY2mpAiktS3KOqds,USSM12105970,no
323,"Woman Like Me","Adele",146,9A,37,2025-11-28,05:00,61,"soft pop","30",2021-11-19,59,75,0,33,10,10,-11,E Minor,4,2c6xRsQBv7pynuhYhWoHxo,USSM12105977,no
324,"Fire and Rain - 2019 Remaster","James Taylor",76,7B,27,2025-11-28,03:23,74,"folk rock, singer-songwriter, soft rock","Sweet Baby James (2019 Remaster)",1970-02-01,60,77,1,34,0,0,-17,F Major,4,1oht5GevPN9t1T3kG1m1GO,USRH11900597,no
325,"Rain King - Live At Chelsea Studios, New York/1997","Counting Crows",148,11B,57,2025-11-28,05:51,34,"","Across A Wire (Live In New York)",1998-01-01,50,79,0,24,0,70,-9,A Major,4,3nOfMwBymUZPQ4ZcuKGnYB,USGF19822206,no
326,"Mr. Jones","Counting Crows",142,8B,82,2025-11-28,04:32,83,"","August And Everything After",1993-09-14,58,18,0,73,0,20,-7,C Major,4,5DiXcVovI0FcY2s0icWWUu,USIR10000287,no
327,"A Long December","Counting Crows",71,7B,58,2025-11-28,04:55,64,"","Recovering The Satellites",1996-10-15,39,47,0,38,0,20,-7,F Major,4,1tjKIXd7DYNklhVSgBxREi,USGF19697515,no
328,"Born to Run","Bruce Springsteen",146,12B,94,2025-11-28,04:29,76,"","Born To Run",1975-08-25,27,1,0,61,10,10,-4,E Major,4,6hTcuIQa0sxrrByu9wTD7s,USSM17500423,no
329,"Dancing In the Dark","Bruce Springsteen",149,12A,94,2025-11-28,04:05,86,"","Born In The U.S.A.",1984-06-04,53,1,0,50,0,10,-6,C♯/D♭ Minor,4,7FwBtcecmlpc1sLySPXeGE,USSM18400416,no
330,"Turn Down for What","DJ Snake,Lil Jon",100,12A,80,2025-11-28,03:33,74,"crunk","Turn Down for What",2013-12-18,82,0,13,8,10,0,-4,C♯/D♭ Minor,4,67awxiNHNyjMXhVgsHuIrs,USSM11308174,no
331,"In Da Club","50 Cent",90,11A,72,2025-11-28,03:13,79,"old school hip hop, east coast hip hop","Get Rich Or Die Tryin'",2003-02-06,90,26,0,81,30,0,-3,F#/G♭ Minor,4,4RY96Asd9IefaL3X4LOLZ8,USIR10300033,yes
332,"Thrift Shop (feat. Wanz)","Macklemore & Ryan Lewis,Macklemore,Ryan Lewis,Wanz",95,11A,53,2025-11-28,03:55,83,"g-funk, west coast hip hop","The Heist",2012-10-09,78,6,0,67,20,0,-7,F#/G♭ Minor,4,6CjtS2JZH9RkDz5UVInsa9,GMM881200003,yes
333,"Stressed Out","Twenty One Pilots",170,9A,64,2025-11-28,03:22,89,"","Blurryface",2015-05-15,73,5,0,65,10,0,-6,E Minor,4,3CRDbSIZ4r5MsZ0YwxuEkn,USAT21500597,no
334,"Black and Yellow","Wiz Khalifa",164,7A,83,2025-11-28,03:37,82,"","Rolling Papers",2011-03-29,68,6,0,54,0,20,-5,D Minor,4,5A6OHHy73AR5tLxgTc98zz,USAT21001800,yes
335,"Superstar (feat. Matthew Santos)","Lupe Fiasco,Matthew Santos",95,10A,82,2025-11-28,04:49,79,"","Lupe Fiasco's The Cool",2007-01-01,57,21,0,47,30,30,-6,B Minor,4,7dltD9eEX7X1zk8JJ9BS0e,USAT20704985,no
336,"U Can't Touch This","MC Hammer",133,10A,52,2025-11-28,04:17,77,"","Please Hammer Don't Hurt 'Em",1990-02-20,87,0,0,86,0,0,-13,B Minor,4,1B75hgRqe7A4fwee3g3Wmu,USCA29000294,no
337,"Funky Cold Medina","Tone-Loc",117,4A,63,2025-11-28,04:08,65,"","Loc-ed After Dark",1989-01-01,99,8,0,93,0,0,-15,F Minor,4,5YIF6HSOtHN9HdcE5IPzMe,USA370507637,no
338,"The Fox (What Does the Fox Say?)","Ylvis",128,2B,87,2025-11-28,03:33,70,"","The Fox (What Does the Fox Say?)",2013-09-02,70,11,0,55,0,10,-4,F#/G♭ Major,4,5HOpkTTVcmZHnthgyxrIL8,NOAGW1300374,no
339,"Baby Shark","Pinkfong",115,4B,89,2025-11-28,01:20,80,"children's music, lullaby","Pinkfong Animal Songs",2017-07-27,83,26,0,78,10,0,-2,G#/A♭ Major,4,5ygDXis42ncn6kYG14lEVG,KRE671700001,no
340,"Who Let The Dogs Out","Baha Men",129,8B,89,2025-11-28,03:18,72,"","Who Let The Dogs Out",2000-00-00,87,6,0,78,10,10,-5,C Major,4,1H5tvpoApNDxvxDexoaAUo,USSC90000001,no
341,"Hey Mickey","Toni Basil",150,12B,93,2025-11-28,04:12,58,"","Hey Mickey",2020-01-24,60,6,0,98,0,0,-4,E Major,4,5G9KcZaxfCysfv4EryCB9b,uscgh2048065,no
342,"All Star","Smash Mouth",104,1B,87,2025-11-28,03:20,83,"","Astro Lounge",1999-06-08,73,4,0,78,0,0,-6,B Major,4,3cfOd4CMv2snFaKAnMdnvK,USIR19902220,no
343,"I'm A Believer - Radio Edit","Smash Mouth",82,2B,97,2025-11-28,03:03,67,"","Smash Mouth",2001-01-01,56,2,0,92,0,30,-4,F#/G♭ Major,4,1RC5Mb0VhnlhnMlFDnrvE0,USDW10110270,no
344,"Hooked On A Feeling","Blue Swede,Björn Skifs",118,4B,82,2025-11-28,02:52,74,"","Hooked On A Feeling - 40th Anniversary Collection",2014-09-30,55,26,0,93,0,30,-7,G#/A♭ Major,4,2Nz6aF1umHh5Et6I5H581L,SEAMA7343050,no
345,"Greased Lightnin' - From “Grease”","John Travolta,Jeff Conaway",160,4B,84,2025-11-28,03:14,65,"musicals, ","Grease (The Original Motion Picture Soundtrack)",1978-04-04,58,15,4,94,10,0,-11,G#/A♭ Major,4,1XNE0QfNjdroSdosMIk8F6,NLF057890008,yes
346,"Summer Nights - From “Grease”","John Travolta,Olivia Newton-John",124,10B,66,2025-11-28,03:36,74,"musicals, ","Grease (The Original Motion Picture Soundtrack)",1978-04-04,75,62,0,61,0,0,-9,D Major,4,2AVkArcfALVk2X8sfPRzya,NLF057890002,no
347,"You're The One That I Want - From “Grease”","John Travolta,Olivia Newton-John",107,8B,61,2025-11-28,02:49,76,"musicals, ","Grease (The Original Motion Picture Soundtrack)",1978-04-04,76,28,0,82,0,10,-11,C Major,4,0B9x2BRHqj3Qer7biM3pU3,NLF057890004,no
348,"We Go Together - From “Grease”","John Travolta,Olivia Newton-John",111,8B,80,2025-11-28,02:59,63,"musicals, ","Grease (The Original Motion Picture Soundtrack)",1978-04-04,73,23,0,78,20,60,-11,C Major,4,5CyZPkmTBmq61SunRDysna,NLF057890022,no
349,"These Boots Are Made for Walkin'","Nancy Sinatra",165,11B,42,2025-11-28,02:46,60,"","Start Walkin' 1965-1976",2021-02-05,63,40,0,34,10,10,-11,A Major,4,2HEgBBls7l0smWTxPx0MtZ,USASE0500005,no
350,"867-5309 / Jenny","Tommy Tutone",138,7B,71,2025-11-28,03:46,70,"","Tommy Tutone - 2",1981-12-04,58,3,0,56,0,10,-10,F Major,4,6iX1f3r7oUJnMbGgQ2gx1j,USSM18100804,no
351,"Jenny from the Block (feat. Jadakiss & Styles P.) - Track Masters Remix","Jennifer Lopez,Jadakiss,Styles P",100,2B,75,2025-11-28,03:07,64,"east coast hip hop","This Is Me...Then",2002-11-19,84,1,0,96,20,0,-5,F#/G♭ Major,4,4ZOyH6KjomjlqCz3oFqglr,USSM10212454,no
352,"Waiting for Tonight","Jennifer Lopez",125,3A,95,2025-11-28,04:06,69,"","On The 6",1999-06-01,70,0,7,84,0,10,-6,A#/B♭ Minor,4,5yaCquc7koPqtgj7v0lwHX,USSM19900596,no
353,"Ain't Your Mama","Jennifer Lopez",120,1A,68,2025-11-28,03:38,73,"","Ain't Your Mama",2016-04-07,76,5,0,82,20,0,-6,G#/A♭ Minor,4,2hgzdQdnfWwtdpZbhZlV72,USSM11602625,no
354,"Love Don't Cost a Thing","Jennifer Lopez",98,9A,84,2025-11-28,03:41,71,"","J.Lo",2001-01-16,79,0,0,69,0,40,-5,E Minor,4,1fgvJXlcZ7uIddMpqsqw0L,USSM10017308,no
355,"On The Floor","Jennifer Lopez,Pitbull",130,2A,78,2025-11-28,04:44,92,"","Love?",2011-04-29,73,11,0,57,0,0,-5,D#/E♭ Minor,4,3C0nOe05EIt1390bVABLyN,USUM71104034,no
356,"...Baby One More Time","Britney Spears",93,5A,70,2025-11-28,03:31,88,"pop","...Baby One More Time (Digital Deluxe Version)",1999-01-12,76,20,0,91,0,40,-6,C Minor,4,3MjUtNVVq3C8Fn0MP3zhXa,USJI19810404,no
357,"(You Drive Me) Crazy","Britney Spears",104,5A,94,2025-11-28,03:18,72,"pop","...Baby One More Time (Digital Deluxe Version)",1999-01-12,75,5,0,96,0,30,-4,C Minor,4,1DSJNBNhGZCigg9ll5VeZv,USJI19910451,no
358,"Oops!...I Did It Again","Britney Spears",95,12A,83,2025-11-28,03:31,86,"pop","Oops!... I Did It Again",2000-05-16,75,30,0,89,0,30,-5,C♯/D♭ Minor,4,6naxalmIoLFWR0siv8dnQQ,USJI10000100,no
359,"Stronger","Britney Spears",108,1B,92,2025-11-28,03:23,71,"pop","Oops!... I Did It Again",2000-05-16,71,13,0,84,0,20,-4,B Major,4,5QhBKPqsnX1uY9fZNaAtZg,USJI10000143,no
360,"Lucky","Britney Spears",95,4B,79,2025-11-28,03:26,76,"pop","Oops!... I Did It Again",2000-05-16,77,26,0,97,0,0,-6,G#/A♭ Major,4,2TTYIwTM2iLC1YOyHuhRMt,USJI10000148,no
361,"Me Against the Music (feat. Madonna) - LP Version / Video Mix","Britney Spears,Madonna",120,11A,84,2025-11-28,03:43,64,"pop, ","In The Zone",2003-11-13,80,32,0,85,0,20,-7,F#/G♭ Minor,4,7mS8RbJji2UZAaguRGsOCH,USJI10300966,no
362,"What's Left Of Me","Nick Lachey",150,9B,73,2025-11-28,04:04,48,"","What's Left Of Me",2006-01-01,42,14,0,31,0,10,-6,G Major,4,1bPqAXwNiVcM6zjJU1Z4Cd,USJI10600023,no
363,"I Don't Want to Be","Gavin DeGraw",155,5A,86,2025-11-28,03:37,69,"","Chariot",2003-07-21,42,1,0,46,0,10,-5,C Minor,4,4vl2zwXsTmAxgu9iY0g6UK,USJAY0300148,no
364,"Summertime","New Kids On The Block",84,12A,78,2025-11-28,03:22,47,"","The Block",2008-01-01,64,1,0,79,0,0,-7,C♯/D♭ Minor,4,6WZ7g8fpIXkf1ySWn3GA5O,USUM70813068,no
365,"Summer Girls","LFO",100,9B,81,2025-11-28,04:17,64,"","LFO",1999-08-10,81,16,0,74,10,0,-5,G Major,4,7uYroF9RRrhRJBrigRvB6H,DEA819900423,no
366,"Hey, Soul Sister","Train",97,12A,89,2025-11-28,03:36,86,"soft pop","Save Me, San Francisco (Golden Gate Edition)",2010-12-01,67,19,0,80,0,0,-4,C♯/D♭ Minor,4,4HlFJV71xXKIGcU3kRyttv,USSM10904113,no
367,"Drops of Jupiter (Tell Me)","Train",79,8B,64,2025-11-28,04:19,86,"soft pop","Drops Of Jupiter",2001-03-27,48,15,0,50,0,10,-6,C Major,4,2hKdd3qO7cWr2Jo0Bcs0MA,USSM10019751,no
368,"Pinch Me","Barenaked Ladies",95,9B,86,2025-11-28,04:45,64,"","Maroon",2000-09-01,68,2,0,79,0,0,-4,G Major,4,2RQ3fWFZJJe4G5KkHEACww,USRE10000774,no
369,"Everything You Want","Vertical Horizon",94,2A,76,2025-11-28,04:17,69,"","Everything You Want",1999-06-14,64,5,0,74,0,0,-6,D#/E♭ Minor,4,4cKGldbhGJniI8BrB3K6tb,USRC19900048,no
370,"Viva La Vida","Coldplay",138,4A,62,2025-11-28,04:02,90,"","Viva La Vida or Death and All His Friends",2008-06-06,49,10,0,42,0,10,-7,F Minor,4,1mea3bSkSGXuIRvnydlB5b,GBAYE0800265,no
371,"Somebody That I Used To Know","Gotye,Kimbra",129,8B,50,2025-11-28,04:04,81,"","Making Mirrors",2011-01-01,86,59,0,72,0,10,-7,C Major,4,4wCmqSrbyCgxEXROQE6vtV,AUZS21100040,no
372,"Counting Stars","OneRepublic",122,12A,71,2025-11-28,04:17,91,"soft pop","Native",2013-01-01,66,7,0,47,0,10,-5,C♯/D♭ Minor,4,2tpWsVSb9UEmDRxAl1zhX1,USUM71301306,no
373,"Stop And Stare","OneRepublic",92,12B,86,2025-11-28,03:43,67,"soft pop","Dreaming Out Loud",2007-01-01,49,7,0,25,0,0,-4,E Major,4,48s0QHJgmiNsth3WEO6U4M,USUM70758804,no
374,"Secrets","OneRepublic",148,10B,76,2025-11-28,03:44,80,"soft pop","Waking Up",2009-01-01,52,7,0,38,0,10,-6,D Major,4,1NhPKVLsHhFUHIOZ32QnS2,USUM70985644,no
375,"Say (All I Need)","OneRepublic",122,11B,74,2025-11-28,03:50,47,"soft pop","Dreaming Out Loud",2007-01-01,55,2,0,31,0,10,-6,A Major,4,6H4vq5gz0rlNjH0LBzu4An,USUM70758802,no
376,"Goodbye, Apathy","OneRepublic",150,11B,72,2025-11-28,03:32,33,"soft pop","Dreaming Out Loud",2007-01-01,48,12,0,18,0,0,-8,A Major,4,78wnWRrd97aaheZBz16K2H,USUM70758799,no
377,"Apologize","OneRepublic",118,4B,74,2025-11-28,03:28,73,"soft pop","Dreaming Out Loud",2007-01-01,59,36,0,50,0,10,-6,G#/A♭ Major,4,1NrJYpdAi7uosDRPmSYrsG,USUM70757102,no
378,"I Still Haven't Found What I'm Looking For","U2",101,3B,77,2025-11-28,04:37,76,"rock","The Joshua Tree (Super Deluxe)",1987-03-03,56,1,0,66,0,0,-9,C♯/D♭ Major,4,6wpGqhRvJGNNXwWlPmkMyO,GBUM70709783,no
379,"Beautiful Day","U2",136,10B,93,2025-11-28,04:06,68,"rock","All That You Can't Leave Behind",2000-01-01,54,1,0,45,0,30,-6,D Major,4,1VuBmEauSZywQVtqbxNqka,GBAAN0000196,no
380,"Vacation","The Go-Go's",157,12B,82,2025-11-28,02:59,60,"new wave","Vacation",1982-00-00,50,9,0,88,0,30,-9,E Major,4,0oc7YoWV783fGr2GbdcIrz,USAM18204326,no
381,"Always Something There to Remind Me - 2018 Remaster","Naked Eyes",149,9B,78,2025-11-28,03:39,67,"new wave, synthpop","Naked Eyes",1983-01-01,61,13,0,68,0,50,-6,G Major,4,3yWAyRHfclztY1TzF2gAUD,UKKP21800044,no
382,"I Think We're Alone Now","Tiffany",131,9B,72,2025-11-28,03:48,79,"","Tiffany",1987-01-01,75,3,0,94,0,0,-12,G Major,4,4uvjOKsp7mSjrDhWdkLPBY,USMC18722580,no
383,"Good Vibrations","Marky Mark And The Funky Bunch,Loleatta Holloway",122,3B,95,2025-11-28,04:29,68,"hip house, philly soul, disco, post-disco, chicago house, disco house","Music For The People",1991-00-00,71,0,37,90,0,0,-8,C♯/D♭ Major,4,5hWdgGVcfTeLPAiHM6EZG9,USIR10211585,no
384,"And She Was","Talking Heads",126,11B,63,2025-11-28,03:39,67,"new wave, post-punk","Little Creatures",1985-07-10,76,1,6,97,0,0,-10,A Major,4,5JwK7v6XhG0YgqDuCgzOy8,USWB19900874,no
385,"Tainted Love","Soft Cell",144,5A,50,2025-11-28,02:33,77,"synthpop, new wave","Non-Stop Erotic Cabaret",1981-00-00,50,46,0,62,0,20,-8,C Minor,4,0cGG2EouYCEEC3xfa0tDFV,GBF088100017,no
386,"Jack & Diane","John Mellencamp",104,11B,41,2025-11-28,04:14,77,"classic rock","American Fool",1982-00-00,81,4,0,63,0,0,-8,A Major,4,43btz2xjMKpcmjkuRsvxyg,USJM18200001,no
387,"Centerfield","John Fogerty",142,9B,94,2025-11-28,03:51,65,"country rock","Centerfield (25th Anniversary)",1985-01-14,80,14,0,97,0,0,-4,G Major,4,5f7KV4oOHZylrpa5XKFu6G,USDW10110142,no
388,"It's The End Of The World As We Know It (And I Feel Fine)","R.E.M.",206,9B,89,2025-11-28,04:06,71,"jangle pop, alternative rock, rock","Document (R.E.M. No. 5)",1987-09-01,38,3,0,80,0,0,-9,G Major,4,2oSpQ7QtIKTNFfA08Cy0ku,USIR38700037,no
389,"Losing My Religion","R.E.M.",126,8A,86,2025-11-28,04:28,89,"jangle pop, alternative rock, rock","Out Of Time (25th Anniversary Edition)",1991-03-12,67,18,0,80,0,10,-5,A Minor,4,31AOj9sFz2gM0O3hMARRBx,USC4R1605373,no
390,"Mr. Brightside","The Killers",148,3B,91,2025-11-28,03:42,95,"alternative rock","Hot Fuss",2004-00-00,35,0,0,24,0,10,-5,C♯/D♭ Major,4,003vvx7Niy0yvhvHt4a68B,USIR20400274,no
391,"Read My Mind","The Killers",132,3B,92,2025-11-28,04:06,75,"alternative rock","Sam's Town",2006-09-27,54,1,0,33,0,10,-3,C♯/D♭ Major,4,7cX4PJz1old9fyFI8RlfgW,USUM70605406,no
392,"Waiting On the World to Change","John Mayer",177,10B,76,2025-11-28,03:20,71,"singer-songwriter","Continuum",2006-09-11,58,16,0,66,10,20,-6,D Major,4,5imShWWzwqfAJ9gXFpGAQh,USSM10602589,no
393,"Maybe Tomorrow","Stereophonics",81,6A,65,2025-11-28,04:32,75,"britpop","You Gotta Go There To Come Back",2003-01-01,50,22,0,57,0,30,-7,G Minor,4,6SXy02aTZU3ysoGUixYCz0,GBBLK0300012,no
394,"Ring of Fire","Johnny Cash",104,9B,59,2025-11-28,02:38,73,"classic country, outlaw country, country","Ring Of Fire: The Best Of Johnny Cash",1963-08-06,66,62,0,78,0,30,-8,G Major,4,6YffUZJ2R06kyxyK6onezL,USSM11201688,no
395,"I Walk The Line - Single Version","Johnny Cash,The Tennessee Two",106,6B,48,2025-11-28,02:43,11,"classic country, outlaw country, country, ","With His Hot and Blue Guitar",1957-01-01,86,80,0,79,0,10,-11,A#/B♭ Major,4,6uya0AiJA1Avd4DY2XFlVm,USSE60070039,no
396,"The Gambler","Kenny Rogers",87,12B,50,2025-11-28,03:34,80,"country, classic country","The Gambler",1978-11-20,67,34,0,86,0,10,-13,E Major,4,5KqldkCunQ2rWxruMEtGh0,USCN17800055,no
397,"The Greatest","Kenny Rogers",87,5B,22,2025-11-28,03:11,50,"country, classic country","She Rides Wild Horses",2008-07-22,68,63,0,37,0,10,-14,D#/E♭ Major,4,0h1SZq39K929efc7KqO4NN,USKO10801332,no
398,"The Devil Went Down to Georgia","The Charlie Daniels Band",135,8B,54,2025-11-28,03:35,70,"southern rock, outlaw country, classic country, country rock, country","Million Mile Reflections",1979-00-00,52,13,0,93,0,0,-12,C Major,4,6gRACp2CvsIhc7hyw8CecQ,USSM19916707,no
399,"Highway to Hell","AC/DC",116,11A,91,2025-11-28,03:28,89,"rock, hard rock, classic rock, rock and roll","Highway to Hell",1979-07-27,57,6,0,42,10,10,-5,F#/G♭ Minor,4,2zYzyRzz6pRmhPzyfMEC8s,AUAP07900028,no
400,"Big Balls","AC/DC",107,11B,63,2025-11-28,02:38,61,"rock, hard rock, classic rock, rock and roll","Dirty Deeds Done Dirt Cheap",1976-09-20,62,43,0,42,20,60,-6,A Major,4,2KmSnPWWCIsEomVsKnbE1a,AUAP07600051,no
401,"Ballroom Blitz","Sweet",108,9A,80,2025-11-28,04:06,65,"glam rock","Desolation Boulevard",1974-11,64,8,0,89,0,0,-11,E Minor,4,3Pu3IChaAoa5EjgUBv5F6x,USCA28800090,no
402,"On the Road Again - Live","Willie Nelson",111,12B,72,2025-11-28,02:32,62,"outlaw country, classic country, country, traditional country, honky tonk","Willie Nelson - 16 Biggest Hits",1975-01-01,71,35,1,84,0,90,-10,E Major,4,51wQovDO0hf05pkZYvu1GI,USSM18000265,no
403,"Beer For My Horses","Toby Keith,Willie Nelson",119,6B,85,2025-11-28,03:24,74,"country, classic country, outlaw country, traditional country, honky tonk","Unleashed",2002-01-01,72,37,0,81,0,0,-5,A#/B♭ Major,4,7E2DqvnVtbIrFrL5X6YH9Q,USDW10200309,no
404,"Mammas Don't Let Your Babies Grow up to Be Cowboys","Waylon Jennings,Willie Nelson",188,11B,36,2025-11-28,02:37,72,"outlaw country, classic country, country, honky tonk, traditional country","Waylon & Willie",1978-01-01,36,62,0,61,0,10,-14,A Major,3,7nVQ8mo77KaUvhUQzh4vMy,USRN10000382,no
405,"Rhinestone Cowboy","Glen Campbell",115,8B,63,2025-11-28,03:14,71,"classic country","Rhinestone Cowboy (Expanded Edition)",1975-00-00,64,10,0,65,0,20,-8,C Major,4,0VwTeYNjcl30DyQlt3GPe0,USCN18600038,no
406,"Bad, Bad Leroy Brown","Jim Croce",148,9B,68,2025-11-28,02:59,72,"folk rock, singer-songwriter","Life & Times",1973-07-01,70,71,0,85,0,0,-11,G Major,4,2r3XNMon9K7bl2KTtHsaQO,GBAJE7100650,no
407,"Teach Your Children","Crosby, Stills, Nash & Young",155,10B,28,2025-11-28,02:53,67,"folk rock, classic rock","Deja Vu",1970-03-11,50,64,0,67,0,30,-15,D Major,4,29HaKOpeLSYvqdFyEQSRdj,USAT20901709,no
408,"Our House","Crosby, Stills, Nash & Young",140,11B,21,2025-11-28,02:59,74,"folk rock, classic rock","Deja Vu",1970-03-11,59,90,0,38,0,10,-15,A Major,4,2hitsKa8SthKhRJBXUHbIv,USAT20901935,no
409,"Old Man","Neil Young",141,9A,18,2025-11-28,03:24,78,"classic rock, folk rock, singer-songwriter, roots rock","Harvest (50th Anniversary Edition)",1972-02-01,70,43,1,45,0,20,-19,E Minor,4,6grFWYpLQul3nAHjzzPKT8,USRE12200588,no
410,"Cowgirl In the Sand - Live","Neil Young,Crazy Horse",164,8A,60,2025-11-28,06:39,12,"classic rock, folk rock, singer-songwriter, roots rock","Neil Young Archives Vol. III (1976 - 1987)",2025-10-03,24,5,1,46,0,30,-12,A Minor,4,05EHvjF8S1PCxKxzSdkm0b,USRE12400118,no
411,"Sister Golden Hair","America",135,12B,55,2025-11-28,03:19,80,"yacht rock, soft rock, folk rock","Hearts",1975-00-00,44,13,0,72,0,10,-12,E Major,4,5VSAonaAPhhGn0G7hMYwWK,USWB19901801,no
412,"Roadhouse Blues","The Doors",121,11B,63,2025-11-28,04:03,77,"psychedelic rock, classic rock, acid rock","Morrison Hotel",1970-02-09,62,34,0,90,0,10,-8,A Major,4,1Q5kgpp4pmyGqPwNBzkSrw,USEE19900375,no
413,"Hello, I Love You","The Doors",118,10A,55,2025-11-28,02:13,63,"psychedelic rock, classic rock, acid rock","Waiting for the Sun",1968-07-03,60,3,0,96,0,0,-14,B Minor,4,3bWGaqVeYKMlLss40mPgNn,USEE19900744,no
414,"Lovesong","The Cure",140,8A,87,2025-11-28,03:28,56,"new wave, post-punk, gothic rock, darkwave","Greatest Hits",2001-11-13,59,35,32,74,0,10,-4,A Minor,4,7K71priwuwcWwbgfHVQJdq,GBALB8900003,no
415,"She's Always a Woman","Billy Joel",177,5B,32,2025-11-28,03:21,78,"soft rock","The Stranger (Legacy Edition)",1977-00-00,29,80,0,38,0,10,-12,D#/E♭ Major,3,5RgFlk1fcClZd0Y4SGYhqH,USSM17700375,no
416,"Lola (2020 Stereo Remaster)","The Kinks",151,11B,89,2025-11-28,04:01,73,"proto-punk, baroque pop","Lola Versus Powerman and the Moneygoround, Pt. 1",1970-11-27,46,46,49,93,0,0,-5,A Major,4,4Tjs8b6jL1s18sjURJtswp,GB5KW2001995,no
417,"Messy","Lola Young",111,11B,55,2025-11-28,04:44,83,"","Messy",2024-05-30,80,11,0,65,0,10,-6,A Major,4,3SKH53SPQbEnZR4cJPVaz2,GBUM72401610,yes
418,"Cold Little Heart - Radio Edit","Michael Kiwanuka",110,6A,58,2025-11-28,03:30,75,"soul","Cold Little Heart (Radio Edit)",2017-02-24,63,36,0,66,0,40,-6,G Minor,4,7KX65PC1UZuImsUInThbav,GBUM71700693,no
419,"Mothers","Daughter",136,10B,42,2025-11-28,05:21,34,"","Not to Disappear",2016-01-15,36,78,22,14,0,10,-10,D Major,4,4jDMK7mlKrAAwygtaJOsTj,GBAFL1500138,no
420,"All That Really Matters","ILLENIUM,Teddy Swims",170,3B,67,2025-11-28,04:04,66,"melodic bass, future bass, edm, ","All That Really Matters",2022-07-29,35,12,0,23,0,0,-5,C♯/D♭ Major,4,5zviMoAeuerK1Rd58qXASv,USWB12202265,no
421,"The Door","Teddy Swims",128,1A,86,2025-11-28,03:32,89,"","I've Tried Everything But Therapy (Part 1)",2023-09-15,73,2,0,76,0,10,-5,G#/A♭ Minor,4,3dj4wgM3cPeuLwMNHDuBon,USWB12302870,no
422,"Heavenly Side","ILLENIUM,Matt Maeson",134,10B,75,2025-11-28,04:00,43,"melodic bass, future bass, edm, ","Fallen Embers",2021-07-16,44,1,0,19,0,0,-6,D Major,4,0R7d7JyYRKcuTEO1j0Wkcw,ZZOPM2106203,no
423,"My Body Left My Soul (feat. Pusha T)","USERx,Matt Maeson,Rozwell,Pusha T",91,9B,65,2025-11-28,04:20,33,"","USERx",2021-03-12,72,1,0,26,0,10,-7,G Major,4,6Arc3cFHtzrT3M2l4cxJPd,USAT22100778,no
424,"That’s My Cue (Live)","Matt Maeson",84,11B,56,2025-11-29,03:53,39,"","That's My Cue: A Solo Experience",2024-09-27,37,48,0,21,0,40,-6,A Major,4,3nvNRZQBWzW9xn50KKXGem,USAT22405307,no
425,"Halfway To Whole","Matt Maeson",79,11B,27,2025-11-29,04:00,51,"","A Quiet and Harmless Living",2025-09-12,32,67,0,17,0,10,-9,A Major,4,56cbfdfhxP3wfUmdjeD6jY,USAT22504338,yes
426,"Cursive (feat. Manchester Orchestra)","Matt Maeson,Manchester Orchestra",142,10B,52,2025-11-29,03:47,53,"","A Quiet and Harmless Living",2025-09-12,55,35,0,31,0,10,-8,D Major,3,2RJnW5OLYkMUcxn9Hv8XIg,USAT22504336,no
427,"Everlasting","Matt Maeson",148,5B,29,2025-11-29,05:00,45,"","A Quiet and Harmless Living",2025-09-12,44,92,0,28,0,10,-12,D#/E♭ Major,3,4XmH2sBrQDc7GQZ5WFdXAA,USAT22503778,no
428,"Split Personality Blues","Matt Maeson",129,8A,52,2025-11-29,03:55,44,"","A Quiet and Harmless Living",2025-09-12,29,59,0,17,0,10,-7,A Minor,3,4nI1De11kRgTRO0GGsnrVe,USAT22504339,yes
429,"Downstairs","Matt Maeson",137,2B,49,2025-11-29,03:36,60,"","A Quiet and Harmless Living",2025-09-12,65,22,0,25,0,10,-8,F#/G♭ Major,4,5NOKqfyuSU3e1sqvildQmM,USAT22504166,yes
430,"Play That Funky Music","Wild Cherry",109,11B,67,2025-11-29,05:00,77,"","Wild Cherry",1976-00-00,81,4,0,93,0,0,-12,A Major,4,5uuJruktM9fMdN9Va0DUMl,USSM19912699,no
431,"Stayin' Alive","Bee Gees",104,3A,54,2025-11-29,01:32,76,"disco","Staying Alive (Original Motion Picture Soundtrack)",1977-12-13,71,11,1,64,0,0,-20,A#/B♭ Minor,4,4UDmDIqJIbrW0hMBQMFOsM,GBA077700130,no
432,"How Deep Is Your Love","Bee Gees",105,4A,36,2025-11-29,04:05,83,"disco","Greatest",1979-01-01,63,11,0,67,0,10,-9,F Minor,4,2JoZzpdeP2G6Csfdq5aLXP,GBAKW7701005,no
433,"Baby Come Back","Player",156,4A,60,2025-11-29,04:15,83,"yacht rock","Player",1977-09-01,65,6,0,54,0,10,-10,F Minor,4,41sGGCCoHI2GLV9qadX80A,NLF057790013,no
434,"Alone Again (Naturally)","Gilbert O'Sullivan",172,1A,53,2025-11-29,03:41,75,"","Back to Front (Deluxe Edition)",1972-01-01,56,63,0,61,0,10,-6,G#/A♭ Minor,4,54pvEYFocTlvIAQOfXSjqV,GBEQJ0400002,no
435,"Jumper - 1998 Edit","Third Eye Blind",91,8B,54,2025-11-29,04:32,76,"","Third Eye Blind",1997-04-08,60,1,0,62,0,20,-9,C Major,4,3354J49VpkbZJho7Ztdzpw,USEE19800179,no
436,"Somewhere Over The Rainbow/What A Wonderful World","Israel Kamakawiwo'ole",85,8B,17,2025-11-29,05:08,77,"","Facing Future",1993-11-01,66,93,0,68,0,30,-14,C Major,4,25U7raB3ZSszayTYClh4hF,USMAC9300084,no
437,"Mudfootball (For Moe Lerner)","Jack Johnson",97,9B,71,2025-11-29,03:25,45,"surf rock","Brushfire Fairytales [Remastered (Bonus Version)]",2011-04-12,82,23,36,96,0,0,-11,G Major,4,1wzwmHX25Gab95pxj5c4Sq,USER81100110,no
438,"Big Yellow Taxi","Counting Crows,Vanessa Carlton",88,3B,87,2025-11-29,03:45,69,"","Hard Candy",2002-07-08,68,0,0,84,0,10,-4,C♯/D♭ Major,4,4O4dhPrjcw7GSLNafNydmb,USIR10211754,no
439,"The Way I Am","Ingrid Michaelson",120,7B,26,2025-11-29,02:15,61,"","Girls And Boys",2007-05-16,89,73,0,31,0,10,-9,F Major,4,2E9KlM0BvKZKcZAQRu3OWV,USCGH0789382,no
440,"Little Bit","Lykke Li",120,9B,74,2025-11-29,04:33,70,"","Youth Novels",2008-06-06,82,16,0,70,0,10,-7,G Major,4,0Ps4Eh6SQjeLnubbCsQTDD,SEVUM0700701,no
441,"Dance, Dance, Dance","Lykke Li",122,9B,68,2025-11-29,03:41,48,"","Youth Novels",2008-06-06,75,58,1,73,0,10,-7,G Major,4,68s9Rkn9dyuonMXZXkKvWo,SEVUM0700801,no
442,"Daughters","John Mayer",125,10B,41,2025-11-29,03:59,69,"singer-songwriter","Heavier Things",2003-09-09,67,84,0,50,0,10,-8,D Major,3,5FPnjikbwlDMULCCCa6ZCJ,USSM10310154,no
443,"Little Wonders","Rob Thomas",82,11B,62,2025-11-29,03:44,62,"","Little Wonders",2007-01-01,16,3,0,33,0,0,-10,A Major,4,6j6bTAiW0oEfLlAjmRNcbb,USWD10730751,no
444,"Someday","Rob Thomas",136,6B,91,2025-11-29,04:07,58,"","Cradlesong",2009-06-22,57,4,0,68,0,10,-6,A#/B♭ Major,4,7uPQU7uKvsZZ7T9XnpBpFg,USAT20901584,no
445,"Better Days","The Goo Goo Dolls",113,9B,60,2025-11-29,03:33,63,"","Let Love In",2006-00-00,49,0,0,33,0,10,-5,G Major,4,2hiB8QxWic092OablwpoVC,USWB10504115,no
446,"Let Love In","The Goo Goo Dolls",119,10B,91,2025-11-29,05:01,56,"","Let Love In",2006-00-00,53,2,0,17,0,10,-3,D Major,4,1wt8PzNPhWi5o0voZjzhMs,USWB10601331,no
447,"Run Joey Run","David Geddes",147,6B,48,2025-11-30,02:55,32,"","Run Joey Run",2005-02-08,41,61,0,36,0,10,-11,A#/B♭ Major,4,1g2nJvSNGFj145mRiT6usx,USAT20402599,no
448,"Leaving, On a Jet Plane -  Greatest Hits  Version","John Denver",121,9B,19,2025-11-30,04:08,68,"folk","John Denver's Greatest Hits",1973-11-01,41,85,0,63,0,10,-13,G Major,4,3D8dwH690MXQRhtIZTSS9c,USRC17308356,no
449,"Peaches","The Presidents Of The United States Of America",94,1B,85,2025-11-30,02:51,14,"grunge, alternative rock","The Presidents of The United States of America: Ten Year Super Bonus Special Anniversary Edition",1995-01-01,41,2,0,62,0,0,-4,B Major,4,5huLMzIzFEdVcvEzt2hfk1,US35G0400026,no
450,"Cooler Than Me - Single Mix","Mike Posner,Gigamesh",130,6A,82,2025-11-30,03:33,83,"nu disco, french house, indie dance","31 Minutes to Takeoff",2010-08-09,77,18,0,63,0,60,-5,G Minor,4,2V4bv1fNWfTcyRJKmej6Sj,USJAY1000035,no
451,"Over And Over","Nelly,Tim McGraw",170,9B,52,2025-11-30,04:13,66,"country, classic country","Suit",2004-09-14,64,1,0,46,0,10,-10,G Major,4,2b8QQqf8Vwb7bfz22ja8Fk,USUR10400789,yes
452,"Use Somebody","Kings of Leon",137,8B,72,2025-11-30,03:50,85,"","Only By The Night",2008-09-23,28,1,0,17,0,20,-5,C Major,4,5VGlqQANWDKJFl0MBG3sg2,USRC10800301,no
453,"I Know You (with Matt Maeson)","Steinza,Matt Maeson",126,12B,33,2025-11-30,02:57,38,"","I Know You (with Matt Maeson)",2023-08-25,60,31,0,30,0,0,-10,E Major,4,7kj30WQGIpDYDN4HnOZ2bV,QM24S2305493,yes
454,"Lose Your Love (with Matt Maeson)","Gryffin,Matt Maeson",150,4B,88,2025-11-30,03:31,50,"edm, melodic bass, future bass, ","Alive",2022-11-04,53,2,0,47,0,10,-4,G#/A♭ Major,4,1PknqupRJmUOeOj0ghpwLZ,USUM72220369,no
455,"We Were The Same","Matt Maeson",116,12A,86,2025-11-30,04:00,45,"","We Were The Same",2020-09-04,54,2,0,48,0,0,-4,C♯/D♭ Minor,4,7mYQgz9i2n0XHXoVUBFyHt,USAT22005613,no
456,"I'm In Miami Bitch","LMFAO",128,11A,48,2025-11-30,03:47,53,"","Party Rock",2009-01-01,94,0,0,74,30,10,-7,F#/G♭ Minor,4,1vaUxfrERQIQfJ1wBTmeRE,USUM70847912,yes
457,"All I Ever Wanted","Train",170,10B,62,2025-11-30,04:05,23,"soft pop","For Me, It's You",2006-01-31,42,3,0,47,0,10,-6,D Major,4,0DJJdLSQKTPVnAA2iEuvsQ,USSM10506976,no
458,"Shake That","Eminem,Nate Dogg",107,12A,64,2025-11-30,04:34,76,"rap, hip hop, g-funk, west coast hip hop, old school hip hop","Curtain Call: The Hits (Deluxe Edition)",2005-12-06,96,5,0,53,10,10,-6,C♯/D♭ Minor,4,0fGh0trRN1xz3s41r7V5ce,USUM70506389,yes
459,"Little Girl","Enrique Iglesias",170,2B,34,2025-11-30,03:45,22,"latin pop, latin","Insomniac",2007-01-01,51,68,0,30,0,0,-10,F#/G♭ Major,3,2PRkzcjGyrxHIKQZDHNI6b,USUM70734415,no
460,"Her Eyes","Pat Monahan",96,6A,75,2025-11-30,03:15,33,"","Last Of Seven",2007-09-18,60,3,0,56,0,10,-5,G Minor,4,1oaQPvbue475MuCBHEtlUJ,USSM10702634,no
461,"Space in My Heart - Original Version","Enrique Iglesias",106,7B,48,2025-11-30,02:58,37,"latin pop, latin","Space in My Heart (Original Version)",2025-06-13,61,36,0,21,0,0,-7,F Major,4,4ZbS28A7pxW6obXVWimjgG,USSD12400006,no
462,"One","A Chorus Line Ensemble (2006)",132,6A,35,2025-11-30,05:56,41,"musicals","A Chorus Line (New Broadway Cast Recording (2006))",2006-10-09,55,77,0,34,0,20,-10,G Minor,4,4PZeAR798a3CDoZoncSXZb,USSM10604392,no
463,"Theme From New York, New York - 2008 Remastered","Frank Sinatra",108,9B,50,2025-11-30,03:24,72,"christmas, big band, adult standards, swing music, jazz, vocal jazz","Nothing But The Best (2008 Remastered)",2008-05-13,36,59,0,55,0,20,-7,G Major,4,0K2WjMLZYr09LKwurGRYRE,USRH10723042,no
464,"Tomorrow","Aileen Quinn,ORPHANS",81,12B,30,2025-11-30,01:35,51,"musicals","Annie (Original Motion Picture Soundtrack)",1982-00-00,44,52,0,68,0,70,-15,E Major,4,6vBMTR37tnbCE0lApwor1d,USQX92105518,no
465,"It's the Hard-Knock Life","Aileen Quinn,Toni Ann Gisondi",169,8B,20,2025-11-30,03:41,51,"musicals, ","Annie (Original Motion Picture Soundtrack)",1982-00-00,66,70,0,54,0,50,-17,C Major,4,3UvRjs5eyTkqB9MYWBqbuZ,USQX92105519,no
466,"Maybe","Aileen Quinn",78,5A,3,2025-11-30,02:00,47,"musicals","Annie (Original Motion Picture Soundtrack)",1982-00-00,28,95,0,12,0,10,-22,C Minor,5,4RseNFQOhL2GoHtGjnm4PH,USQX92105524,no
467,"The Perfect Nanny","Karen Dotrice,Matthew Garber",107,10B,1,2025-11-30,01:39,41,"","Mary Poppins (Original Motion Picture Soundtrack)",1997-01-01,57,79,0,58,0,20,-26,D Major,4,1ZbzWO1MXU3MiWg3lWwAQG,USWD10423159,no
468,"I Love to Laugh","Edwynn,Julie Andrews,Dick Van Dyke",98,6B,19,2025-11-30,02:43,42,"musicals, ","Mary Poppins (Original Motion Picture Soundtrack)",1997-01-01,55,78,0,49,10,10,-19,A#/B♭ Major,4,0aCbzCWEUtm3tJw0FxLsCj,USWD10423152,no
469,"Pavement Artist","Dick Van Dyke",185,6B,6,2025-11-30,02:00,42,"","Mary Poppins (Original Motion Picture Soundtrack)",1997-01-01,30,88,0,25,0,0,-22,A#/B♭ Major,3,5T7OmQN5UinLkfPeu65MgF,USWD10423158,no
470,"Supercalifragilisticexpialidocious","Julie Andrews,Dick Van Dyke,The Pearlie Chorus",80,6A,61,2025-11-30,02:03,57,"musicals, ","Mary Poppins (Original Motion Picture Soundtrack)",1997-01-01,52,61,0,95,40,10,-13,G Minor,4,7fImDWw5bcUhRbZ0w1ny4J,USWD10320942,no
471,"A Spoonful of Sugar","Julie Andrews",111,7B,39,2025-11-30,04:09,49,"musicals","Mary Poppins (Original Motion Picture Soundtrack)",1997-01-01,48,74,0,64,10,10,-14,F Major,4,5J554vlWIKAZMlAnsrBpRQ,USWD10220406,no
472,"Rainbow Connection - From  The Muppet Movie /Soundtrack Version","Kermit",115,11B,31,2025-11-30,03:15,60,"","The Muppet Movie (Original Motion Picture Soundtrack)",1979-01-01,71,53,0,36,0,10,-14,A Major,3,4Fx3LVYQXplhz70cfoqbgq,USWD11264440,no
473,"If I Only Had A Brain - Extended Version","Ray Bolger,Judy Garland",151,9B,34,2025-11-30,03:44,42,"musicals, christmas","The Wizard of Oz (Original Motion Picture Soundtrack) [Deluxe Edition]",1939-08-25,48,83,4,91,0,10,-15,G Major,4,0feqkkD0tgAZddC0uB3uwU,USNLR1500415,no
474,"Over The Rainbow","Judy Garland",85,4B,5,2025-11-30,02:45,58,"christmas","The Wizard of Oz (Original Motion Picture Soundtrack) [Deluxe Edition]",1939-08-25,19,91,0,23,0,10,-21,G#/A♭ Major,4,568SEFtDjKr7N2PytpA6D5,USNLR1500393,no
475,"We're Off To See The Wizard - Duo","Judy Garland,Ray Bolger",134,4B,35,2025-11-30,00:34,40,"christmas, musicals","The Wizard of Oz (Original Motion Picture Soundtrack) [Deluxe Edition]",1939-08-25,58,86,0,95,0,50,-16,G#/A♭ Major,4,7BPMn6970CBEZ8z5ZOd7Gf,USNLR1500416,no
476,"The Candy Man - From  Willy Wonka & The Chocolate Factory  Soundtrack","Aubrey Woods",140,9B,34,2025-11-30,02:31,41,"musicals","Willy Wonka & The Chocolate Factory",1971-01-01,54,74,0,66,40,70,-15,G Major,3,1xFySMRMCCN0snvsL4SxiV,USMC17126044,no
477,"Oompa Loompa - From  Willy Wonka & The Chocolate Factory  Soundtrack","Oompa Loompa Cast",146,3A,37,2025-11-30,00:57,47,"","Willy Wonka & The Chocolate Factory",1971-01-01,66,79,0,87,30,20,-14,A#/B♭ Minor,4,3FOVyUbdnNuUmjRR8mI18O,USMC17126050,no
478,"Surfin' U.S.A.","The Beach Boys",161,5B,81,2025-11-30,02:30,64,"baroque pop","50 Big Ones: Greatest Hits",2012-01-01,55,40,0,97,0,0,-7,D#/E♭ Major,4,2EPr9Wx7e1cpGEbNAtuN7x,USCA21201955,no
479,"California Dreamin' - Remastered 2007","The Beach Boys",116,12A,85,2025-11-30,03:24,63,"baroque pop","The Warmth Of The Sun",2007-01-01,58,5,0,62,0,0,-7,C♯/D♭ Minor,4,4MHzXgBy7hexDe2Bto11hP,USGJP1300195,no
480,"Yellow Submarine","The Beatles",111,3B,64,2025-11-30,02:39,64,"classic rock, psychedelic rock","Yellow Submarine Songtrack",1999-09-13,62,21,0,65,0,50,-7,C♯/D♭ Major,4,1tdltVUBkiBCW1C3yB4zyD,GBAYE9901217,no
481,"Here Comes The Sun - Remastered 2009","The Beatles",129,11B,54,2025-11-30,03:05,86,"classic rock, psychedelic rock","Abbey Road (Remastered)",1969-09-26,56,3,0,39,0,10,-10,A Major,4,6dGnYIeXmHdcikdzNNDMm2,GBAYE0601696,no
482,"Yesterday - Remastered 2009","The Beatles",97,7B,18,2025-11-30,02:05,79,"classic rock, psychedelic rock","Help! (Remastered)",1965-08-06,33,88,0,32,0,0,-12,F Major,4,3BQHpFgAp4l80e1XslIjNI,GBAYE0601477,no
483,"Come Together - Remastered 2009","The Beatles",165,8A,38,2025-11-30,04:19,82,"classic rock, psychedelic rock","Abbey Road (Remastered)",1969-09-26,53,3,25,19,0,0,-12,A Minor,4,2EqlS6tkEnglzr7tkKAAYD,GBAYE0601690,no
484,"Hey Jude - 2015 Mix","The Beatles",147,6B,56,2025-11-30,07:11,62,"classic rock, psychedelic rock","The Beatles 1967 – 1970 (2023 Edition)",2023-11-10,38,2,0,53,0,10,-9,A#/B♭ Major,4,1RP85mAmvJ8baqjP53kFJu,GBUM71505902,no
485,"Twist And Shout - Remastered 2009","The Beatles",125,10B,85,2025-11-30,02:35,79,"classic rock, psychedelic rock","Please Please Me (Remastered)",1963-03-22,48,64,0,94,0,0,-9,D Major,4,5ZBeML7Lf3FMEVviTyvi8l,GBAYE0601423,no
486,"When I'm Sixty-Four - 2017 Mix","The Beatles",138,4B,31,2025-11-30,02:40,54,"classic rock, psychedelic rock","Sgt. Pepper's Lonely Hearts Club Band (Super Deluxe Edition)",1967-05-26,70,51,0,56,0,10,-9,G#/A♭ Major,4,0AvygKcKeMyZlFmDzbqcYK,GBUM71700960,no
487,"Hello, Goodbye - Remastered 2009","The Beatles",99,8B,73,2025-11-30,03:28,66,"classic rock, psychedelic rock","Magical Mystery Tour (Remastered)",1967-11-27,48,31,0,81,0,40,-9,C Major,4,0vZ97gHhemKm6c64hTfJNA,GBAYE0601639,no
488,"Raindrops Keep Fallin' On My Head","B.J. Thomas",105,7B,45,2025-11-30,03:04,59,"","Raindrops Keep Fallin' On My Head",2005-00-00,52,81,0,65,0,10,-9,F Major,4,0oMTxTIHAt3hstaoObsmFs,USACU0501964,no
489,"L-O-V-E","Nat King Cole",78,12B,37,2025-11-30,02:35,76,"christmas, adult standards, vocal jazz","L-O-V-E",1965-01-11,43,69,0,66,0,0,-8,E Major,4,4QxDOjgpYtQDxxbWPuEJOy,USCA29000091,no
490,"Unforgettable","Natalie Cole,Nat King Cole",86,7B,29,2025-11-30,03:30,63,"quiet storm, christmas, adult standards, vocal jazz","Unforgettable: With Love",1991-06-11,29,85,0,14,0,0,-13,F Major,4,2MVQbDuhVs2muWFURtIdNb,USEE19100030,no
491,"Chicago","Frank Sinatra",148,7B,51,2025-11-30,02:13,46,"christmas, big band, adult standards, swing music, jazz, vocal jazz","Ultimate Sinatra",2015-04-17,53,65,0,81,0,30,-7,F Major,4,3OhpnxZyvIIxl62haM4Eth,USCA28800144,no
492,"The Way You Look Tonight","Frank Sinatra",132,4A,24,2025-11-30,03:22,71,"christmas, big band, adult standards, swing music, jazz, vocal jazz","Days Of Wine And Roses, Moon River And Other Academy Award Winners",1964-00-00,62,80,0,59,0,10,-14,F Minor,4,0elmUoU7eMPwZX1Mw1MnQo,USRH10800815,no
493,"My Way","Frank Sinatra",75,10B,38,2025-11-30,04:36,79,"christmas, big band, adult standards, swing music, jazz, vocal jazz","My Way (Expanded Edition)",1969-03,40,70,0,23,0,10,-7,D Major,4,3spdoTYpuCpmq19tuD0bOe,USRH10902101,no
494,"That's Life","Frank Sinatra",113,9A,43,2025-11-30,03:07,76,"christmas, big band, adult standards, swing music, jazz, vocal jazz","That's Life",1966-11,56,55,0,66,0,30,-14,E Minor,3,4FmCUATNIarCQh72JYdvnm,USRH10800967,no
495,"I Get A Kick Out Of You","Frank Sinatra",178,4A,38,2025-11-30,03:14,57,"christmas, big band, adult standards, swing music, jazz, vocal jazz","Sinatra And Swingin' Brass",1962-07,40,56,0,78,0,50,-11,F Minor,4,3mKdw0slI6wmnb1FBrvwn2,USRH10800750,no
496,"I've Got You Under My Skin","Frank Sinatra",127,3B,42,2025-11-30,03:43,38,"christmas, big band, adult standards, swing music, jazz, vocal jazz","Platinum",2023-10-27,57,54,0,62,0,10,-6,C♯/D♭ Major,4,0OxeH4biPKnJ022yE6fUu3,USCA29800426,no
497,"Strangers In The Night","Frank Sinatra",90,7B,47,2025-11-30,02:37,74,"christmas, big band, adult standards, swing music, jazz, vocal jazz","Strangers In The Night (Expanded Edition)",1966-05,26,59,0,54,0,20,-8,F Major,4,74VR3AkGPhbYXnxcOYa16x,USRH10800935,no
498,"All or Nothing at All","Frank Sinatra",129,7A,50,2025-11-30,03:59,49,"christmas, big band, adult standards, swing music, jazz, vocal jazz","Strangers In The Night (Expanded Edition)",1966-05,50,34,0,53,0,0,-8,D Minor,4,290Hwi5fTlIPTAymzadZti,USRH10800937,no
499,"Come Fly With Me - Live At The Sands Hotel And Casino/1966","Frank Sinatra",152,4B,56,2025-11-30,03:45,36,"christmas, big band, adult standards, swing music, jazz, vocal jazz","Sinatra At The Sands",1966-07,51,45,0,83,30,90,-9,G#/A♭ Major,4,4u4kBbeXn3mswdgllfzlfz,USRH10800945,no
500,"Viva Las Vegas","Elvis Presley",144,9B,57,2025-11-30,02:24,63,"rockabilly, rock and roll","Elvis' Gold Records, Vol. 4",1968-01-22,61,82,0,86,0,30,-11,G Major,4,5Q7ayTarb9Tpmkik5cVMug,USRC16301778,no
501,"Jailhouse Rock","Elvis Presley",167,3A,54,2025-11-30,02:26,73,"rockabilly, rock and roll","Platinum - A Life In Music",1997-07-15,62,33,0,91,0,10,-10,A#/B♭ Minor,4,452KBpASS5lZLeJWX9Ixub,USRC15705223,no
502,"Can't Help Falling in Love","Elvis Presley",100,10B,29,2025-11-30,03:05,84,"rockabilly, rock and roll","Blue Hawaii",1961-10-20,40,94,0,34,0,10,-14,D Major,3,44AyOl4qVkzS48vBsbNXaC,USRC16101350,no
503,"Baby, Let's Play House","Austin Butler",112,11B,94,2025-11-30,02:13,40,"","ELVIS (Original Motion Picture Soundtrack)",2022-06-24,45,0,4,48,10,30,-7,A Major,4,1MHGgjXOt1Mz9sRlH6ExJu,USRC12201939,no
504,"All of Me","John Legend",120,4B,26,2025-11-30,04:29,88,"soft pop, neo soul","Love In The Future (Expanded Edition)",2013-08-30,42,92,0,33,0,10,-7,G#/A♭ Major,4,3U4isOIWM3VvDubwSI3y7a,USSM11303954,no
505,"Stay With Me","Sam Smith",84,8B,42,2025-11-30,02:52,84,"soft pop","In The Lonely Hour",2014-05-26,41,59,0,19,0,10,-6,C Major,4,5Nm9ERjJZ5oyfXZTECKmRt,GBUM71308833,no
506,"Photograph","Ed Sheeran",108,12B,38,2025-11-30,04:18,88,"soft pop","x (Deluxe Edition)",2014-06-21,61,61,0,20,0,10,-10,E Major,4,1HNkqx9Ahdgi1Ixy2xkKkL,GBAHS1400094,no
507,"Photograph","Nickelback",146,4B,88,2025-11-30,04:18,71,"post-grunge, rock","All the Right Reasons",2005-09-26,52,0,0,39,0,10,-4,G#/A♭ Major,4,3hb2ScEVkGchcAQqrPLP0R,NLA320581256,no
508,"How You Remind Me","Nickelback",172,6B,76,2025-11-30,03:43,89,"post-grunge, rock","Silver Side Up",2001-09-11,45,0,0,54,0,10,-5,A#/B♭ Major,4,0gmbgwZ8iqyMPmXefof8Yf,NLA320119533,no
509,"Someday","Nickelback",163,10A,86,2025-11-30,03:27,79,"post-grunge, rock","The Long Road",2003-09-23,46,0,0,60,0,20,-6,B Minor,4,4PkJ7c9y1CwpuVOiJODnCZ,NLA320320275,no
510,"Bring Me To Life","Evanescence",95,9A,94,2025-11-30,03:55,92,"alternative metal","Fallen",2003-03-04,33,1,0,30,0,20,-3,E Minor,4,0COqiPhxzoWICwFCS4eZcp,USWU30200093,no
511,"My Immortal","Evanescence",79,11B,27,2025-11-30,04:22,80,"alternative metal","Fallen",2003-03-04,19,86,0,10,0,10,-9,A Major,4,4UzVcXufOhGUwF56HT7b8M,USWU30200104,no
512,"Call Me When You're Sober","Evanescence",93,9B,88,2025-11-30,03:34,77,"alternative metal","The Open Door",2006-01-01,45,0,0,33,0,20,-4,G Major,4,663Karu2rvKLdnY0eo1n3M,USWU30600102,no
513,"Behind These Hazel Eyes","Kelly Clarkson",90,11B,89,2025-11-30,03:18,65,"christmas","Breakaway",2004-01-17,55,0,0,43,0,20,-5,A Major,4,0AKAxdNkwq9ZxRdW1DN9zW,GBCTA0400263,no
514,"Because of You","Kelly Clarkson",140,4A,58,2025-11-30,03:39,70,"christmas","Breakaway",2004-01-17,58,25,0,14,0,10,-5,F Minor,4,3f3omU8n47Mqyab5nCaGyT,GBCTA0400265,no
515,"Bleeding Love","Leona Lewis",104,7B,66,2025-11-30,04:22,82,"","Spirit",2007-00-00,64,19,0,23,0,10,-6,F Major,4,7wZUrN8oemZfsEd1CGkbXE,GBHMU0700049,no
516,"All By Myself","Céline Dion",119,10A,33,2025-11-30,05:12,73,"variété française","Falling into You",1996-03-11,34,35,2,8,0,0,-10,B Minor,4,0gsl92EMIScPGV1AU35nuD,CAC229800162,no
517,"My Heart Will Go On - Love Theme from  Titanic ","Céline Dion,James Horner",96,12A,12,2025-11-30,05:10,60,"variété française, soundtrack, score","Titanic: Original Motion Picture Soundtrack - Collector's Anniversary Edition",1997-00-00,22,80,0,4,0,10,-20,C♯/D♭ Minor,4,7F1yVPuJ4xRdrDvf8OL0HF,CAC229700123,no
518,"Because You Loved Me (Theme from  Up Close and Personal )","Céline Dion",120,3B,47,2025-11-30,04:33,78,"variété française","Falling into You",1996-03-11,62,31,0,18,0,10,-10,C♯/D♭ Major,4,28UMiBhn383n9S7GL4tsxD,CAC229600025,no
519,"I Knew I Loved You","Savage Garden",85,11B,50,2025-11-30,04:10,74,"","Affirmation",1999-11-09,61,32,0,74,0,0,-10,A Major,4,6nozDLxeL0TE4MS9GqYU1v,USSM19910036,no
520,"Please Forgive Me","Bryan Adams",134,11B,46,2025-11-30,05:55,56,"","Anthology",2005-10-18,59,52,0,14,0,10,-7,A Major,4,1HDaENkQhUMm16pjdxZvHn,USAM19390014,no
521,"Have You Ever Really Loved A Woman? - From  Don Juan DeMarco  Soundtrack","Bryan Adams",146,9B,48,2025-11-30,04:51,75,"","18 Til I Die",1996-06-04,57,54,0,36,0,0,-10,G Major,3,32Gf5A7Hr8RdgggXG0Fdks,USAM19500599,no
522,"(Everything I Do) I Do It For You","Bryan Adams",131,3B,37,2025-11-30,06:34,69,"","Waking Up The Neighbours",1991-09-24,53,8,0,25,0,0,-13,C♯/D♭ Major,4,6eBK3edMW7bEzecF1eCezc,USAM19190012,no
523,"Summer Of '69","Bryan Adams",139,10B,88,2025-11-30,03:35,24,"","Anthology",2005-10-18,51,2,0,77,0,10,-5,D Major,4,6n6RGnik6EjXbrHoIuq3W3,USAM18490006,no
524,"True Colors","Cyndi Lauper",171,8B,21,2025-11-30,03:47,71,"","True Colors",1986-10-14,40,70,0,27,0,10,-13,C Major,4,2A6yzRGMgSQCUapR2ptm6A,USSM18600632,no
525,"Love Is A Battlefield","Pat Benatar",91,7A,63,2025-11-30,04:05,61,"aor","The Collection",2001-01-01,67,1,2,86,0,10,-12,D Minor,4,4p1PizAGdglm2sVvPuFPWs,USCH38300002,no
526,"Like a Virgin","Madonna",120,2A,66,2025-11-30,03:38,75,"","Like a Virgin",1984-11-12,77,15,0,97,0,0,-11,D#/E♭ Minor,4,1ZPlNanZsJSPK5h9YZZFbZ,USWB10002748,no
527,"Isn't She Lovely","Stevie Wonder",119,12A,69,2025-11-30,03:19,77,"motown, classic soul, soul","The Definitive Collection (Deluxe Edition)",2002-10-29,75,20,0,90,0,0,-9,C♯/D♭ Minor,4,3NlLmKBJozwoi0k03Feb1N,USMO19682655,no
528,"Die Another Day","Madonna",124,5A,76,2025-11-30,04:39,36,"","Music From The MGM Motion Picture Die Another Day",2002-11-12,80,9,0,49,0,10,-7,C Minor,4,6KUQfbYcFIGZtyr0mdQuv4,USWB10202888,no
529,"Part-Time Lover","Stevie Wonder",175,3A,62,2025-11-30,04:12,75,"motown, classic soul, soul","In Square Circle",1985-09-13,66,17,0,96,0,0,-14,A#/B♭ Minor,4,0Dm43YLUlGdePpSbI1ct8h,USMO18500543,no
530,"Thriller","Michael Jackson",118,1B,69,2025-11-30,05:58,89,"","Thriller",1982-11-30,77,3,0,78,0,80,-10,B Major,4,2LlQb7Uoj1kKyGhlkBf9aC,USSM19902989,no
531,"Beat It","Michael Jackson",139,2A,71,2025-11-30,04:18,97,"","Thriller",1982-11-30,78,2,0,90,0,20,-9,D#/E♭ Minor,4,3BovdzfaX4jb5KFQwoPfAw,USSM19902990,no
532,"Billie Jean","Michael Jackson",117,10A,46,2025-11-30,04:53,99,"","Thriller",1982-11-30,93,2,4,88,0,0,-10,B Minor,4,7J1uxwnxfQLu4APicE5Rnj,USSM19902991,no
533,"All For You","Janet Jackson",114,10B,93,2025-11-30,05:29,70,"new jack swing","All For You",2001-01-01,75,2,7,73,0,10,-3,D Major,3,5X8kkUaUlAyAUr9TYqDFTH,USVI20100057,no
534,"Yeah! (feat. Lil Jon & Ludacris)","USHER,Lil Jon,Ludacris",105,10B,79,2025-11-30,04:10,89,"r&b, crunk, southern hip hop","Confessions (Expanded Edition)",2004-03-23,89,2,0,58,10,0,-5,D Major,4,5rb9QrpfcKFHM1EUbSIurX,USAR10301423,no
535,"My Boo","USHER,Alicia Keys",86,7B,51,2025-11-30,03:43,83,"r&b, neo soul","Confessions (Expanded Edition)",2004-03-23,66,26,0,68,10,0,-8,F Major,4,68vgtRHr7iZHpzGpon6Jlo,USAR10400887,no
536,"Hella Good","No Doubt",115,4B,67,2025-11-30,04:02,74,"","Rock Steady (Expanded Edition)",2001-12-11,77,1,1,84,0,0,-4,G#/A♭ Major,4,6AfLmKXzhEZjwiVPs5jhdV,USIR10120439,no
537,"Hey Baby","No Doubt,Bounty Killer",94,10A,87,2025-11-30,03:27,64,"dancehall, ragga, reggae, riddim, lovers rock","Rock Steady (Expanded Edition)",2001-12-11,71,6,0,75,10,20,-4,B Minor,4,2QsoVMTKj5m5kgztTOep98,USIR10120513,no
538,"Hollaback Girl","Gwen Stefani",110,3A,92,2025-11-30,03:19,77,"","Love. Angel. Music. Baby. (Deluxe Version)",2004-11-12,93,35,0,90,0,0,-2,A#/B♭ Minor,4,0LzrhCZFXW94Y8nwtTuRlw,USIR10400847,yes
539,"Stacy's Mom","Fountains Of Wayne",118,10A,75,2025-11-30,03:17,79,"power pop","Welcome Interstate Managers",2003-01-01,77,0,0,93,0,0,-5,B Minor,4,27L8sESb3KR79asDUBu8nW,USESC0300016,no
540,"Glamorous","Fergie,Ludacris",131,8B,76,2025-11-30,04:06,75,"southern hip hop","The Dutchess",2006-09-13,81,29,0,63,20,0,-6,C Major,4,4KTtYhxFtFL7mBwnjkKfLm,USUM70609119,yes
541,"1985","Bowling For Soup",120,12B,89,2025-11-30,03:13,75,"pop punk, punk","A Hangover You Don't Deserve",2004-00-00,61,0,0,90,0,30,-4,E Major,4,5oQcOu1omDykbIPSdSQQNJ,USJI10400613,no
542,"No Scrubs","TLC",93,1A,68,2025-11-30,03:34,88,"","Fanmail",1999-02-23,74,3,0,59,10,0,-4,G#/A♭ Minor,4,1KGi9sZVMeszgZOWivFpxs,USLF29900479,no
543,"Survivor","Destiny's Child",161,12A,91,2025-11-30,04:14,72,"","Survivor",2001-05-01,51,6,0,62,40,70,-2,C♯/D♭ Minor,4,2Mpj1Ul5OFPyyP4wB62Rvi,USSM10019326,no
544,"Hot In Herre","Nelly",107,10A,74,2025-11-30,03:48,81,"","Nellyville",2002-06-25,96,20,0,91,10,0,-5,B Minor,4,04KTF78FFg8sOHC1BADqbY,USUR10200371,yes
545,"Crazy In Love (feat. JAY-Z)","Beyoncé,JAŸ-Z",99,7A,77,2025-11-30,03:56,82,"hip hop, east coast hip hop, rap","Dangerously In Love",2003-06-24,65,0,0,68,20,0,-7,D Minor,4,5IVuqXILoxVWvWEPm82Jxr,USSM10305425,no
546,"Cry Me a River","Justin Timberlake",74,1A,65,2025-11-30,04:48,81,"","Justified",2002-11-04,62,58,0,56,10,10,-7,G#/A♭ Minor,4,7Lf7oSEVdzZqTA0kEDSlS5,USJI10200366,no
547,"Heart-Shaped Box","Nirvana",203,3B,64,2025-11-30,04:41,85,"grunge, rock","In Utero (Deluxe Edition)",1993-09-21,26,20,3,38,0,0,-10,C♯/D♭ Major,4,11LmqTE2naFULdEP94AUBa,USGF19960703,no
548,"If I Were a Boy","Beyoncé",90,2B,52,2025-11-30,04:09,69,"","I AM...SASHA FIERCE",2008-11-14,63,11,0,43,0,30,-6,F#/G♭ Major,4,26NX1wPt1TRCH536yocd6i,USSM10803202,no
549,"Halo","Beyoncé",80,10A,72,2025-11-30,04:21,70,"","I AM...SASHA FIERCE",2008-11-14,51,27,0,47,0,0,-6,B Minor,4,3ERa3mEeOnrh2Mc47qM6T1,USSM10804556,no
550,"Fight Song","Rachel Platten",176,9B,71,2025-11-30,03:24,77,"","Wildfire",2016-01-01,56,5,0,33,10,10,-5,G Major,4,37f4ITSlgPX81ad2EvmVQr,USSM11500753,no
551,"Good Life","OneRepublic",95,2B,69,2025-11-30,04:13,78,"soft pop","Waking Up",2009-01-01,63,8,0,65,0,10,-8,F#/G♭ Major,4,6OtCIsQZ64Vs1EbzztvAv4,USUM70999110,yes
552,"Me and Julio Down by the Schoolyard","Paul Simon",105,11B,82,2025-12-01,02:44,72,"singer-songwriter","Paul Simon",1972-01-14,63,24,0,80,10,10,-11,A Major,4,6vxHp3CDNo0afgKGp2yi1E,USSM11002239,no
553,"Mr. Sandman","The Chordettes",111,11B,41,2025-12-01,02:23,65,"doo-wop","The Chordettes' Best",1957-01-01,62,61,0,70,0,0,-8,A Major,4,5VbwM8nvvQLXcwsZUwgm9K,USZZM1010646,no
554,"Telephone Line","Electric Light Orchestra",71,11B,37,2025-12-01,04:39,69,"art rock, soft rock","A New World Record",1976-09-01,47,77,0,21,0,0,-8,A Major,4,3SPcBPzvbmWLl8NU5efx4W,USSM18600411,no
555,"The Real Thing","Bo Bice",147,10B,87,2025-12-01,03:21,33,"","The Real Thing",2005-10-25,49,7,0,50,0,0,-4,D Major,4,3T3Epzn2xHawkZ7uzxR13p,GBCTA0500229,no
556,"Don't Stop Believin' (2022 Remaster)","Journey",119,12B,75,2025-12-01,04:09,87,"aor, classic rock","Escape (2022 Remaster)",1981-07-17,51,13,0,51,0,20,-7,E Major,4,5RKQ5NdjSh2QzD4MaunT91,USSM18100116,no
557,"With Or Without You","U2",110,10B,54,2025-12-01,04:56,59,"rock","U218 Singles",2006-01-01,55,0,24,12,0,10,-7,D Major,4,6QPhpvO1pWDS91EsEmzsbc,GBAAN8790003,no
558,"Good Riddance (Time of Your Life)","Green Day",95,9B,43,2025-12-01,02:33,83,"punk, pop punk","Nimrod",1997-10-14,48,18,0,65,0,10,-8,G Major,4,6ORqU0bHbVCRjXm9AjyHyZ,USRE19700545,yes
559,"Boulevard of Broken Dreams","Green Day",167,4B,58,2025-12-01,04:20,84,"punk, pop punk","American Idiot (20th Anniversary Deluxe Edition)",2024-10-25,51,0,0,61,0,0,-8,G#/A♭ Major,4,0U87auHx1iZTEFcq9KVdmO,USRE11200337,yes
560,"Hungry Eyes - From  Dirty Dancing  Soundtrack","Eric Carmen",110,7B,55,2025-12-01,04:11,81,"yacht rock","The Definitive Collection",1997-00-00,71,1,0,55,0,10,-9,F Major,4,31H6au3jhblhr6MMJiXnCq,USRC19708312,no
561,"2 Much Booty","Down South",129,9B,92,2025-12-01,04:54,38,"miami bass, baltimore club","Bass Kings (Volume 1)",1999-01-01,92,0,4,55,10,20,-6,G Major,4,5lm3l9npXIV0ykvmEWhPzX,USTB11200182,yes
562,"(I've Had) The Time Of My Life - theme from the motion picture  Dirty Dancing ","Bill Medley,Jennifer Warnes",108,11A,78,2025-12-01,04:49,72,"","The Best Of Bill Medley",1988-10-03,66,13,0,51,0,20,-11,F#/G♭ Minor,4,2JCTiiJQFWQNC0Zp8rsJRB,USRC18805767,no
563,"We Are The World","U.S.A. For Africa",73,12B,45,2025-12-01,07:07,75,"","We Are The World",1985-01-01,53,19,0,29,0,0,-15,E Major,4,3Z2tPWiNiIpg8UMMoowHIk,US25T8511672,no
564,"Ramalama (Bang Bang)","Róisín Murphy",107,11B,66,2025-12-01,03:35,68,"art pop, electropop","Ruby Blue",2005-06-13,82,21,0,52,0,10,-8,A Major,4,1i4JlWqVDl8nG8lL6ybjuN,GBBND0501431,no
565,"Brown Eyed Girl","Van Morrison",77,9B,68,2025-12-02,03:06,83,"","Blowin' Your Mind!",1967-09-01,61,18,0,93,0,10,-10,G Major,4,4CNL4GBNTdVIU5Nk6hB4LC,USSM16700357,no
566,"Maneater","Daryl Hall & John Oates",89,10A,50,2025-12-02,04:33,87,"yacht rock, soft rock","H2O",1982-10-04,72,4,0,82,0,0,-13,B Minor,4,7j74lucZ59vqN67Ipe2ZcY,USRC10301821,no
567,"Maneater","Nelly Furtado",133,2B,78,2025-12-02,04:18,87,"","Loose",2006-01-01,80,3,0,79,0,10,-5,F#/G♭ Major,4,4wH4dJgrsxONID6KS2tDQM,USUM70601449,no
568,"Fuck You","CeeLo Green",127,8B,83,2025-12-02,03:42,76,"","The Lady Killer",2010-10-29,69,13,0,74,0,10,-6,C Major,4,5D5Iwi9xI64mqdQOU9lTui,USAT21001768,yes
569,"Crazy","Gnarls Barkley,CeeLo Green,Danger Mouse",112,4B,74,2025-12-02,03:02,79,"","St. Elsewhere",2006-00-00,84,2,6,61,0,0,-2,G#/A♭ Major,4,6o1l9I0faXJN2iqulHrdCQ,USAT20611041,no
570,"The Bitch Is Back - Remastered 1995","Elton John",133,3B,86,2025-12-02,03:44,81,"","Caribou (Remastered 1995)",1974-06-28,59,4,0,94,0,10,-7,C♯/D♭ Major,4,40tnCfx2mTtHozyaRDcYC5,GBAMB9500040,no
571,"Evil Woman","Electric Light Orchestra",120,8A,63,2025-12-02,04:11,56,"art rock, soft rock","All Over The World: The Very Best Of ELO",2005-08-02,69,44,0,89,0,40,-8,A Minor,4,4N6HYihypXOVL24bnaR4fp,USSM10015758,no
572,"1, 2, 3, 4","Plain White T's",91,10B,55,2025-12-02,03:18,61,"","Big Bad World",2008-01-01,46,57,0,56,0,10,-7,D Major,4,5VWmMZCfJ4yVkJw9ZLFXej,USHR10824091,no
573,"You Are My Sunshine","Johnny Cash",90,11B,26,2025-12-02,03:16,55,"classic country, outlaw country, country","Unearthed",2003-01-01,42,84,0,56,0,50,-15,A Major,4,76pllrWpfiCoLGhijQBYhO,USDJ20301204,no
574,"My Girl","The Temptations",105,8B,42,2025-12-02,02:45,83,"motown, classic soul, soul","The Temptations Sing Smokey",1965-03-22,57,64,0,69,0,10,-11,C Major,4,745H5CctFr12Mo7cqa1BMH,USMO16490001,no
575,"Mother","Pink Floyd",135,9B,15,2025-12-02,05:34,70,"progressive rock, psychedelic rock, classic rock, art rock, rock","The Wall",1979-11-30,58,24,1,12,0,0,-17,G Major,4,1GEOSS415bZVHNuXWlCT6b,GBN9Y1100100,no
576,"These Eyes","The Guess Who",96,9B,38,2025-12-02,03:46,63,"classic rock","Wheatfield Soul",1969-03-01,56,49,0,76,0,10,-11,G Major,4,5lEyMg4GNKnMbaarvT4sRd,USRC10301167,no
577,"American Woman - 2024 Remaster","The Guess Who",94,11B,67,2025-12-02,05:07,65,"classic rock","American Woman (Expanded Edition)",1970-01-01,55,33,0,34,0,50,-11,A Major,4,2FT4gakd3matx4vI6YCTD8,USRC10001083,no
578,"I Finally Found Someone (feat. Bryan Adams)","Barbra Streisand,Bryan Adams",139,2B,22,2025-12-02,03:41,63,"adult standards, ","The Mirror Has Two Faces - Music From The Motion Picture",1996-10-15,57,68,0,7,0,10,-15,F#/G♭ Major,4,2WthqeuPLwn0CHwCMrlt6L,USSM19603517,no
579,"You're Still The One","Shania Twain",134,5B,53,2025-12-02,03:32,78,"country","Come On Over (Diamond Edition / Super Deluxe)",1997-00-00,58,27,0,50,0,10,-7,D#/E♭ Major,4,3x2ksaXI6EZUWidE2BiLXy,USMR19887499,no
580,"Have I Told You Lately - 2008 Remaster","Rod Stewart",143,6B,37,2025-12-02,04:01,69,"soft rock","Vagabond Heart (Expanded Edition)",1991-00-00,52,50,0,29,0,0,-14,A#/B♭ Major,4,6mIY6O7uNGgVqOoX70UAYh,USWB10807203,no
581,"Da Ya Think I'm Sexy?","Rod Stewart",112,7A,69,2025-12-02,05:31,80,"soft rock","Blondes Have More Fun",1978-11-24,72,1,0,85,0,10,-8,D Minor,4,4z7maGZkAonDlXlwo8q69f,USWB10807926,no
582,"The Rose","Bette Midler",65,8B,10,2025-12-02,03:35,48,"","Jackpot! The Best Bette",2008-01-09,26,94,0,8,0,10,-13,C Major,3,5iUzEn2QzBW0KEWNQO1KQC,USAT20706105,no
583,"When a Man Loves a Woman","Percy Sledge",97,3B,15,2025-12-02,02:53,71,"motown, classic soul, soul","When a Man Loves a Woman",1966-00-00,52,13,8,21,0,10,-20,C♯/D♭ Major,3,51FpzuGkRYXFgsE2zXt9av,USAT29902050,no
584,"Stand By Me","Ben E. King",118,11B,31,2025-12-02,03:00,82,"","Don't Play That Song (Mono)",1962-08-20,65,57,0,61,0,0,-9,A Major,4,3SdTKo2uVsxFblQjpScoHy,USAT21402270,no
585,"Ain't No Mountain High Enough","Marvin Gaye,Tammi Terrell",130,9B,60,2025-12-02,02:31,87,"motown, classic soul, soul, northern soul, quiet storm","United",1967-08-29,66,43,0,80,0,10,-11,G Major,4,7tqhbajSfrz2F7E1Z75ASX,USMO16700534,no
586,"Hallelujah","Jeff Buckley",97,8B,14,2025-12-02,06:53,73,"","Grace",1994-00-00,32,93,0,8,0,10,-10,C Major,3,3pRaLNL3b8x5uBOcsgvdqM,USSM19400915,no
587,"Lover, You Should've Come Over","Jeff Buckley",119,10B,60,2025-12-02,06:44,87,"","Grace",1994-00-00,39,36,0,15,0,10,-6,D Major,3,6Jv7kjGkhY2fT4yuBF3aTz,USSM19400916,no
588,"I'm Not In Love","10cc",134,12B,52,2025-12-02,06:06,81,"yacht rock, art rock, glam rock","The Original Soundtrack",1975-00-00,40,69,0,16,0,20,-16,E Major,4,5HQEmiV2lKnSO6qa2fsR7x,GBF087500001,no
589,"Radioactive","Imagine Dragons",136,11B,78,2025-12-02,03:06,75,"","Night Visions",2012-09-04,45,10,0,24,0,60,-4,A Major,4,4G8gkOterJn0Ywt6uhqbhp,USUM71201074,no
590,"Demons","Imagine Dragons",90,5B,71,2025-12-02,02:55,77,"","Night Visions",2012-09-04,50,19,0,42,0,30,-3,D#/E♭ Major,4,3LlAyCYU26dvFZBDUIMb7a,USUM71201071,no
591,"Wing$","Macklemore & Ryan Lewis,Macklemore,Ryan Lewis",73,5B,60,2025-12-02,04:59,47,"","The Heist (Deluxe Edition)",2012-10-09,40,36,0,9,20,10,-7,D#/E♭ Major,4,2mtB7ekPzvNoieI62jYeJD,GMM881200011,no
592,"Absolutely (Story of a Girl) - Radio Mix","Nine Days",96,9B,94,2025-12-02,03:09,69,"","The Madding Crowd",2000-05-16,48,0,0,66,0,0,-5,G Major,4,3mNecsYFb6LQg7822DPXCP,USSM10001437,no
593,"Handlebars","Flobots",142,7B,57,2025-12-02,03:26,66,"","Fight With Tools",2008-01-01,70,2,0,52,10,10,-7,F Major,4,6JH9yWhgbm0y9iAJhCslNc,USUM70810498,no
594,"Lifestyles of the Rich & Famous","Good Charlotte",106,3B,93,2025-12-02,03:10,73,"pop punk, punk, emo","The Young and The Hopeless",2002-10-04,62,0,0,61,0,0,-4,C♯/D♭ Major,4,2g2a5kDeZexbUTD8abcvm6,USSM10210275,no
595,"I Just Wanna Live","Good Charlotte",111,3A,83,2025-12-02,02:46,66,"pop punk, punk, emo","The Chronicles of Life and Death ( LIFE  version)",2004-09-28,80,1,0,94,0,10,-5,A#/B♭ Minor,4,5TjwiYZVMHVrGvRzbeCaV7,USSM10412717,no
596,"Addicted","Simple Plan",140,3B,75,2025-12-02,03:52,67,"pop punk, punk, emo","No Pads, No Helmets...Just Balls (15th Anniversary Tour Edition)",2002-03-19,52,0,0,61,0,10,-5,C♯/D♭ Major,3,1B8MHa0NveCF1ViBEOZWO5,USAT20200122,no
597,"Welcome to My Life","Simple Plan",173,3B,86,2025-12-02,03:26,63,"pop punk, punk, emo","Still Not Getting Any...",2004-10-25,42,1,0,49,10,0,-5,C♯/D♭ Major,4,714Lw0m2SmCEhKSPw0Dn8J,USAT20402001,no
598,"Time After Time","Cyndi Lauper",130,8B,45,2025-12-02,04:05,83,"","She's So Unusual",1983-10-14,73,49,0,29,0,0,-9,C Major,4,7o9uu2GDtVDr9nsR7ZRN73,USSM18300650,no
599,"What You Waiting For?","Gwen Stefani",136,7B,95,2025-12-02,03:41,68,"","Love. Angel. Music. Baby. (Deluxe Version)",2004-11-12,68,5,0,73,0,30,-3,F Major,4,7bZsx7Zif6FIhrcZrh0LVm,USIR10400692,no
600,"Leather and Lace - 2016 Remaster","Stevie Nicks,Don Henley",154,5B,43,2025-12-02,03:45,66,"yacht rock","Bella Donna (2016 Remastered)",1981-07-27,49,64,0,37,0,10,-9,D#/E♭ Major,4,7kXM2obnaUVl014k00cdhF,USRH11604200,no
601,"Landslide","Fleetwood Mac",159,6A,16,2025-12-02,03:19,88,"yacht rock, classic rock, soft rock","Fleetwood Mac",1975-07-11,41,88,0,42,0,10,-22,G Minor,4,5ihS6UUlyQAfmp48eSkxuQ,USWB19903197,no
602,"Go Your Own Way - 2004 Remaster","Fleetwood Mac",135,7B,94,2025-12-02,03:43,70,"yacht rock, classic rock, soft rock","Rumours (Super Deluxe)",1977-02-04,59,2,0,83,0,0,-5,F Major,4,4xh7W7tlNMIczFhupCPniY,USWB11301114,no
603,"Don't You (Forget About Me)","Simple Minds",111,10B,82,2025-12-02,04:23,80,"new wave","Once Upon A Time (Super Deluxe)",1985-00-00,66,17,2,68,0,0,-7,D Major,4,3fH4KjXFYMmljxrcGrbPj9,GBAAA8500001,no
604,"The Logical Song - Remastered 2010","Supertramp",120,4A,76,2025-12-02,04:11,72,"progressive rock, classic rock","Breakfast In America (Deluxe Edition)",1979-03-29,63,51,0,70,0,10,-6,F Minor,4,6mHOcVtsHLMuesJkswc0GZ,USUM71021480,no
605,"Greenback Boogie","Ima Robot",143,6B,54,2025-12-02,04:57,48,"","Greenback Boogie",2015-12-11,55,42,1,28,0,60,-10,A#/B♭ Major,4,74RBxG1kzNOYOgDGn5RO8S,USA2B1011801,no
606,"Give A Little Bit","Supertramp",91,10B,82,2025-12-02,04:08,50,"progressive rock, classic rock","Even In The Quietest Moments",1977-01-01,53,7,1,47,0,20,-5,D Major,4,6XUHsYE38CEbYunT983O9G,USAM19500634,no
607,"Breakfast In America","Supertramp",75,5A,49,2025-12-02,02:39,51,"progressive rock, classic rock","Breakfast In America",1979-03-29,60,46,0,80,0,0,-11,C Minor,4,4uKop5eqeLow56qacdfO1P,USAM17900029,no
608,"Wild Thing","The Troggs",204,11B,66,2025-12-02,02:35,65,"proto-punk","From Nowhere",1966-07-25,45,74,3,76,0,10,-13,A Major,4,7jGzYUZ2Bgg8BDfYlQRfn8,GBF086600001,no
609,"We're Not Gonna Take It","Twisted Sister",149,12B,92,2025-12-02,03:39,11,"glam metal, glam rock","Stay Hungry",1984-05-10,50,1,0,92,0,10,-6,E Major,4,1hlveB9M6ijHZRbzZ2teyh,USAT20000548,no
610,"Sweet Child O' Mine","Guns N' Roses",125,2B,95,2025-12-02,05:56,91,"rock, glam metal, hard rock, classic rock","Appetite For Destruction",1987-07-21,45,9,8,62,0,10,-5,F#/G♭ Major,4,7snQQk1zcKl8gZ92AnueZW,USGF18714809,no
611,"Take My Breath Away - Love Theme from  Top Gun ","Berlin",96,2B,72,2025-12-02,04:15,78,"","Top Gun - Motion Picture Soundtrack (Special Expanded Edition)",1999-01-01,50,6,0,55,0,40,-9,F#/G♭ Major,4,15MJ5NThPjj6xhPcts8MiY,USSM19801613,no
612,"Smooth (feat. Rob Thomas)","Santana,Rob Thomas",116,11B,92,2025-12-02,04:54,78,"","Supernatural (Legacy Edition)",1999-00-00,61,16,0,96,0,30,-4,A Major,4,2pX4FpOgwItRVPPUFdRcxA,USAR19900033,no
613,"Blood Runs Red","Matt Maeson",177,4B,82,2025-12-02,03:39,47,"","Never Had to Leave",2022-08-26,40,4,0,34,0,0,-5,G#/A♭ Major,4,2GvMT691dfhy4tU66YH5aB,USAT22201829,no
614,"I Go Crazy","Paul Davis",141,9A,46,2025-12-02,03:53,59,"yacht rock, soft rock","Singer of Songs, Teller of Tales",1977-03-17,53,26,0,27,0,20,-9,E Minor,4,08kvJTpcthAvvvW0BAcGHN,USSM17701034,no
615,"Butterfly","Crazy Town",104,8A,81,2025-12-02,03:36,77,"rap rock, nu metal","The Gift Of Game",2000-12-15,74,0,0,61,0,10,-4,A Minor,4,4BggEwLhGfrbrl7JBhC8EC,USSM19911429,no
616,"Crazy On You","Heart",130,8A,46,2025-12-02,04:53,73,"classic rock, aor, rock","Dreamboat Annie",1975-00-00,44,12,0,38,0,10,-12,A Minor,4,5zH710lFSLtkHbMkslLDjR,USCA28600007,no
617,"Crazy for You","Madonna",95,11B,72,2025-12-02,03:44,25,"","Celebration (double disc version)",2009-09-18,66,11,0,51,0,10,-7,A Major,4,6B4oVElDIKRNcNUary0WG7,USWB10903622,no
618,"Crazy Little Thing Called Love - Remastered 2011","Queen",77,8B,76,2025-12-02,02:43,73,"classic rock, rock, glam rock","The Game (Deluxe Remastered Version)",1980-06-27,60,71,0,72,0,30,-7,C Major,4,35ItUJlMtjOQW3SSiTCrrw,GBUM71029612,no
619,"Manic","Coleman Hell",100,1A,77,2025-12-02,03:26,0,"","Manic",2018-01-31,66,7,0,69,20,10,-7,G#/A♭ Minor,4,6CbMabu8jZmKGIYP8EZlS9,CAB391802016,no
620,"Suzie Q","Creedence Clearwater Revival",130,9A,62,2025-12-03,08:37,62,"classic rock, southern rock, country rock","Creedence Clearwater Revival (Expanded Edition)",1968-07-05,44,6,0,70,0,10,-11,E Minor,4,6Jp0GuFxAYbTdre1uUPgaB,USC4R0817579,no
621,"Guilty Party","Thunder Jackson",144,7B,77,2025-12-03,03:09,57,"","Thunder Jackson",2020-10-01,72,10,0,51,0,0,-5,F Major,4,3kllGiimMMnxHunCyhvLSf,ZZOPM2002187,no
622,"Up Where We Belong - From  An Officer And A Gentleman ","Joe Cocker,Jennifer Warnes",140,10B,31,2025-12-03,03:52,75,"","The Anthology",1999-08-17,62,63,0,23,0,0,-12,D Major,4,4U6mBgGP8FXN6UH4T3AJhu,USIR28200024,no
623,"Through Glass","Stone Sour",106,2A,75,2025-12-03,04:42,77,"post-grunge, alternative metal, nu metal","Come What(ever) May [10th Anniversary Edition]",2006-00-00,55,4,0,43,0,30,-5,D#/E♭ Minor,4,5NeIONQWJ25uPylJBJiO4c,NLA320682289,no
624,"Forever Young","Rod Stewart",102,12B,49,2025-12-03,04:08,66,"soft rock","Out of Order",1988-00-00,60,9,0,51,0,20,-18,E Major,4,6y4OjcEz7LMrdVGODrcAIv,USWB10807929,no
625,"Running Up That Hill (A Deal With God)","Kate Bush",108,3A,55,2025-12-03,04:58,87,"art pop, baroque pop, art rock","Hounds Of Love",1985-09-16,63,72,0,19,0,0,-13,A#/B♭ Minor,4,1PtQJZVZIdWIYdARpZRDFO,GBCNR8500002,no
626,"All I Need Is a Miracle","Mike + The Mechanics",135,8B,77,2025-12-03,04:12,60,"soft rock","Mike + The Mechanics",1985-10-05,60,3,0,97,0,0,-13,C Major,4,1VKXBgsRK7lWDSVbfANlf3,USAT28600029,no
627,"Numb","MEG MYERS",82,7B,69,2025-12-03,04:22,44,"","Take Me To The Disco",2018-07-20,51,1,0,29,0,10,-3,F Major,4,3XMyREykeptNpvd0tE75xw,QMCE31801717,no
628,"Rocky Mountain Way","Joe Walsh",86,12B,38,2025-12-03,05:15,70,"classic rock, southern rock","The Smoker You Drink, The Player You Get",1973-06-18,49,2,79,42,0,10,-15,E Major,4,2XHjFJVXYlEzoDvN82h8s5,USMC17344516,no
629,"The Ballad of Casey At the Bat","Joe Rathburn",115,9B,70,2025-12-03,05:33,16,"","The Baseball Songs",2013-04-22,64,62,0,61,0,10,-10,G Major,5,258gegO3p3GJY5ETmQcWAD,QMGJR1300004,no
630,"Go Cubs Go","Steve Goodman",99,8B,59,2025-12-03,02:53,36,"newgrass, outlaw country, alt country, americana","Cubbies Are Rockin'",2016-09-09,70,30,0,89,0,20,-10,C Major,4,3eCeilhCdaLiz1Aj0hBbtL,USY251706724,no
631,"The Mets","The New York Sports Fan",80,9A,33,2025-12-03,01:09,0,"","Mets, Jets & Nets",2008-11-20,45,41,0,55,0,0,-13,E Minor,4,6BGHH5k8oEeLKtdZJIKEMP,ushm90871797,no
632,"Superbowl Shuffle","Superbowl Superstar",106,3B,92,2025-12-03,06:03,19,"","Superbowl Superstars 2012",2012-01-19,95,0,0,74,20,30,-6,C♯/D♭ Major,4,2NaPbKk3mIdEaVo0BPyHxn,USA371607113,no
633,"Red Kingdom","Tech N9ne",100,8A,67,2025-12-03,02:21,57,"horrorcore","Red Kingdom",2019-09-11,80,37,0,32,0,10,-5,A Minor,4,5buj0D6E7rCRFi3xV9STYo,USZHR1800401,no
634,"Bear Down, Chicago Bears","The Polar Bear Singers",132,7B,75,2025-12-03,01:52,31,"","Bear Fight Songs",2007-01-01,69,52,0,81,0,40,-11,F Major,4,2KInKmwh7huVVIgsxsReWB,uscgh0736775,no
635,"That's How I Beat Shaq","Aaron Carter",106,11A,80,2025-12-03,03:24,33,"bubblegum pop","Aaron's Party (Come Get It)",2000-09-26,89,7,0,65,20,10,-5,F#/G♭ Minor,4,3RPjcyceIs824Edmp5ZqAE,USJI10000369,no
636,"Who’s On First","Abbott & Costello",113,7B,31,2025-12-03,05:05,19,"comedy, spoken word","Who's On First",2007-01-01,71,99,2,78,90,10,-15,F Major,4,5OFcGy4Uq3tO7EsQf46e7l,USA560630202,no
637,"Ladies Love David Wright","The New York Sports Fan",81,11B,53,2025-12-03,01:27,0,"","Mets, Jets & Nets",2008-11-20,63,25,0,70,20,0,-11,A Major,4,1Sit3bP7XNBuzDU43iqev0,ushm90871807,no
638,"Games People Play","The Alan Parsons Project",133,10A,56,2025-12-03,04:24,62,"progressive rock, classic rock","The Turn Of A Friendly Card",1980-11-01,71,23,0,67,0,10,-14,B Minor,4,0PbFXpNL2f34qFtJrR3OSW,USAR19700016,no
639,"Bad To The Bone","George Thorogood & The Destroyers",149,8B,73,2025-12-03,04:52,73,"classic rock, blues rock, southern rock","BAD TO THE BONE",1982-01-01,46,1,7,96,0,30,-12,C Major,1,6s0NHplywwr1IjnQpUpWJk,USEM38500069,no
640,"I Wouldn't Want to Be Like You","The Alan Parsons Project",101,3B,35,2025-12-03,03:23,63,"progressive rock, classic rock","I Robot",1977-07-08,66,47,0,24,0,0,-20,C♯/D♭ Major,4,4sCCZW0ezEPAexAidFsoVm,USAR19700003,no
641,"Imaginary Lover","Atlanta Rhythm Section",109,8A,37,2025-12-03,05:07,54,"southern rock, yacht rock, country rock, soft rock","Champagne Jam",1978-01,60,38,55,41,0,10,-14,A Minor,4,3qxBN4nWvSDibXmEq5of9E,USWWW0201127,no
642,"I'd Do Anything For Love (But I Won't Do That) - Single Edit","Meat Loaf",105,10B,67,2025-12-03,05:16,64,"","Bat Out Of Hell II: Back Into Hell",1993-00-00,42,62,0,30,0,40,-6,D Major,4,391CwgcBxvUHmEKda2b5In,USMC19341323,no
643,"Hot Patootie - Bless My Soul","Meat Loaf",163,3B,76,2025-12-03,03:03,54,"","The Rocky Horror Picture Show - Original Soundtrack",1975-01-10,47,18,2,86,0,30,-9,C♯/D♭ Major,4,0E5VCfEC70ubAAHfjRasAK,USA560853995,no
644,"Paradise By the Dashboard Light","Meat Loaf",173,10B,87,2025-12-03,08:29,67,"","Bat Out Of Hell",1977-10-21,33,21,0,49,10,40,-8,D Major,4,2g7gviEeJr6pyxO7G35EWQ,USSM11206829,no
645,"In the Moonlight - From  Modern Family ","Modern Family Cast,Dylan",139,10B,78,2025-12-03,03:02,45,"","In the Moonlight (From  Modern Family )",2009-10-20,51,2,0,19,0,10,-7,D Major,4,7laa0EhbC6cdx8cGt5gSa5,USFM90900180,no
646,"Two Out of Three Ain't Bad","Meat Loaf",80,11B,48,2025-12-03,05:26,61,"","Bat Out Of Hell",1977-10-21,59,39,0,49,0,0,-9,A Major,4,2ph0hzV1kCVhR82E2La4q5,USSM11206828,no
647,"Rock And Roll All Nite - 2025 Remaster","KISS",145,3B,86,2025-12-04,02:47,75,"glam rock, glam metal, hard rock, rock, classic rock","Dressed To Kill (2025 Remaster)",1975-00-00,65,2,0,93,0,0,-9,C♯/D♭ Major,4,1Buwv1iql0YsxftE5LHIgq,USPR37509157,no
648,"Somewhere Out There - From  An American Tail  Soundtrack","Linda Ronstadt,James Ingram",80,8B,22,2025-12-04,03:58,58,"country rock, mariachi, yacht rock","An American Tail",1986-01-01,32,82,0,12,0,10,-16,C Major,4,6Zd6gSMyyjSybIw4lK9Ecy,USMC18621884,no
649,"Talking to the Moon","Bruno Mars",146,12A,59,2025-12-04,03:37,87,"","Doo-Wops & Hooligans",2010-05-11,50,51,0,8,0,10,-5,C♯/D♭ Minor,4,161DnLWsx1i3u1JT05lzqU,USAT21001985,no
650,"Arthur's Theme (Best That You Can Do)","Christopher Cross",137,11B,52,2025-12-04,03:54,77,"yacht rock, soft rock","Arthur - The Album [Original Soundtrack]",2008-02-19,53,17,0,52,0,10,-11,A Major,4,5fnOrhQ4KgT5irGCjIccGH,USWB10800109,no
651,"Howling At The Moon","Phantogram",100,9A,97,2025-12-04,03:58,48,"","Voices",2014-02-18,60,2,0,15,0,20,-1,E Minor,4,00RYw42tKwXecTaVay3BKl,USUM71318567,no
652,"All By Myself","Eric Carmen",116,6A,37,2025-12-04,07:09,68,"yacht rock","Eric Carmen",1975-01-01,38,83,83,11,0,10,-9,G Minor,4,0AQqrtK1pULuwZUXhwaaDz,USAR10400530,no
653,"The Dazzler","Ex:Re",133,11B,21,2025-12-04,04:41,31,"art pop","Ex:Re",2018-11-30,77,36,1,39,0,0,-11,A Major,4,1N4lStTVZN8KUD2d6SvimV,GBAFL1800292,no
654,"You Are So Beautiful","Joe Cocker",83,3B,18,2025-12-04,02:39,68,"","I Can Stand A Little Rain",1974-01-01,30,85,0,9,0,10,-11,C♯/D♭ Major,3,1gJOqXpRjz9GeEEwQpcujK,USAM17400007,no
655,"That's What Friends Are For (with Elton John, Gladys Knight & Stevie Wonder)","Dionne Warwick,Elton John,Gladys Knight,Stevie Wonder",120,4B,29,2025-12-04,04:16,53,"motown, classic soul, soul","Greatest Hits 1979-1990",1989-10-31,67,29,0,20,0,0,-15,G#/A♭ Major,4,1cOj24fUMnBSXhtp7waHVW,USAR18500220,no
656,"LOL","Rainbow Kitten Surprise",137,3B,52,2025-12-04,03:36,42,"","Love Hate Music Box",2024-05-10,81,24,0,47,0,10,-9,C♯/D♭ Major,4,5ApWY94jYEG9mMtgEMV1tT,USAT22400504,no
657,"Hey Pretty Momma","Rainbow Kitten Surprise",79,9A,32,2025-12-04,02:38,49,"","Seven + Mary",2013-11-13,40,90,0,18,0,10,-10,E Minor,4,63GEVDE0TPzHCkeb6wV6jo,TCABT1491608,yes
658,"Love On The Rocks","Neil Diamond",65,8A,19,2025-12-04,03:37,51,"","The Jazz Singer (Original Songs From The Motion Picture)",1980-11-10,36,89,0,16,0,0,-17,A Minor,4,6XNGIaXv2xljDcxQ99p65f,USSM18000081,no
659,"Talking About Hope","Snow Patrol",131,6B,31,2025-12-04,03:55,37,"","The Forest Is The Path (Extended Edition)",2025-03-14,71,90,0,18,0,10,-8,A#/B♭ Major,4,7JCcOuq5V0OTqenFosPMCp,GBUM72402908,no
660,"Don't Give up on Us","David Soul",99,11B,34,2025-12-04,03:37,67,"","David Soul",1976-11-06,49,75,1,45,0,0,-14,A Major,4,2EDWTamwVRo9XZ6LapRDGA,QM6N21826247,no
661,"Falling Through All Of This Time","Snow Patrol",120,7B,45,2025-12-04,04:06,43,"","The Forest Is The Path (Extended Edition)",2025-03-14,35,53,0,23,0,10,-8,F Major,3,54aVMHjd16Xxrk0m3HJDwH,GBUM72500319,no
662,"Lyin' Eyes - 2013 Remaster","Eagles",133,9B,67,2025-12-04,06:21,74,"classic rock, yacht rock, soft rock","One of These Nights (2013 Remaster)",1975-06-10,67,20,3,87,0,10,-10,G Major,4,5lQKRR3MdJLtAwNBiT8Cq0,USEE11300348,no
663,"She Believes In Me","Kenny Rogers",143,6B,41,2025-12-04,04:18,67,"country, classic country","The Gambler",1978-11-20,32,48,0,32,0,30,-12,A#/B♭ Major,4,5ggOAMsJCAYDHnyoqJ0xAD,USCN18700035,no
664,"These Lies","Snow Patrol",78,1A,14,2025-12-04,04:48,27,"","The Forest Is The Path (Extended Edition)",2025-03-14,41,94,0,31,10,10,-16,G#/A♭ Minor,3,7aKyvoZXqKyhjqWsKMfy9s,GBUM72401585,no
665,"Dog Days Are Over","Florence + The Machine",150,9B,81,2025-12-04,04:11,80,"baroque pop","Lungs (Deluxe Edition)",2009-00-00,49,4,0,25,0,10,-5,G Major,4,1YLJVmuzeM2YSUkCCaTNUB,GBUM70900209,no
666,"Suddenly I See","KT Tunstall",100,8B,77,2025-12-04,03:21,82,"","Eye To The Telescope",2005-01-01,59,23,0,66,0,10,-6,C Major,4,5p9XWUdvbUzmPCukOmwoU3,GBGLM0400069,no
667,"Only If For A Night","Florence + The Machine",80,8A,74,2025-12-04,04:58,47,"baroque pop","Ceremonials (Deluxe Edition)",2011-01-01,48,4,0,39,0,0,-6,A Minor,4,3I4wuL82QeU3IR518TuV33,GBUM71107358,no
668,"Tiny Dancer","Elton John",145,8B,43,2025-12-04,06:17,82,"","Madman Across The Water",1971-11-05,41,38,0,28,0,10,-11,C Major,4,2TVxnKdb3tqe1nhQWwwZCO,GBAMB7100001,no
669,"Call Me In The Morning","Taking Back Sunday",102,2B,60,2025-12-04,03:59,40,"emo, pop punk, screamo, post-hardcore, punk","Taking Back Sunday",2011-06-28,59,45,0,19,0,10,-7,F#/G♭ Major,4,6YMTBc93GQJQB1RkqUU1ux,USWB11100488,no
670,"Memory - Acoustic Version","Sugarcult",83,3B,47,2025-12-04,03:43,44,"pop punk, punk, emo","Bouncing Off The Walls",2002-00-00,67,56,0,42,0,10,-7,C♯/D♭ Major,4,1TbuKk1NP186N7v3IUP6LE,USADD0330504,no
671,"Not Afraid","Eminem",115,5A,95,2025-12-04,04:08,82,"rap, hip hop","Recovery",2010-06-18,86,53,0,67,20,20,-1,C Minor,5,7Ie9W94M7OjPoZVV216Xus,USUM71011769,yes
672,"When We Were Young","Adele",144,5B,60,2025-12-04,04:50,75,"soft pop","25",2015-11-20,38,30,0,27,0,10,-6,D#/E♭ Major,4,7GgWAITsYJaRM3r50rfh5w,GBBKS1500217,no
673,"White Flag","Dido",170,7B,54,2025-12-04,04:00,66,"","Life For Rent",2003-09-03,51,31,0,28,0,0,-7,F Major,4,3adnLFXKO5rC1lhUNSeg3N,GBBXH0300035,no
674,"Die With A Smile","Lady Gaga,Bruno Mars",158,11A,60,2025-12-04,04:11,89,"art pop, pop, ","MAYHEM",2025-03-07,52,29,0,50,0,10,-8,F#/G♭ Minor,3,7so0lgd0zP2Sbgs2d7a1SZ,USUM72409273,no
675,"Hate Me","Blue October",93,9A,69,2025-12-04,06:20,64,"","Foiled",2006-01-01,45,48,0,20,0,10,-6,E Minor,4,1tL40tfdtUaSLek4DvDDr3,USUM70600411,yes
676,"I Am Woman","Helen Reddy",171,8B,68,2025-12-04,03:25,54,"","I Am Woman",1972-00-00,39,41,0,71,0,30,-9,C Major,4,3l2hbXdvmaH3tUd3qWLKgm,USCA29200415,no
677,"Apple","Charli xcx",126,8B,96,2025-12-04,02:31,79,"hyperpop, art pop","BRAT",2024-06-07,80,13,2,96,0,10,-5,C Major,4,19RybK6XDbAVpcdxSbZL1o,USAT22401350,no
678,"She Used To Be Mine","Sara Bareilles",81,7B,30,2025-12-04,04:10,65,"","What's Inside: Songs from Waitress",2015-11-06,40,38,0,17,0,10,-8,F Major,4,2D4BSm5Z8Hq5zYbSgJwEOh,USSM11507244,no
679,"The Story","Brandi Carlile",94,1B,50,2025-12-04,03:58,68,"folk, americana","The Story",2007-04-03,54,3,0,18,0,10,-8,B Major,4,0EKBV6GybPtALXUgWqWrym,USSM10607485,no
680,"Run","Snow Patrol",74,8A,64,2025-12-04,05:54,71,"","Final Straw",2004-01-01,39,0,0,20,0,10,-6,A Minor,4,6kesIBNAY17BoAz28pnWMC,GBAKW0300958,no
681,"Breathe (2 AM)","Anna Nalick",170,10B,45,2025-12-04,04:39,67,"","Wreck of the Day",2005-00-00,39,42,0,29,0,0,-8,D Major,3,5auMzVHFr5Zfw6IbKarZ56,USSM10412997,no
682,"Karma Chameleon","Culture Club",92,6B,58,2025-12-04,04:01,65,"","At Worst...The Best Of Boy George And Culture Club",1993-01-01,68,19,0,93,0,10,-12,A#/B♭ Major,4,48O0GrGJWml3DzHhC5sJ7a,GBAAA8300010,no
683,"Coincidance (TIKTOK) (Tribute Version Originally Performed By Handsome Dancer)","Dj Victory",130,10A,60,2025-12-04,02:53,33,"","Eternal Tributes Vol 5",2022-03-01,93,0,0,91,10,0,-6,B Minor,4,7u5aSmpL0pHUn1qibJJhjM,NLRD52117094,no
684,"Somebody's Watching Me","Rockwell",124,12A,62,2025-12-04,04:53,59,"","Body By Jake: Randy Couture Workout Mix (BPM 104-144)",2012-02-01,79,12,0,84,0,0,-6,C♯/D♭ Minor,4,2H2379xRxgQVvcOSoL8Ajr,USMO18400484,no
685,"Break Anotha","Blake Lewis",88,10A,82,2025-12-05,03:09,17,"","Audio Day Dream",2007-12-04,67,3,0,77,10,20,-6,B Minor,4,7rFbWJk8Mv7BDsF1vsBbQR,GBCTA0700287,no
686,"Everybody","Lee DeWyze",67,5B,45,2025-12-05,02:57,8,"","Ghost Stories",2021-08-13,51,31,49,25,0,30,-12,D#/E♭ Major,4,12HvheizAMmaxR8ejiO8a6,USA2P2127562,no
687,"Miss You","Enrique Iglesias",96,6A,74,2025-12-05,03:21,24,"latin pop, latin","Insomniac",2007-01-01,66,15,1,66,0,20,-7,G Minor,4,7pEiz41MM5gdyq65qL3f4z,USUM70734413,no
688,"I Miss You","Klymaxx",140,7B,35,2025-12-05,05:33,56,"new jack swing, quiet storm","Meeting In The Ladies Room",1984-01-01,55,50,0,31,0,20,-18,F Major,4,3d6UefBBvhqHxJLZdm8scF,USMC18416251,no
689,"Love - Remastered 2010","John Lennon",81,10B,6,2025-12-06,03:22,52,"christmas","Plastic Ono Band",1970-12-11,61,89,2,16,0,0,-21,D Major,4,0SEmf7XdvzCmmEjtpZKIKl,GBAYE1000768,no
690,"Who Wants To Live Forever - Stranger Things Remix","Queen",141,9A,64,2025-12-15,02:47,31,"classic rock, rock, glam rock","Who Wants To Live Forever (Stranger Things Remix)",2025-11-07,35,3,1,9,0,10,-9,E Minor,4,4NSqnfkGwPWde6a5YkjylT,GBUM72506881,no
691,"The Chanukah Song","Adam Sandler",89,11B,50,2025-12-15,03:43,38,"comedy","What the Hell Happened to Me?",1996-02-09,36,77,0,33,0,80,-9,A Major,4,6doSV1UQjyKxiNCnBnDTeG,USWB19500184,no
692,"Living Proof (with Jelly Roll)","Bon Jovi,Jelly Roll",123,8A,86,2025-12-15,03:38,49,"glam metal, country hip hop, country","Living Proof (with Jelly Roll)",2025-09-19,61,0,0,79,0,30,-4,A Minor,4,08G3FAarAmXbX5szqZ3vwV,USUG12502846,no
693,"Born To Be My Baby","Bon Jovi",131,9B,96,2025-12-15,04:40,67,"glam metal","New Jersey (Deluxe Edition)",1988-09-13,53,1,0,76,0,30,-4,G Major,4,50ZpPgU81payZxI2H7QXNM,USPR38800037,no
694,"You Give Love A Bad Name","Bon Jovi",123,5A,94,2025-12-15,03:42,83,"glam metal","Slippery When Wet (Deluxe Edition)",1986-00-00,54,1,0,84,0,30,-4,C Minor,4,2TofEeQobQ9YoK7EFds698,USPR39402224,no
695,"It's My Life","Bon Jovi",120,5A,91,2025-12-15,03:44,85,"glam metal","Crush",2000-01-01,55,3,0,54,0,30,-4,C Minor,4,0v1XpBHnsbkCn7iJ9Ucr1l,USIR20000145,no
696,"Legendary (with James Bay)","Bon Jovi,James Bay",130,3B,93,2025-12-15,04:04,41,"glam metal, ","Forever (Legendary Edition)",2025-10-24,54,0,1,72,0,0,-5,C♯/D♭ Major,4,7mCHJYr4E23AXPt5ntMCPA,USUG12502844,no
697,"I'll Be There For You","Bon Jovi",73,10B,73,2025-12-15,05:46,74,"glam metal","New Jersey (Deluxe Edition)",1988-09-13,44,5,0,23,0,10,-5,D Major,4,07HqIg8BnB1lJElnw2ZiSR,USPR39402229,no
698,"Living in Paradise (with Avril Lavigne)","Bon Jovi,Avril Lavigne",140,1B,82,2025-12-15,03:16,40,"glam metal, ","Forever (Legendary Edition)",2025-10-24,61,1,0,56,0,10,-6,B Major,4,4MJpRELMm9Sa70kJqwi8by,USUG12502852,no
699,"Seeds (with Ryan Tedder)","Bon Jovi,Ryan Tedder",132,5B,90,2025-12-15,05:05,34,"glam metal, ","Forever (Legendary Edition)",2025-10-24,53,0,0,36,0,30,-6,D#/E♭ Major,4,6qZ5GReTiCxI4dzYqGURtf,USUG12502848,no
700,"Waves (with Jason Isbell)","Bon Jovi,Jason Isbell",160,10A,75,2025-12-15,03:52,39,"glam metal, alt country, americana, roots rock, red dirt","Forever (Legendary Edition)",2025-10-24,46,1,0,34,0,20,-5,B Minor,4,489qD0Sn4Zs7XBMsExTP5R,USUG12502847,no
701,"Let's Be Still","The Head And The Heart",131,11B,41,2026-01-06,04:28,61,"indie folk, folk pop, folk","Let's Be Still",2013-10-15,64,67,0,56,0,10,-11,A Major,4,3QmzlL0tTtDgD1Hwfct68D,USSUB1306008,no
702,"End of Beginning","Djo",160,10B,45,2026-01-06,02:39,97,"","DECIDE",2022-09-16,69,4,0,91,0,0,-8,D Major,4,3qhlB30KknSejmIvZZLjOD,GBKPL2205058,no
703,"If I Go, I'm Goin","Gregory Alan Isakov",114,5B,6,2026-02-02,04:27,63,"indie folk, folk, folk pop","This Empty Northern Hemisphere",2009-01-01,51,78,3,19,0,10,-17,D#/E♭ Major,4,1vqtj4c5aNPKkLS2LXkd4E,uscgj0988307,no
704,"Streets of Minneapolis - Radio Mix","Bruce Springsteen",110,10B,80,2026-02-02,04:30,57,"","Streets of Minneapolis (Radio Mix)",2026-01-28,61,14,0,77,0,60,-3,D Major,4,6AtgHxdvghUjcjdPX1VhWN,USSM12600334,no
705,"Homeward Bound","Simon & Garfunkel",93,5B,38,2026-02-02,02:32,67,"folk rock, folk","Parsley, Sage, Rosemary And Thyme",1966-10-10,49,83,0,53,0,10,-12,D#/E♭ Major,4,4Xl2PrS3DJqqSKXCo6Uhv9,USSM16500202,no
706,"Still Crazy After All These Years","Paul Simon",37,9B,25,2026-02-02,03:26,62,"singer-songwriter","Still Crazy After All These Years",1975-10-25,27,80,0,13,0,0,-12,G Major,4,3gIBSlXYIN1mru35l4LWPB,USSM11002301,no
707,"Lonely People","America",79,9B,47,2026-02-02,02:30,68,"yacht rock, soft rock, folk rock","Holiday",1974-00-00,56,26,0,56,0,0,-9,G Major,4,5coTcHT7K8O3G97y9T4LOU,USWB19901800,no
708,"Moonshadow - Remastered 2021","Yusuf / Cat Stevens",131,10B,37,2026-02-02,02:48,65,"folk rock, folk, singer-songwriter","Teaser And The Firecat (Remastered 2021)",1971-10-01,64,56,0,55,0,0,-9,D Major,4,5p3nvmoaAY03qGmBQApn0w,GBUM72104760,no
709,"The Boxer","Simon & Garfunkel",93,1B,49,2026-02-02,05:12,76,"folk rock, folk","Bridge Over Troubled Water",1970-01-26,44,70,0,63,0,10,-14,B Major,4,76TZCvJ8GitQ2FA1q5dKu0,USSM16900831,no
710,"Just the Way You Are","Billy Joel",139,9B,45,2026-04-08,04:50,77,"soft rock","The Stranger (Legacy Edition)",1977-00-00,59,70,0,51,0,10,-9,G Major,4,49MHCPzvMLXhRjDantBMVH,USSM17700371,no
711,"Do I Wanna Know?","Arctic Monkeys",85,7B,53,2026-04-10,04:32,90,"indie, garage rock","AM",2013-09-09,55,19,0,41,0,20,-8,F Major,4,5FVd6KXrgO9B3JPmC8OPst,GBCEL1300362,no
712,"Why'd You Only Call Me When You're High?","Arctic Monkeys",92,10B,63,2026-04-10,02:41,88,"indie, garage rock","AM",2013-09-09,69,5,0,80,0,10,-6,D Major,4,086myS9r57YsLbJpU0TgK9,GBCEL1300370,no
713,"Snap Out Of It","Arctic Monkeys",130,4A,64,2026-04-10,03:13,82,"indie, garage rock","AM",2013-09-09,73,25,0,87,0,10,-6,F Minor,4,0NdTUS4UiNYCNn5FgVqKQY,GBCEL1300371,no
714,"I Love You","Climax Blues Band",132,6B,45,2026-04-13,04:05,60,"yacht rock","Flying the Flag",1980-00-00,56,61,0,24,0,0,-9,A#/B♭ Major,4,3VyJPsb2ucaaVptLSDpJNH,USA371622046,no
715,"Days We Left Behind","Paul McCartney",99,1B,37,2026-05-17,03:18,60,"","Days We Left Behind",2026-03-26,69,81,0,30,0,10,-10,B Major,4,3kiOcEPP4WyssVslhHSL7A,GBCCS2600018,no
716,"Secret World","Peter Gabriel",115,10B,64,2026-05-17,07:04,32,"art rock","Us (Remastered Version)",1992-09-27,63,53,1,22,0,10,-11,D Major,4,2aX3Sk35kyD6ywyfdtt64Z,GBCPB0900729,no