rank,track_id,name,artists,album,repeat_intent,bpm,mood,energy,dance,valence,camelot,listen_count,last_listened_at,spotify_url
1,0MxKHJEhhFOJsvYak4Q5Bu,Bringin' Da Noise,*NSYNC,No Strings Attached,skip_for_now,112.00,260.00,97.00,76.00,87.00,12B,1,2026-07-19T06:00:38.679Z,https://open.spotify.com/track/0MxKHJEhhFOJsvYak4Q5Bu
2,0B7Hp8MXbiK8HoXqqYqTkW,Space Cowboy (Yippie-Yi-Yay) (feat. Lisa  Left Eye  Lopes),"*NSYNC,Lisa  Left Eye  Lopes",No Strings Attached,skip_for_now,114.00,239.00,98.00,71.00,70.00,3A,1,2026-07-19T06:00:38.678Z,https://open.spotify.com/track/0B7Hp8MXbiK8HoXqqYqTkW
3,5HQEmiV2lKnSO6qa2fsR7x,I'm Not In Love,10cc,The Original Soundtrack,skip_for_now,134.00,108.00,52.00,40.00,16.00,12B,1,2026-07-19T06:00:39.603Z,https://open.spotify.com/track/5HQEmiV2lKnSO6qa2fsR7x
4,4RY96Asd9IefaL3X4LOLZ8,In Da Club,50 Cent,Get Rich Or Die Tryin',skip_for_now,90.00,243.00,72.00,90.00,81.00,11A,1,2026-07-19T06:00:39.214Z,https://open.spotify.com/track/4RY96Asd9IefaL3X4LOLZ8
5,4PZeAR798a3CDoZoncSXZb,One,A Chorus Line Ensemble (2006),A Chorus Line (New Broadway Cast Recording (2006)),skip_for_now,132.00,124.00,35.00,55.00,34.00,6A,1,2026-07-19T06:00:39.416Z,https://open.spotify.com/track/4PZeAR798a3CDoZoncSXZb
6,7CvOnbFdnIoXMQ4eFCo5lB,Around the World (La La La La La),"A Touch Of Class,Pete Konemann",Planet Pop,skip_for_now,132.00,228.00,98.00,62.00,68.00,8A,1,2026-07-19T06:00:38.808Z,https://open.spotify.com/track/7CvOnbFdnIoXMQ4eFCo5lB
7,3RPjcyceIs824Edmp5ZqAE,That's How I Beat Shaq,Aaron Carter,Aaron's Party (Come Get It),skip_for_now,106.00,234.00,80.00,89.00,65.00,11A,1,2026-07-19T06:00:39.674Z,https://open.spotify.com/track/3RPjcyceIs824Edmp5ZqAE
8,0GjEhVFGZW8afUYGChu3Rr,Dancing Queen,ABBA,Arrival,skip_for_now,101.00,216.00,87.00,54.00,75.00,11B,1,2026-07-19T06:00:38.817Z,https://open.spotify.com/track/0GjEhVFGZW8afUYGChu3Rr
9,5OFcGy4Uq3tO7EsQf46e7l,Who’s On First,Abbott & Costello,Who's On First,skip_for_now,113.00,180.00,31.00,71.00,78.00,7B,1,2026-07-19T06:00:39.676Z,https://open.spotify.com/track/5OFcGy4Uq3tO7EsQf46e7l
10,2zYzyRzz6pRmhPzyfMEC8s,Highway to Hell,AC/DC,Highway to Hell,skip_for_now,116.00,190.00,91.00,57.00,42.00,11A,1,2026-07-19T06:00:39.318Z,https://open.spotify.com/track/2zYzyRzz6pRmhPzyfMEC8s
11,4n8Syhm2XQOvenU8SnVAhZ,Mad World - Live at Glam Nation,Adam Lambert,Acoustic Live!,skip_for_now,114.00,152.00,83.00,53.00,16.00,9B,1,2026-07-19T06:00:38.915Z,https://open.spotify.com/track/4n8Syhm2XQOvenU8SnVAhZ
12,2rDwdvBma1O1eLzo29p2cr,Whataya Want from Me,Adam Lambert,For Your Entertainment,skip_for_now,186.00,157.00,68.00,44.00,45.00,10A,1,2026-07-19T06:00:38.917Z,https://open.spotify.com/track/2rDwdvBma1O1eLzo29p2cr
13,7rdGrVIoqwPWOULauvglio,Lost Stars,Adam Levine,Lost Stars,skip_for_now,82.00,148.00,58.00,50.00,40.00,8B,1,2026-07-19T06:00:39.190Z,https://open.spotify.com/track/7rdGrVIoqwPWOULauvglio
14,62PaSfnXSMyLshYJrlTuL3,Hello,Adele,25,skip_for_now,79.00,130.00,43.00,58.00,29.00,4A,1,2026-07-19T06:00:39.201Z,https://open.spotify.com/track/62PaSfnXSMyLshYJrlTuL3
15,7GgWAITsYJaRM3r50rfh5w,When We Were Young,Adele,25,skip_for_now,144.00,125.00,60.00,38.00,27.00,5B,1,2026-07-19T06:00:39.728Z,https://open.spotify.com/track/7GgWAITsYJaRM3r50rfh5w
16,46IZ0fSY2mpAiktS3KOqds,Easy On Me,Adele,30,skip_for_now,142.00,110.00,37.00,60.00,13.00,7B,1,2026-07-19T06:00:39.202Z,https://open.spotify.com/track/46IZ0fSY2mpAiktS3KOqds
17,2c6xRsQBv7pynuhYhWoHxo,Woman Like Me,Adele,30,skip_for_now,146.00,129.00,37.00,59.00,33.00,9A,1,2026-07-19T06:00:39.204Z,https://open.spotify.com/track/2c6xRsQBv7pynuhYhWoHxo
18,4RseNFQOhL2GoHtGjnm4PH,Maybe,Aileen Quinn,Annie (Original Motion Picture Soundtrack),skip_for_now,78.00,43.00,3.00,28.00,12.00,5A,1,2026-07-19T06:00:39.422Z,https://open.spotify.com/track/4RseNFQOhL2GoHtGjnm4PH
19,6vBMTR37tnbCE0lApwor1d,Tomorrow,"Aileen Quinn,ORPHANS",Annie (Original Motion Picture Soundtrack),skip_for_now,81.00,142.00,30.00,44.00,68.00,12B,1,2026-07-19T06:00:39.419Z,https://open.spotify.com/track/6vBMTR37tnbCE0lApwor1d
20,3UvRjs5eyTkqB9MYWBqbuZ,It's the Hard-Knock Life,"Aileen Quinn,Toni Ann Gisondi",Annie (Original Motion Picture Soundtrack),skip_for_now,169.00,140.00,20.00,66.00,54.00,8B,1,2026-07-19T06:00:39.420Z,https://open.spotify.com/track/3UvRjs5eyTkqB9MYWBqbuZ
21,5Z8EDau8uNcP1E8JvmfkZe,School's Out,Alice Cooper,School's Out,skip_for_now,134.00,139.00,75.00,29.00,35.00,7B,1,2026-07-19T06:00:39.064Z,https://open.spotify.com/track/5Z8EDau8uNcP1E8JvmfkZe
22,3XVBdLihbNbxUwZosxcGuJ,If I Ain't Got You,Alicia Keys,The Diary Of Alicia Keys,skip_for_now,118.00,122.00,44.00,61.00,17.00,9B,1,2026-07-19T06:00:39.193Z,https://open.spotify.com/track/3XVBdLihbNbxUwZosxcGuJ
23,7y4CK8bbzxpyKu73WOvgHJ,Ramblin' Man,Allman Brothers Band,Brothers And Sisters (Super Deluxe),skip_for_now,179.00,205.00,82.00,31.00,92.00,3B,1,2026-07-19T06:00:39.111Z,https://open.spotify.com/track/7y4CK8bbzxpyKu73WOvgHJ
24,1hHGUdFaiJHw9hVZGJWYO2,Midnight Rider,Allman Brothers Band,Idlewild South (Deluxe Edition Remastered),skip_for_now,94.00,180.00,53.00,59.00,68.00,9B,1,2026-07-19T06:00:39.113Z,https://open.spotify.com/track/1hHGUdFaiJHw9hVZGJWYO2
25,5VSAonaAPhhGn0G7hMYwWK,Sister Golden Hair,America,Hearts,skip_for_now,135.00,171.00,55.00,44.00,72.00,12B,1,2026-07-19T06:00:39.337Z,https://open.spotify.com/track/5VSAonaAPhhGn0G7hMYwWK
26,5coTcHT7K8O3G97y9T4LOU,Lonely People,America,Holiday,skip_for_now,79.00,159.00,47.00,56.00,56.00,9B,1,2026-07-19T06:00:39.787Z,https://open.spotify.com/track/5coTcHT7K8O3G97y9T4LOU
27,0yi1iSwJo4IwSpXFOyH2bx,High Dive,Andrew McMahon in the Wilderness,Andrew McMahon In The Wilderness,skip_for_now,163.00,215.00,80.00,56.00,79.00,5A,1,2026-07-19T06:00:38.669Z,https://open.spotify.com/track/0yi1iSwJo4IwSpXFOyH2bx
28,5auMzVHFr5Zfw6IbKarZ56,Breathe (2 AM),Anna Nalick,Wreck of the Day,skip_for_now,170.00,113.00,45.00,39.00,29.00,10B,1,2026-07-19T06:00:39.740Z,https://open.spotify.com/track/5auMzVHFr5Zfw6IbKarZ56
29,5FVd6KXrgO9B3JPmC8OPst,Do I Wanna Know?,Arctic Monkeys,AM,skip_for_now,85.00,149.00,53.00,55.00,41.00,7B,1,2026-07-19T06:00:39.794Z,https://open.spotify.com/track/5FVd6KXrgO9B3JPmC8OPst
30,086myS9r57YsLbJpU0TgK9,Why'd You Only Call Me When You're High?,Arctic Monkeys,AM,skip_for_now,92.00,212.00,63.00,69.00,80.00,10B,1,2026-07-19T06:00:39.795Z,https://open.spotify.com/track/086myS9r57YsLbJpU0TgK9
31,3qxBN4nWvSDibXmEq5of9E,Imaginary Lover,Atlanta Rhythm Section,Champagne Jam,skip_for_now,109.00,138.00,37.00,60.00,41.00,8A,1,2026-07-19T06:00:39.683Z,https://open.spotify.com/track/3qxBN4nWvSDibXmEq5of9E
32,1xFySMRMCCN0snvsL4SxiV,The Candy Man - From  Willy Wonka & The Chocolate Factory  Soundtrack,Aubrey Woods,Willy Wonka & The Chocolate Factory,skip_for_now,140.00,154.00,34.00,54.00,66.00,9B,1,2026-07-19T06:00:39.436Z,https://open.spotify.com/track/1xFySMRMCCN0snvsL4SxiV
33,2WZyfujzMweFLnozyUJBkW,Boston,Augustana,All The Stars and Boulevards,skip_for_now,147.00,126.00,57.00,40.00,29.00,8B,1,2026-07-19T06:00:38.630Z,https://open.spotify.com/track/2WZyfujzMweFLnozyUJBkW
34,27prib35GymFVzE8JLdA4u,I Still Ain't Over You,Augustana,"Can't Love, Can't Hurt",skip_for_now,114.00,151.00,69.00,47.00,35.00,3B,1,2026-07-15T07:09:30.617Z,https://open.spotify.com/track/27prib35GymFVzE8JLdA4u
35,1MHGgjXOt1Mz9sRlH6ExJu,"Baby, Let's Play House",Austin Butler,ELVIS (Original Motion Picture Soundtrack),skip_for_now,112.00,187.00,94.00,45.00,48.00,11B,1,2026-07-19T06:00:39.476Z,https://open.spotify.com/track/1MHGgjXOt1Mz9sRlH6ExJu
36,5tvMPInkVFU1YQJZnQzEEL,Forgotten,Avril Lavigne,Under My Skin,skip_for_now,132.00,160.00,68.00,57.00,35.00,5A,1,2026-07-15T06:52:37.687Z,https://open.spotify.com/track/5tvMPInkVFU1YQJZnQzEEL
37,0oMTxTIHAt3hstaoObsmFs,Raindrops Keep Fallin' On My Head,B.J. Thomas,Raindrops Keep Fallin' On My Head,skip_for_now,105.00,162.00,45.00,52.00,65.00,7B,1,2026-07-19T06:00:39.455Z,https://open.spotify.com/track/0oMTxTIHAt3hstaoObsmFs
38,3BsaRV5QIulYz2lV9WWa8T,Show Me the Meaning of Being Lonely,Backstreet Boys,Millennium,skip_for_now,168.00,194.00,63.00,63.00,68.00,11A,1,2026-07-19T06:00:38.683Z,https://open.spotify.com/track/3BsaRV5QIulYz2lV9WWa8T
39,5XgxLtOR4oKxnfA7Fb4968,The Perfect Fan,Backstreet Boys,Millennium,skip_for_now,141.00,114.00,40.00,42.00,32.00,11B,1,2026-07-15T07:58:45.207Z,https://open.spotify.com/track/5XgxLtOR4oKxnfA7Fb4968
40,1H5tvpoApNDxvxDexoaAUo,Who Let The Dogs Out,Baha Men,Who Let The Dogs Out,skip_for_now,129.00,254.00,89.00,87.00,78.00,8B,1,2026-07-19T06:00:39.227Z,https://open.spotify.com/track/1H5tvpoApNDxvxDexoaAUo
41,2WthqeuPLwn0CHwCMrlt6L,I Finally Found Someone (feat. Bryan Adams),"Barbra Streisand,Bryan Adams",The Mirror Has Two Faces - Music From The Motion Picture,skip_for_now,139.00,86.00,22.00,57.00,7.00,2B,1,2026-07-19T06:00:39.588Z,https://open.spotify.com/track/2WthqeuPLwn0CHwCMrlt6L
42,2RQ3fWFZJJe4G5KkHEACww,Pinch Me,Barenaked Ladies,Maroon,skip_for_now,95.00,233.00,86.00,68.00,79.00,9B,1,2026-07-19T06:00:39.272Z,https://open.spotify.com/track/2RQ3fWFZJJe4G5KkHEACww
43,1KTnIQsGoYZ7GtSZ7k7HWL,Main Title Theme Song (UNKLE Remix) - The Walking Dead Soundtrack,Bear McCreary,The Walking Dead (AMC’s Original Soundtrack – Vol. 1),skip_for_now,182.00,102.00,52.00,42.00,8.00,4B,1,2026-07-19T06:00:38.925Z,https://open.spotify.com/track/1KTnIQsGoYZ7GtSZ7k7HWL
44,2JoZzpdeP2G6Csfdq5aLXP,How Deep Is Your Love,Bee Gees,Greatest,skip_for_now,105.00,166.00,36.00,63.00,67.00,4A,1,2026-07-19T06:00:39.367Z,https://open.spotify.com/track/2JoZzpdeP2G6Csfdq5aLXP
45,4UDmDIqJIbrW0hMBQMFOsM,Stayin' Alive,Bee Gees,Staying Alive (Original Motion Picture Soundtrack),skip_for_now,104.00,189.00,54.00,71.00,64.00,3A,1,2026-07-19T06:00:39.366Z,https://open.spotify.com/track/4UDmDIqJIbrW0hMBQMFOsM
46,3SdTKo2uVsxFblQjpScoHy,Stand By Me,Ben E. King,Don't Play That Song (Mono),skip_for_now,118.00,157.00,31.00,65.00,61.00,11B,1,2026-07-19T06:00:39.596Z,https://open.spotify.com/track/3SdTKo2uVsxFblQjpScoHy
47,1WAfSKWgE5IbNPfVUIWeUd,Honey Honey - 1999 / Musical  Mamma Mia ,"Benny Andersson,Björn Ulvaeus,Stig Anderson,Lisa Stokke,Eliza Lumley,Melissa Gibson",Mamma Mia!,skip_for_now,138.00,215.00,54.00,72.00,89.00,7B,1,2026-07-19T06:00:38.818Z,https://open.spotify.com/track/1WAfSKWgE5IbNPfVUIWeUd
48,15MJ5NThPjj6xhPcts8MiY,Take My Breath Away - Love Theme from  Top Gun ,Berlin,Top Gun - Motion Picture Soundtrack (Special Expanded Edition),skip_for_now,96.00,177.00,72.00,50.00,55.00,2B,1,2026-07-19T06:00:39.635Z,https://open.spotify.com/track/15MJ5NThPjj6xhPcts8MiY
49,5iUzEn2QzBW0KEWNQO1KQC,The Rose,Bette Midler,Jackpot! The Best Bette,skip_for_now,65.00,44.00,10.00,26.00,8.00,8B,1,2026-07-19T06:00:39.593Z,https://open.spotify.com/track/5iUzEn2QzBW0KEWNQO1KQC
50,3ERa3mEeOnrh2Mc47qM6T1,Halo,Beyoncé,I AM...SASHA FIERCE,skip_for_now,80.00,170.00,72.00,51.00,47.00,10A,1,2026-07-19T06:00:39.545Z,https://open.spotify.com/track/3ERa3mEeOnrh2Mc47qM6T1
51,26NX1wPt1TRCH536yocd6i,If I Were a Boy,Beyoncé,I AM...SASHA FIERCE,skip_for_now,90.00,158.00,52.00,63.00,43.00,2B,1,2026-07-19T06:00:39.544Z,https://open.spotify.com/track/26NX1wPt1TRCH536yocd6i
52,5IVuqXILoxVWvWEPm82Jxr,Crazy In Love (feat. JAY-Z),"Beyoncé,JAŸ-Z",Dangerously In Love,skip_for_now,99.00,210.00,77.00,65.00,68.00,7A,1,2026-07-19T06:00:39.540Z,https://open.spotify.com/track/5IVuqXILoxVWvWEPm82Jxr
53,20kN7bu0HMO8rIVY6tEytW,Lean on Me,Bill Withers,The Essential Bill Withers,skip_for_now,75.00,132.00,25.00,62.00,45.00,8B,1,2026-07-19T06:00:39.121Z,https://open.spotify.com/track/20kN7bu0HMO8rIVY6tEytW
54,4ZoBC5MhSEzuknIgAkBaoT,My Life,Billy Joel,52nd Street,skip_for_now,131.00,219.00,65.00,74.00,80.00,10B,1,2026-07-19T06:00:38.766Z,https://open.spotify.com/track/4ZoBC5MhSEzuknIgAkBaoT
55,5RgFlk1fcClZd0Y4SGYhqH,She's Always a Woman,Billy Joel,The Stranger (Legacy Edition),skip_for_now,177.00,99.00,32.00,29.00,38.00,5B,1,2026-07-19T06:00:39.342Z,https://open.spotify.com/track/5RgFlk1fcClZd0Y4SGYhqH
56,3KDCYRQl4O681lkYI2sCqE,Hey Mama,Black Eyed Peas,Elephunk,skip_for_now,100.00,269.00,88.00,87.00,94.00,10A,1,2026-07-19T06:00:38.743Z,https://open.spotify.com/track/3KDCYRQl4O681lkYI2sCqE
57,4hfIVhq0F0zFUcrbecsYmo,Let's Get It Started - Spike Mix,Black Eyed Peas,Elephunk,skip_for_now,105.00,238.00,79.00,78.00,81.00,10A,1,2026-07-19T06:00:38.734Z,https://open.spotify.com/track/4hfIVhq0F0zFUcrbecsYmo
58,5MzjQ95rdB2xt9DNa2IzaC,Don't Phunk With My Heart,Black Eyed Peas,Monkey Business,skip_for_now,,,,,,,1,2026-07-19T06:00:38.741Z,https://open.spotify.com/track/5MzjQ95rdB2xt9DNa2IzaC
59,20jYtEun4dUdYZ9foaOC48,My Humps,Black Eyed Peas,Monkey Business,skip_for_now,,,,,,,1,2026-07-19T06:00:38.728Z,https://open.spotify.com/track/20jYtEun4dUdYZ9foaOC48
60,7rFbWJk8Mv7BDsF1vsBbQR,Break Anotha,Blake Lewis,Audio Day Dream,skip_for_now,88.00,226.00,82.00,67.00,77.00,10A,1,2026-07-19T06:00:39.745Z,https://open.spotify.com/track/7rFbWJk8Mv7BDsF1vsBbQR
61,2m1hi0nfMR9vdGC8UcrnwU,All The Small Things,blink-182,Enema Of The State,skip_for_now,149.00,202.00,90.00,43.00,69.00,8B,1,2026-07-19T06:00:38.873Z,https://open.spotify.com/track/2m1hi0nfMR9vdGC8UcrnwU
62,3XHrTm6WE2BOHafLwTT3GR,Eyes on Fire,Blue Foundation,Life Of A Ghost,skip_for_now,145.00,129.00,38.00,54.00,37.00,2A,1,2026-07-19T06:00:38.910Z,https://open.spotify.com/track/3XHrTm6WE2BOHafLwTT3GR
63,1tL40tfdtUaSLek4DvDDr3,Hate Me,Blue October,Foiled,skip_for_now,,,,,,,1,2026-07-19T06:00:39.732Z,https://open.spotify.com/track/1tL40tfdtUaSLek4DvDDr3
64,2Nz6aF1umHh5Et6I5H581L,Hooked On A Feeling,"Blue Swede,Björn Skifs",Hooked On A Feeling - 40th Anniversary Collection,skip_for_now,118.00,230.00,82.00,55.00,93.00,4B,1,2026-07-19T06:00:39.234Z,https://open.spotify.com/track/2Nz6aF1umHh5Et6I5H581L
65,3T3Epzn2xHawkZ7uzxR13p,The Real Thing,Bo Bice,The Real Thing,skip_for_now,147.00,186.00,87.00,49.00,50.00,10B,1,2026-07-19T06:00:39.553Z,https://open.spotify.com/track/3T3Epzn2xHawkZ7uzxR13p
66,5PkcQSAfcsA14rq6pKZ9bz,Beautiful Loser,Bob Seger,Beautiful Loser,skip_for_now,118.00,188.00,66.00,60.00,62.00,9B,1,2026-07-19T06:00:39.063Z,https://open.spotify.com/track/5PkcQSAfcsA14rq6pKZ9bz
67,3E5ndyOfO6vFDEIE42HA8o,Mack the Knife,Bobby Darin,That's All,skip_for_now,83.00,154.00,53.00,55.00,46.00,2A,1,2026-07-19T06:00:38.889Z,https://open.spotify.com/track/3E5ndyOfO6vFDEIE42HA8o
68,0v1XpBHnsbkCn7iJ9Ucr1l,It's My Life,Bon Jovi,Crush,skip_for_now,120.00,200.00,91.00,55.00,54.00,5A,1,2026-07-19T06:00:39.764Z,https://open.spotify.com/track/0v1XpBHnsbkCn7iJ9Ucr1l
69,06Zz2l7cVTCTgCNDe1bnEF,Have A Nice Day,Bon Jovi,Have A Nice Day,skip_for_now,130.00,197.00,90.00,50.00,57.00,12B,1,2026-07-19T06:00:38.876Z,https://open.spotify.com/track/06Zz2l7cVTCTgCNDe1bnEF
70,50ZpPgU81payZxI2H7QXNM,Born To Be My Baby,Bon Jovi,New Jersey (Deluxe Edition),skip_for_now,131.00,225.00,96.00,53.00,76.00,9B,1,2026-07-19T06:00:39.762Z,https://open.spotify.com/track/50ZpPgU81payZxI2H7QXNM
71,07HqIg8BnB1lJElnw2ZiSR,I'll Be There For You,Bon Jovi,New Jersey (Deluxe Edition),skip_for_now,73.00,140.00,73.00,44.00,23.00,10B,1,2026-07-19T06:00:39.768Z,https://open.spotify.com/track/07HqIg8BnB1lJElnw2ZiSR
72,0oerlffJSzhRVvtDfLcp3N,Wanted Dead Or Alive,Bon Jovi,Slippery When Wet,skip_for_now,150.00,131.00,80.00,25.00,26.00,9B,1,2026-07-19T06:00:39.078Z,https://open.spotify.com/track/0oerlffJSzhRVvtDfLcp3N
73,0ee1DiZF94NSqqpG0XHUzH,Livin' On A Prayer,Bon Jovi,Slippery When Wet (Deluxe Edition),skip_for_now,123.00,203.00,86.00,53.00,64.00,8B,1,2026-07-19T06:00:38.874Z,https://open.spotify.com/track/0ee1DiZF94NSqqpG0XHUzH
74,2TofEeQobQ9YoK7EFds698,You Give Love A Bad Name,Bon Jovi,Slippery When Wet (Deluxe Edition),skip_for_now,,,,,,,1,2026-07-19T06:00:39.763Z,https://open.spotify.com/track/2TofEeQobQ9YoK7EFds698
75,08G3FAarAmXbX5szqZ3vwV,Living Proof (with Jelly Roll),"Bon Jovi,Jelly Roll",Living Proof (with Jelly Roll),skip_for_now,123.00,226.00,86.00,61.00,79.00,8A,1,2026-07-19T06:00:39.760Z,https://open.spotify.com/track/08G3FAarAmXbX5szqZ3vwV
76,7wuJGgpTNzbUyn26IOY6rj,Total Eclipse of the Heart,Bonnie Tyler,The Very Best of Bonnie Tyler,skip_for_now,,,,,,,1,2026-07-19T06:00:38.869Z,https://open.spotify.com/track/7wuJGgpTNzbUyn26IOY6rj
77,1QEEqeFIZktqIpPI4jSVSF,More Than a Feeling,Boston,Boston,skip_for_now,109.00,134.00,68.00,38.00,28.00,9B,1,2026-07-15T07:51:39.479Z,https://open.spotify.com/track/1QEEqeFIZktqIpPI4jSVSF
78,5oQcOu1omDykbIPSdSQQNJ,1985,Bowling For Soup,A Hangover You Don't Deserve,skip_for_now,120.00,240.00,89.00,61.00,90.00,12B,1,2026-07-19T06:00:39.534Z,https://open.spotify.com/track/5oQcOu1omDykbIPSdSQQNJ
79,0EKBV6GybPtALXUgWqWrym,The Story,Brandi Carlile,The Story,skip_for_now,94.00,122.00,50.00,54.00,18.00,1B,1,2026-07-19T06:00:39.737Z,https://open.spotify.com/track/0EKBV6GybPtALXUgWqWrym
80,3MjUtNVVq3C8Fn0MP3zhXa,...Baby One More Time,Britney Spears,...Baby One More Time (Digital Deluxe Version),skip_for_now,93.00,237.00,70.00,76.00,91.00,5A,1,2026-07-19T06:00:39.251Z,https://open.spotify.com/track/3MjUtNVVq3C8Fn0MP3zhXa
81,1DSJNBNhGZCigg9ll5VeZv,(You Drive Me) Crazy,Britney Spears,...Baby One More Time (Digital Deluxe Version),skip_for_now,104.00,265.00,94.00,75.00,96.00,5A,1,2026-07-19T06:00:39.252Z,https://open.spotify.com/track/1DSJNBNhGZCigg9ll5VeZv
82,2TTYIwTM2iLC1YOyHuhRMt,Lucky,Britney Spears,Oops!... I Did It Again,skip_for_now,95.00,253.00,79.00,77.00,97.00,4B,1,2026-07-19T06:00:39.256Z,https://open.spotify.com/track/2TTYIwTM2iLC1YOyHuhRMt
83,6naxalmIoLFWR0siv8dnQQ,Oops!...I Did It Again,Britney Spears,Oops!... I Did It Again,skip_for_now,95.00,247.00,83.00,75.00,89.00,12A,1,2026-07-19T06:00:39.254Z,https://open.spotify.com/track/6naxalmIoLFWR0siv8dnQQ
84,5QhBKPqsnX1uY9fZNaAtZg,Stronger,Britney Spears,Oops!... I Did It Again,skip_for_now,108.00,247.00,92.00,71.00,84.00,1B,1,2026-07-19T06:00:39.255Z,https://open.spotify.com/track/5QhBKPqsnX1uY9fZNaAtZg
85,7mS8RbJji2UZAaguRGsOCH,Me Against the Music (feat. Madonna) - LP Version / Video Mix,"Britney Spears,Madonna",In The Zone,skip_for_now,120.00,249.00,84.00,80.00,85.00,11A,1,2026-07-19T06:00:39.257Z,https://open.spotify.com/track/7mS8RbJji2UZAaguRGsOCH
86,7FwBtcecmlpc1sLySPXeGE,Dancing In the Dark,Bruce Springsteen,Born In The U.S.A.,skip_for_now,149.00,197.00,94.00,53.00,50.00,12A,1,2026-07-19T06:00:39.212Z,https://open.spotify.com/track/7FwBtcecmlpc1sLySPXeGE
87,6hTcuIQa0sxrrByu9wTD7s,Born to Run,Bruce Springsteen,Born To Run,skip_for_now,146.00,182.00,94.00,27.00,61.00,12B,1,2026-07-19T06:00:39.210Z,https://open.spotify.com/track/6hTcuIQa0sxrrByu9wTD7s
88,6AtgHxdvghUjcjdPX1VhWN,Streets of Minneapolis - Radio Mix,Bruce Springsteen,Streets of Minneapolis (Radio Mix),skip_for_now,110.00,218.00,80.00,61.00,77.00,10B,1,2026-07-19T06:00:39.781Z,https://open.spotify.com/track/6AtgHxdvghUjcjdPX1VhWN
89,161DnLWsx1i3u1JT05lzqU,Talking to the Moon,Bruno Mars,Doo-Wops & Hooligans,skip_for_now,146.00,117.00,59.00,50.00,8.00,12A,1,2026-07-19T06:00:39.696Z,https://open.spotify.com/track/161DnLWsx1i3u1JT05lzqU
90,1HDaENkQhUMm16pjdxZvHn,Please Forgive Me,Bryan Adams,Anthology,skip_for_now,134.00,119.00,46.00,59.00,14.00,11B,1,2026-07-19T06:00:39.498Z,https://open.spotify.com/track/1HDaENkQhUMm16pjdxZvHn
91,6n6RGnik6EjXbrHoIuq3W3,Summer Of '69,Bryan Adams,Anthology,skip_for_now,139.00,216.00,88.00,51.00,77.00,10B,1,2026-07-19T06:00:39.505Z,https://open.spotify.com/track/6n6RGnik6EjXbrHoIuq3W3
92,386bIxJPFIr5pVuVQTZIOm,Sing,Carpenters,Now & Then (Reissue),skip_for_now,140.00,111.00,28.00,51.00,32.00,5B,1,2026-07-19T06:00:39.129Z,https://open.spotify.com/track/386bIxJPFIr5pVuVQTZIOm
93,5D5Iwi9xI64mqdQOU9lTui,Fuck You,CeeLo Green,The Lady Killer,skip_for_now,127.00,226.00,83.00,69.00,74.00,8B,1,2026-07-19T06:00:39.573Z,https://open.spotify.com/track/5D5Iwi9xI64mqdQOU9lTui
94,0gsl92EMIScPGV1AU35nuD,All By Myself,Céline Dion,Falling into You,skip_for_now,119.00,75.00,33.00,34.00,8.00,10A,1,2026-07-19T06:00:39.493Z,https://open.spotify.com/track/0gsl92EMIScPGV1AU35nuD
95,28UMiBhn383n9S7GL4tsxD,Because You Loved Me (Theme from  Up Close and Personal ),Céline Dion,Falling into You,skip_for_now,120.00,127.00,47.00,62.00,18.00,3B,1,2026-07-19T06:00:39.496Z,https://open.spotify.com/track/28UMiBhn383n9S7GL4tsxD
96,5EQzuYfTZt7B2LqlvTF49l,It's All Coming Back to Me Now,Céline Dion,Falling into You,skip_for_now,88.00,111.00,44.00,38.00,29.00,8B,1,2026-07-19T06:00:38.709Z,https://open.spotify.com/track/5EQzuYfTZt7B2LqlvTF49l
97,7F1yVPuJ4xRdrDvf8OL0HF,My Heart Will Go On - Love Theme from  Titanic ,"Céline Dion,James Horner",Titanic: Original Motion Picture Soundtrack - Collector's Anniversary Edition,skip_for_now,96.00,38.00,12.00,22.00,4.00,12A,1,2026-07-19T06:00:39.494Z,https://open.spotify.com/track/7F1yVPuJ4xRdrDvf8OL0HF
98,19RybK6XDbAVpcdxSbZL1o,Apple,Charli xcx,BRAT,skip_for_now,126.00,272.00,96.00,80.00,96.00,8B,1,2026-07-19T06:00:39.735Z,https://open.spotify.com/track/19RybK6XDbAVpcdxSbZL1o
99,6mYrhCAGWzTdF8QnKuchXM,If I Could Turn Back Time,Cher,Heart Of Stone,skip_for_now,108.00,173.00,57.00,66.00,50.00,1B,1,2026-07-15T07:07:04.102Z,https://open.spotify.com/track/6mYrhCAGWzTdF8QnKuchXM
100,07TnWCHrFkvF61GzJuLVt0,Hard to Say I'm Sorry / Get Away - 2006 Remaster,Chicago,Chicago 16 (Expanded & Remastered),skip_for_now,141.00,120.00,57.00,40.00,23.00,12B,1,2026-07-19T06:00:38.971Z,https://open.spotify.com/track/07TnWCHrFkvF61GzJuLVt0
101,3Tows9RnoAq9CmMJaII2cO,Hard Habit to Break - 2006 Remaster,Chicago,Chicago 17 (Expanded & Remastered),skip_for_now,81.00,159.00,61.00,58.00,40.00,10B,2,2026-07-19T06:00:38.974Z,https://open.spotify.com/track/3Tows9RnoAq9CmMJaII2cO
102,6Q6YqGj1Ku1CUGHWSFwSHY,Does Anybody Really Know What Time It Is?,Chicago,Chicago IX: Chicago's Greatest Hits,skip_for_now,118.00,172.00,46.00,56.00,70.00,8B,1,2026-07-19T06:00:38.972Z,https://open.spotify.com/track/6Q6YqGj1Ku1CUGHWSFwSHY
103,3TCauNPqFiniaYHBvEVoHG,Beautiful,Christina Aguilera,Stripped,skip_for_now,76.00,113.00,57.00,46.00,10.00,4A,1,2026-07-19T06:00:38.907Z,https://open.spotify.com/track/3TCauNPqFiniaYHBvEVoHG
104,7nXq1vaZiz7PdbfojpPjW5,Fighter,Christina Aguilera,Stripped,skip_for_now,189.00,181.00,92.00,44.00,45.00,9A,1,2026-07-19T06:00:38.908Z,https://open.spotify.com/track/7nXq1vaZiz7PdbfojpPjW5
105,5fnOrhQ4KgT5irGCjIccGH,Arthur's Theme (Best That You Can Do),Christopher Cross,Arthur - The Album [Original Soundtrack],skip_for_now,137.00,157.00,52.00,53.00,52.00,11B,2,2026-07-19T06:00:39.697Z,https://open.spotify.com/track/5fnOrhQ4KgT5irGCjIccGH
106,5aramQ0GUxy5EMs7XI94GP,Hospital Beds - Live Rising,Cold War Kids,Hospital Beds (Live Rising),skip_for_now,98.00,140.00,48.00,45.00,47.00,12B,1,2026-07-13T06:13:01.323Z,https://open.spotify.com/track/5aramQ0GUxy5EMs7XI94GP
107,75JFxkI2RXiU7L9VXzMkle,The Scientist,Coldplay,A Rush of Blood to the Head,skip_for_now,146.00,121.00,44.00,56.00,21.00,7B,1,2026-07-19T06:00:39.196Z,https://open.spotify.com/track/75JFxkI2RXiU7L9VXzMkle
108,6CbMabu8jZmKGIYP8EZlS9,Manic,Coleman Hell,Manic,skip_for_now,100.00,212.00,77.00,66.00,69.00,1A,1,2026-07-19T06:00:39.647Z,https://open.spotify.com/track/6CbMabu8jZmKGIYP8EZlS9
109,3nOfMwBymUZPQ4ZcuKGnYB,"Rain King - Live At Chelsea Studios, New York/1997",Counting Crows,Across A Wire (Live In New York),skip_for_now,148.00,131.00,57.00,50.00,24.00,11B,1,2026-07-19T06:00:39.206Z,https://open.spotify.com/track/3nOfMwBymUZPQ4ZcuKGnYB
110,5DiXcVovI0FcY2s0icWWUu,Mr. Jones,Counting Crows,August And Everything After,skip_for_now,142.00,213.00,82.00,58.00,73.00,8B,1,2026-07-19T06:00:39.208Z,https://open.spotify.com/track/5DiXcVovI0FcY2s0icWWUu
111,1tjKIXd7DYNklhVSgBxREi,A Long December,Counting Crows,Recovering The Satellites,skip_for_now,71.00,135.00,58.00,39.00,38.00,7B,1,2026-07-19T06:00:39.209Z,https://open.spotify.com/track/1tjKIXd7DYNklhVSgBxREi
112,4O4dhPrjcw7GSLNafNydmb,Big Yellow Taxi,"Counting Crows,Vanessa Carlton",Hard Candy,skip_for_now,88.00,239.00,87.00,68.00,84.00,3B,1,2026-07-19T06:00:39.375Z,https://open.spotify.com/track/4O4dhPrjcw7GSLNafNydmb
113,4BggEwLhGfrbrl7JBhC8EC,Butterfly,Crazy Town,The Gift Of Game,skip_for_now,104.00,216.00,81.00,74.00,61.00,8A,1,2026-07-19T06:00:39.641Z,https://open.spotify.com/track/4BggEwLhGfrbrl7JBhC8EC
114,6Jp0GuFxAYbTdre1uUPgaB,Suzie Q,Creedence Clearwater Revival,Creedence Clearwater Revival (Expanded Edition),skip_for_now,130.00,176.00,62.00,44.00,70.00,9A,1,2026-07-19T06:00:39.649Z,https://open.spotify.com/track/6Jp0GuFxAYbTdre1uUPgaB
115,20OFwXhEXf12DzwXmaV7fj,Bad Moon Rising,Creedence Clearwater Revival,Green River (Expanded Edition),skip_for_now,179.00,222.00,77.00,51.00,94.00,10B,1,2026-07-19T06:00:38.763Z,https://open.spotify.com/track/20OFwXhEXf12DzwXmaV7fj
116,2hitsKa8SthKhRJBXUHbIv,Our House,"Crosby, Stills, Nash & Young",Deja Vu,skip_for_now,140.00,118.00,21.00,59.00,38.00,11B,1,2026-07-19T06:00:39.331Z,https://open.spotify.com/track/2hitsKa8SthKhRJBXUHbIv
117,29HaKOpeLSYvqdFyEQSRdj,Teach Your Children,"Crosby, Stills, Nash & Young",Deja Vu,skip_for_now,155.00,145.00,28.00,50.00,67.00,10B,1,2026-07-19T06:00:39.329Z,https://open.spotify.com/track/29HaKOpeLSYvqdFyEQSRdj
118,48O0GrGJWml3DzHhC5sJ7a,Karma Chameleon,Culture Club,At Worst...The Best Of Boy George And Culture Club,skip_for_now,92.00,219.00,58.00,68.00,93.00,6B,1,2026-07-19T06:00:39.741Z,https://open.spotify.com/track/48O0GrGJWml3DzHhC5sJ7a
119,7o9uu2GDtVDr9nsR7ZRN73,Time After Time,Cyndi Lauper,She's So Unusual,skip_for_now,130.00,147.00,45.00,73.00,29.00,8B,1,2026-07-19T06:00:39.616Z,https://open.spotify.com/track/7o9uu2GDtVDr9nsR7ZRN73
120,2A6yzRGMgSQCUapR2ptm6A,True Colors,Cyndi Lauper,True Colors,skip_for_now,171.00,88.00,21.00,40.00,27.00,8B,1,2026-07-19T06:00:39.506Z,https://open.spotify.com/track/2A6yzRGMgSQCUapR2ptm6A
121,747tpec1a0Hfqvj2za1pBs,Gotta Get Thru This - D'N'D Radio Edit,"Daniel Bedingfield,D'N'D Productions",Gotta Get Thru This,skip_for_now,134.00,252.00,77.00,84.00,91.00,6A,1,2026-07-19T06:00:38.687Z,https://open.spotify.com/track/747tpec1a0Hfqvj2za1pBs
122,7j74lucZ59vqN67Ipe2ZcY,Maneater,Daryl Hall & John Oates,H2O,skip_for_now,89.00,204.00,50.00,72.00,82.00,10A,1,2026-07-19T06:00:39.571Z,https://open.spotify.com/track/7j74lucZ59vqN67Ipe2ZcY
123,4jDMK7mlKrAAwygtaJOsTj,Mothers,Daughter,Not to Disappear,skip_for_now,,,,,,,1,2026-07-19T06:00:39.348Z,https://open.spotify.com/track/4jDMK7mlKrAAwygtaJOsTj
124,234RqTZmnDTnxWlVciXHLD,It's Not Over,Daughtry,Daughtry (Deluxe Edition),skip_for_now,146.00,164.00,92.00,43.00,29.00,3A,1,2026-07-19T06:00:38.867Z,https://open.spotify.com/track/234RqTZmnDTnxWlVciXHLD
125,2EDWTamwVRo9XZ6LapRDGA,Don't Give up on Us,David Soul,David Soul,skip_for_now,99.00,128.00,34.00,49.00,45.00,11B,1,2026-07-19T06:00:39.712Z,https://open.spotify.com/track/2EDWTamwVRo9XZ6LapRDGA
126,12UzVR0M7asW2MHAZRJk0I,Tie a Yellow Ribbon Round the Ole Oak Tree (feat. Tony Orlando) - 1998 Remastered,"Dawn,Tony Orlando",Tuneweaving,skip_for_now,88.00,186.00,62.00,56.00,68.00,7B,1,2026-07-19T06:00:39.124Z,https://open.spotify.com/track/12UzVR0M7asW2MHAZRJk0I
127,2Mpj1Ul5OFPyyP4wB62Rvi,Survivor,Destiny's Child,Survivor,skip_for_now,161.00,204.00,91.00,51.00,62.00,12A,1,2026-07-19T06:00:39.537Z,https://open.spotify.com/track/2Mpj1Ul5OFPyyP4wB62Rvi
128,19QT1L9qUNKHYNbYqawaX8,Beautiful Mess,Diamond Rio,Completely,skip_for_now,177.00,162.00,66.00,48.00,48.00,3B,1,2026-07-19T06:00:38.792Z,https://open.spotify.com/track/19QT1L9qUNKHYNbYqawaX8
129,5T7OmQN5UinLkfPeu65MgF,Pavement Artist,Dick Van Dyke,Mary Poppins (Original Motion Picture Soundtrack),skip_for_now,185.00,61.00,6.00,30.00,25.00,6B,1,2026-07-19T06:00:39.426Z,https://open.spotify.com/track/5T7OmQN5UinLkfPeu65MgF
130,3adnLFXKO5rC1lhUNSeg3N,White Flag,Dido,Life For Rent,skip_for_now,170.00,133.00,54.00,51.00,28.00,7B,1,2026-07-19T06:00:39.729Z,https://open.spotify.com/track/3adnLFXKO5rC1lhUNSeg3N
131,0r8iDf65NHgFgZOGLwj5r8,What Was I Thinkin',Dierks Bentley,Dierks Bentley,skip_for_now,165.00,231.00,83.00,55.00,93.00,4A,1,2026-07-19T06:00:38.790Z,https://open.spotify.com/track/0r8iDf65NHgFgZOGLwj5r8
132,1cOj24fUMnBSXhtp7waHVW,"That's What Friends Are For (with Elton John, Gladys Knight & Stevie Wonder)","Dionne Warwick,Elton John,Gladys Knight,Stevie Wonder",Greatest Hits 1979-1990,skip_for_now,120.00,116.00,29.00,67.00,20.00,4B,1,2026-07-19T06:00:39.705Z,https://open.spotify.com/track/1cOj24fUMnBSXhtp7waHVW
133,67awxiNHNyjMXhVgsHuIrs,Turn Down for What,"DJ Snake,Lil Jon",Turn Down for What,skip_for_now,100.00,170.00,80.00,82.00,8.00,12A,1,2026-07-19T06:00:39.213Z,https://open.spotify.com/track/67awxiNHNyjMXhVgsHuIrs
134,7u5aSmpL0pHUn1qibJJhjM,Coincidance (TIKTOK) (Tribute Version Originally Performed By Handsome Dancer),Dj Victory,Eternal Tributes Vol 5,skip_for_now,130.00,244.00,60.00,93.00,91.00,10A,1,2026-07-19T06:00:39.743Z,https://open.spotify.com/track/7u5aSmpL0pHUn1qibJJhjM
135,3qhlB30KknSejmIvZZLjOD,End of Beginning,Djo,DECIDE,skip_for_now,160.00,205.00,45.00,69.00,91.00,10B,1,2026-07-19T06:00:39.778Z,https://open.spotify.com/track/3qhlB30KknSejmIvZZLjOD
136,5lm3l9npXIV0ykvmEWhPzX,2 Much Booty,Down South,Bass Kings (Volume 1),skip_for_now,129.00,239.00,92.00,92.00,55.00,9B,1,2026-07-19T06:00:39.563Z,https://open.spotify.com/track/5lm3l9npXIV0ykvmEWhPzX
137,0wokCRaKD0zPNhMRXAgVsr,Ordinary World,Duran Duran,Duran Duran,skip_for_now,140.00,152.00,65.00,47.00,40.00,12A,1,2026-07-15T06:52:13.178Z,https://open.spotify.com/track/0wokCRaKD0zPNhMRXAgVsr
138,1t2Hq2WIBcZINOEnK6mdJG,Save Tonight,Eagle-Eye Cherry,Desireless,skip_for_now,120.00,182.00,69.00,55.00,58.00,8B,1,2026-07-15T07:30:34.980Z,https://open.spotify.com/track/1t2Hq2WIBcZINOEnK6mdJG
139,40h65HAR8COEoqkMwUUQHu,Peaceful Easy Feeling - 2013 Remaster,Eagles,Eagles (2013 Remaster),skip_for_now,143.00,207.00,63.00,57.00,87.00,12B,1,2026-07-19T06:00:39.074Z,https://open.spotify.com/track/40h65HAR8COEoqkMwUUQHu
140,40riOy7x9W7GXjyGp4pjAv,Hotel California - 2013 Remaster,Eagles,Hotel California (2013 Remaster),skip_for_now,147.00,170.00,51.00,58.00,61.00,10B,1,2026-07-19T06:00:39.073Z,https://open.spotify.com/track/40riOy7x9W7GXjyGp4pjAv
141,5lQKRR3MdJLtAwNBiT8Cq0,Lyin' Eyes - 2013 Remaster,Eagles,One of These Nights (2013 Remaster),skip_for_now,133.00,221.00,67.00,67.00,87.00,9B,1,2026-07-19T06:00:39.714Z,https://open.spotify.com/track/5lQKRR3MdJLtAwNBiT8Cq0
142,1HNkqx9Ahdgi1Ixy2xkKkL,Photograph,Ed Sheeran,x (Deluxe Edition),skip_for_now,108.00,119.00,38.00,61.00,20.00,12B,1,2026-07-19T06:00:39.480Z,https://open.spotify.com/track/1HNkqx9Ahdgi1Ixy2xkKkL
143,0aCbzCWEUtm3tJw0FxLsCj,I Love to Laugh,"Edwynn,Julie Andrews,Dick Van Dyke",Mary Poppins (Original Motion Picture Soundtrack),skip_for_now,98.00,123.00,19.00,55.00,49.00,6B,1,2026-07-19T06:00:39.424Z,https://open.spotify.com/track/0aCbzCWEUtm3tJw0FxLsCj
144,7lMIJ4EFWRVoAIPDpeGyM3,Blue (Da Ba Dee) - Gabry Ponte Video Edit,"Eiffel 65,Gabry Ponte",Blue (Da Ba Dee),skip_for_now,128.00,253.00,97.00,83.00,73.00,6A,1,2026-07-19T06:00:38.810Z,https://open.spotify.com/track/7lMIJ4EFWRVoAIPDpeGyM3
145,3SPcBPzvbmWLl8NU5efx4W,Telephone Line,Electric Light Orchestra,A New World Record,skip_for_now,71.00,105.00,37.00,47.00,21.00,11B,1,2026-07-19T06:00:39.552Z,https://open.spotify.com/track/3SPcBPzvbmWLl8NU5efx4W
146,4N6HYihypXOVL24bnaR4fp,Evil Woman,Electric Light Orchestra,All Over The World: The Very Best Of ELO,skip_for_now,120.00,221.00,63.00,69.00,89.00,8A,1,2026-07-19T06:00:39.577Z,https://open.spotify.com/track/4N6HYihypXOVL24bnaR4fp
147,40tnCfx2mTtHozyaRDcYC5,The Bitch Is Back - Remastered 1995,Elton John,Caribou (Remastered 1995),skip_for_now,133.00,239.00,86.00,59.00,94.00,3B,1,2026-07-19T06:00:39.576Z,https://open.spotify.com/track/40tnCfx2mTtHozyaRDcYC5
148,6WCeFNVAXUtNczb7lqLiZU,Crocodile Rock,Elton John,Don't Shoot Me I'm Only The Piano Player,skip_for_now,150.00,239.00,80.00,62.00,97.00,9A,1,2026-07-19T06:00:39.085Z,https://open.spotify.com/track/6WCeFNVAXUtNczb7lqLiZU
149,38zsOOcu31XbbYj9BIPUF1,Your Song,Elton John,Elton John,skip_for_now,128.00,119.00,32.00,55.00,32.00,5B,1,2026-07-19T06:00:39.090Z,https://open.spotify.com/track/38zsOOcu31XbbYj9BIPUF1
150,2TVxnKdb3tqe1nhQWwwZCO,Tiny Dancer,Elton John,Madman Across The Water,skip_for_now,145.00,112.00,43.00,41.00,28.00,8B,1,2026-07-19T06:00:39.723Z,https://open.spotify.com/track/2TVxnKdb3tqe1nhQWwwZCO
151,7HW5WIw7ZgZORCzUxv5gW5,Don't Go Breaking My Heart,"Elton John,Kiki Dee",Rock Of The Westies,skip_for_now,131.00,235.00,84.00,73.00,78.00,7B,1,2026-07-19T06:00:39.086Z,https://open.spotify.com/track/7HW5WIw7ZgZORCzUxv5gW5
152,44AyOl4qVkzS48vBsbNXaC,Can't Help Falling in Love,Elvis Presley,Blue Hawaii,skip_for_now,100.00,103.00,29.00,40.00,34.00,10B,1,2026-07-19T06:00:39.474Z,https://open.spotify.com/track/44AyOl4qVkzS48vBsbNXaC
153,5Q7ayTarb9Tpmkik5cVMug,Viva Las Vegas,Elvis Presley,"Elvis' Gold Records, Vol. 4",skip_for_now,144.00,204.00,57.00,61.00,86.00,9B,1,2026-07-19T06:00:39.472Z,https://open.spotify.com/track/5Q7ayTarb9Tpmkik5cVMug
154,452KBpASS5lZLeJWX9Ixub,Jailhouse Rock,Elvis Presley,Platinum - A Life In Music,skip_for_now,167.00,207.00,54.00,62.00,91.00,3A,1,2026-07-19T06:00:39.473Z,https://open.spotify.com/track/452KBpASS5lZLeJWX9Ixub
155,47y8hRlWLEJ4VafE6LMjEZ,A Little Less Conversation,Elvis Presley,The Essential Elvis Presley,skip_for_now,,,,,,,1,2026-07-19T06:00:38.752Z,https://open.spotify.com/track/47y8hRlWLEJ4VafE6LMjEZ
156,7Ie9W94M7OjPoZVV216Xus,Not Afraid,Eminem,Recovery,skip_for_now,115.00,248.00,95.00,86.00,67.00,5A,1,2026-07-19T06:00:39.727Z,https://open.spotify.com/track/7Ie9W94M7OjPoZVV216Xus
157,0fGh0trRN1xz3s41r7V5ce,Shake That,"Eminem,Nate Dogg",Curtain Call: The Hits (Deluxe Edition),skip_for_now,107.00,213.00,64.00,96.00,53.00,12A,1,2026-07-19T06:00:39.410Z,https://open.spotify.com/track/0fGh0trRN1xz3s41r7V5ce
158,2N4viTG9njqCa4c46YyWs1,Be With You,Enrique Iglesias,Enrique,skip_for_now,122.00,209.00,87.00,68.00,54.00,12A,1,2026-07-19T06:00:38.811Z,https://open.spotify.com/track/2N4viTG9njqCa4c46YyWs1
159,6KRi6CBUitENJB4HQbSVSD,Escape,Enrique Iglesias,Escape,skip_for_now,126.00,251.00,85.00,78.00,88.00,1B,1,2026-07-19T06:00:39.145Z,https://open.spotify.com/track/6KRi6CBUitENJB4HQbSVSD
160,0SRVlshKE1DW7SZEhX7nyW,I Will Survive,Enrique Iglesias,Escape,skip_for_now,106.00,191.00,87.00,69.00,35.00,3B,2,2026-07-19T06:00:39.143Z,https://open.spotify.com/track/0SRVlshKE1DW7SZEhX7nyW
161,2oPrurrsBCgisi9kgTxmUk,Maybe,Enrique Iglesias,Escape,skip_for_now,91.00,174.00,79.00,51.00,44.00,2B,1,2026-07-19T06:00:39.146Z,https://open.spotify.com/track/2oPrurrsBCgisi9kgTxmUk
162,41pS2CtGDq71My2B5YYYIg,Don't You Forget About Me,Enrique Iglesias,Insomniac,skip_for_now,90.00,129.00,27.00,70.00,32.00,11A,1,2026-07-19T06:00:39.148Z,https://open.spotify.com/track/41pS2CtGDq71My2B5YYYIg
163,2PRkzcjGyrxHIKQZDHNI6b,Little Girl,Enrique Iglesias,Insomniac,skip_for_now,170.00,115.00,34.00,51.00,30.00,2B,1,2026-07-19T06:00:39.412Z,https://open.spotify.com/track/2PRkzcjGyrxHIKQZDHNI6b
164,7pEiz41MM5gdyq65qL3f4z,Miss You,Enrique Iglesias,Insomniac,skip_for_now,96.00,206.00,74.00,66.00,66.00,6A,1,2026-07-19T06:00:39.748Z,https://open.spotify.com/track/7pEiz41MM5gdyq65qL3f4z
165,5DbUPekbGprJNwubQHaFtU,Ring My Bells,Enrique Iglesias,Insomniac,skip_for_now,115.00,188.00,63.00,82.00,43.00,11A,1,2026-07-19T06:00:39.149Z,https://open.spotify.com/track/5DbUPekbGprJNwubQHaFtU
166,4ZbS28A7pxW6obXVWimjgG,Space in My Heart - Original Version,Enrique Iglesias,Space in My Heart (Original Version),skip_for_now,106.00,130.00,48.00,61.00,21.00,7B,1,2026-07-19T06:00:39.415Z,https://open.spotify.com/track/4ZbS28A7pxW6obXVWimjgG
167,0AQqrtK1pULuwZUXhwaaDz,All By Myself,Eric Carmen,Eric Carmen,skip_for_now,116.00,86.00,37.00,38.00,11.00,6A,1,2026-07-19T06:00:39.701Z,https://open.spotify.com/track/0AQqrtK1pULuwZUXhwaaDz
168,31H6au3jhblhr6MMJiXnCq,Hungry Eyes - From  Dirty Dancing  Soundtrack,Eric Carmen,The Definitive Collection,skip_for_now,110.00,181.00,55.00,71.00,55.00,7B,1,2026-07-19T06:00:39.561Z,https://open.spotify.com/track/31H6au3jhblhr6MMJiXnCq
169,0COqiPhxzoWICwFCS4eZcp,Bring Me To Life,Evanescence,Fallen,skip_for_now,95.00,157.00,94.00,33.00,30.00,9A,1,2026-07-19T06:00:39.485Z,https://open.spotify.com/track/0COqiPhxzoWICwFCS4eZcp
170,4UzVcXufOhGUwF56HT7b8M,My Immortal,Evanescence,Fallen,skip_for_now,79.00,56.00,27.00,19.00,10.00,11B,1,2026-07-19T06:00:39.486Z,https://open.spotify.com/track/4UzVcXufOhGUwF56HT7b8M
171,663Karu2rvKLdnY0eo1n3M,Call Me When You're Sober,Evanescence,The Open Door,skip_for_now,93.00,166.00,88.00,45.00,33.00,9B,1,2026-07-19T06:00:39.488Z,https://open.spotify.com/track/663Karu2rvKLdnY0eo1n3M
172,1N4lStTVZN8KUD2d6SvimV,The Dazzler,Ex:Re,Ex:Re,skip_for_now,133.00,137.00,21.00,77.00,39.00,11B,1,2026-07-19T06:00:39.702Z,https://open.spotify.com/track/1N4lStTVZN8KUD2d6SvimV
173,5EYWGM3Ns3iYew8ws0FatB,This Kiss,Faith Hill,Faith,skip_for_now,187.00,191.00,80.00,40.00,71.00,1B,1,2026-07-19T06:00:38.700Z,https://open.spotify.com/track/5EYWGM3Ns3iYew8ws0FatB
174,4KTtYhxFtFL7mBwnjkKfLm,Glamorous,"Fergie,Ludacris",The Dutchess,skip_for_now,131.00,220.00,76.00,81.00,63.00,8B,1,2026-07-19T06:00:39.533Z,https://open.spotify.com/track/4KTtYhxFtFL7mBwnjkKfLm
175,5ihS6UUlyQAfmp48eSkxuQ,Landslide,Fleetwood Mac,Fleetwood Mac,skip_for_now,159.00,99.00,16.00,41.00,42.00,6A,1,2026-07-19T06:00:39.622Z,https://open.spotify.com/track/5ihS6UUlyQAfmp48eSkxuQ
176,4xh7W7tlNMIczFhupCPniY,Go Your Own Way - 2004 Remaster,Fleetwood Mac,Rumours (Super Deluxe),skip_for_now,,,,,,,1,2026-07-19T06:00:39.623Z,https://open.spotify.com/track/4xh7W7tlNMIczFhupCPniY
177,0CAfXk7DXMnon4gLudAp7J,Low (feat. T-Pain),"Flo Rida,T-Pain",Mail on Sunday,skip_for_now,128.00,183.00,61.00,92.00,30.00,3A,1,2026-07-19T06:00:38.714Z,https://open.spotify.com/track/0CAfXk7DXMnon4gLudAp7J
178,6JH9yWhgbm0y9iAJhCslNc,Handlebars,Flobots,Fight With Tools,skip_for_now,142.00,179.00,57.00,70.00,52.00,7B,1,2026-07-19T06:00:39.609Z,https://open.spotify.com/track/6JH9yWhgbm0y9iAJhCslNc
179,3I4wuL82QeU3IR518TuV33,Only If For A Night,Florence + The Machine,Ceremonials (Deluxe Edition),skip_for_now,80.00,161.00,74.00,48.00,39.00,8A,1,2026-07-19T06:00:39.721Z,https://open.spotify.com/track/3I4wuL82QeU3IR518TuV33
180,1YLJVmuzeM2YSUkCCaTNUB,Dog Days Are Over,Florence + The Machine,Lungs (Deluxe Edition),skip_for_now,150.00,155.00,81.00,49.00,25.00,9B,1,2026-07-19T06:00:39.719Z,https://open.spotify.com/track/1YLJVmuzeM2YSUkCCaTNUB
181,27L8sESb3KR79asDUBu8nW,Stacy's Mom,Fountains Of Wayne,Welcome Interstate Managers,skip_for_now,118.00,245.00,75.00,77.00,93.00,10A,1,2026-07-19T06:00:39.532Z,https://open.spotify.com/track/27L8sESb3KR79asDUBu8nW
182,0elmUoU7eMPwZX1Mw1MnQo,The Way You Look Tonight,Frank Sinatra,"Days Of Wine And Roses, Moon River And Other Academy Award Winners",skip_for_now,,,,,,,1,2026-07-19T06:00:39.461Z,https://open.spotify.com/track/0elmUoU7eMPwZX1Mw1MnQo
183,3spdoTYpuCpmq19tuD0bOe,My Way,Frank Sinatra,My Way (Expanded Edition),skip_for_now,,,,,,,1,2026-07-19T06:00:39.462Z,https://open.spotify.com/track/3spdoTYpuCpmq19tuD0bOe
184,2vXVfpRRCin0m7b26He4aw,Summer Wind - 2008 Remastered,Frank Sinatra,Nothing But The Best (2008 Remastered),skip_for_now,,,,,,,1,2026-07-19T06:00:38.888Z,https://open.spotify.com/track/2vXVfpRRCin0m7b26He4aw
185,0K2WjMLZYr09LKwurGRYRE,"Theme From New York, New York - 2008 Remastered",Frank Sinatra,Nothing But The Best (2008 Remastered),skip_for_now,,,,,,,1,2026-07-19T06:00:39.417Z,https://open.spotify.com/track/0K2WjMLZYr09LKwurGRYRE
186,0OxeH4biPKnJ022yE6fUu3,I've Got You Under My Skin,Frank Sinatra,Platinum,skip_for_now,,,,,,,1,2026-07-19T06:00:39.466Z,https://open.spotify.com/track/0OxeH4biPKnJ022yE6fUu3
187,3mKdw0slI6wmnb1FBrvwn2,I Get A Kick Out Of You,Frank Sinatra,Sinatra And Swingin' Brass,skip_for_now,,,,,,,1,2026-07-19T06:00:39.465Z,https://open.spotify.com/track/3mKdw0slI6wmnb1FBrvwn2
188,4u4kBbeXn3mswdgllfzlfz,Come Fly With Me - Live At The Sands Hotel And Casino/1966,Frank Sinatra,Sinatra At The Sands,skip_for_now,152.00,190.00,56.00,51.00,83.00,4B,1,2026-07-19T06:00:39.470Z,https://open.spotify.com/track/4u4kBbeXn3mswdgllfzlfz
189,290Hwi5fTlIPTAymzadZti,All or Nothing at All,Frank Sinatra,Strangers In The Night (Expanded Edition),skip_for_now,129.00,153.00,50.00,50.00,53.00,7A,1,2026-07-19T06:00:39.469Z,https://open.spotify.com/track/290Hwi5fTlIPTAymzadZti
190,74VR3AkGPhbYXnxcOYa16x,Strangers In The Night,Frank Sinatra,Strangers In The Night (Expanded Edition),skip_for_now,,,,,,,1,2026-07-19T06:00:39.468Z,https://open.spotify.com/track/74VR3AkGPhbYXnxcOYa16x
191,4FmCUATNIarCQh72JYdvnm,That's Life,Frank Sinatra,That's Life,skip_for_now,,,,,,,1,2026-07-19T06:00:39.464Z,https://open.spotify.com/track/4FmCUATNIarCQh72JYdvnm
192,3OhpnxZyvIIxl62haM4Eth,Chicago,Frank Sinatra,Ultimate Sinatra,skip_for_now,148.00,185.00,51.00,53.00,81.00,7B,1,2026-07-19T06:00:39.459Z,https://open.spotify.com/track/3OhpnxZyvIIxl62haM4Eth
193,2h5bz3snLAvbXJhMIrTmSY,Most Of All,Fuel,Natural Selection,skip_for_now,127.00,184.00,75.00,61.00,48.00,10B,1,2026-07-15T07:00:15.777Z,https://open.spotify.com/track/2h5bz3snLAvbXJhMIrTmSY
194,4vl2zwXsTmAxgu9iY0g6UK,I Don't Want to Be,Gavin DeGraw,Chariot,skip_for_now,155.00,174.00,86.00,42.00,46.00,5A,1,2026-07-19T06:00:39.260Z,https://open.spotify.com/track/4vl2zwXsTmAxgu9iY0g6UK
195,14AI8Qt9giIa8uzek1I24O,Home by the Sea - 2007 Remaster,Genesis,Genesis (2007 Remaster),skip_for_now,129.00,189.00,72.00,61.00,56.00,9A,1,2026-07-15T07:05:12.612Z,https://open.spotify.com/track/14AI8Qt9giIa8uzek1I24O
196,2zFdsAIk9r2Mi7Lmm1w3sM,That's All - 2007 Remaster,Genesis,Genesis (2007 Remaster),skip_for_now,175.00,203.00,66.00,60.00,77.00,9A,2,2026-07-19T06:00:38.950Z,https://open.spotify.com/track/2zFdsAIk9r2Mi7Lmm1w3sM
197,0xpBr84T3FTm9j4D1MdPtk,Invisible Touch - 2007 Remaster,Genesis,Invisible Touch (2007 Remaster),skip_for_now,131.00,240.00,93.00,62.00,85.00,8B,1,2026-07-13T02:05:29.106Z,https://open.spotify.com/track/0xpBr84T3FTm9j4D1MdPtk
198,3qBSU8X3uKARgBem2GHJlz,Cinema Show - Live in Paris,Genesis,Seconds Out (Live),skip_for_now,,,,,,,1,2026-07-19T05:46:11.749Z,https://open.spotify.com/track/3qBSU8X3uKARgBem2GHJlz
199,6s0NHplywwr1IjnQpUpWJk,Bad To The Bone,George Thorogood & The Destroyers,BAD TO THE BONE,skip_for_now,149.00,215.00,73.00,46.00,96.00,8B,1,2026-07-19T06:00:39.680Z,https://open.spotify.com/track/6s0NHplywwr1IjnQpUpWJk
200,54pvEYFocTlvIAQOfXSjqV,Alone Again (Naturally),Gilbert O'Sullivan,Back to Front (Deluxe Edition),skip_for_now,172.00,170.00,53.00,56.00,61.00,1A,1,2026-07-19T06:00:39.370Z,https://open.spotify.com/track/54pvEYFocTlvIAQOfXSjqV
201,0VwTeYNjcl30DyQlt3GPe0,Rhinestone Cowboy,Glen Campbell,Rhinestone Cowboy (Expanded Edition),skip_for_now,115.00,192.00,63.00,64.00,65.00,8B,1,2026-07-19T06:00:39.327Z,https://open.spotify.com/track/0VwTeYNjcl30DyQlt3GPe0
202,6o1l9I0faXJN2iqulHrdCQ,Crazy,"Gnarls Barkley,CeeLo Green,Danger Mouse",St. Elsewhere,skip_for_now,112.00,219.00,74.00,84.00,61.00,4B,1,2026-07-19T06:00:39.575Z,https://open.spotify.com/track/6o1l9I0faXJN2iqulHrdCQ
203,5TjwiYZVMHVrGvRzbeCaV7,I Just Wanna Live,Good Charlotte,The Chronicles of Life and Death ( LIFE  version),skip_for_now,111.00,257.00,83.00,80.00,94.00,3A,1,2026-07-19T06:00:39.612Z,https://open.spotify.com/track/5TjwiYZVMHVrGvRzbeCaV7
204,2g2a5kDeZexbUTD8abcvm6,Lifestyles of the Rich & Famous,Good Charlotte,The Young and The Hopeless,skip_for_now,106.00,216.00,93.00,62.00,61.00,3B,1,2026-07-19T06:00:39.611Z,https://open.spotify.com/track/2g2a5kDeZexbUTD8abcvm6
205,4wCmqSrbyCgxEXROQE6vtV,Somebody That I Used To Know,"Gotye,Kimbra",Making Mirrors,skip_for_now,129.00,208.00,50.00,86.00,72.00,8B,1,2026-07-19T06:00:39.277Z,https://open.spotify.com/track/4wCmqSrbyCgxEXROQE6vtV
206,1I6l01BaBgBCVkfQCpIlR6,Truckin' - 2013 Remaster,Grateful Dead,American Beauty (2013 Remaster),skip_for_now,127.00,194.00,62.00,64.00,68.00,10A,1,2026-07-19T06:00:39.000Z,https://open.spotify.com/track/1I6l01BaBgBCVkfQCpIlR6
207,3ARngx4lU4zYSWTiXm4Yag,Good Lovin' - 2013 Remaster,Grateful Dead,Shakedown Street,skip_for_now,160.00,229.00,64.00,70.00,95.00,8B,1,2026-07-19T06:00:39.002Z,https://open.spotify.com/track/3ARngx4lU4zYSWTiXm4Yag
208,3B7rdnhQLLcb3N0d6LNiEl,I Need a Miracle - 2013 Remaster,Grateful Dead,Shakedown Street,skip_for_now,122.00,214.00,63.00,67.00,84.00,11B,1,2026-07-19T06:00:39.004Z,https://open.spotify.com/track/3B7rdnhQLLcb3N0d6LNiEl
209,7LbfuQVct78YoghmoPtsQ8,Casey Jones - 2013 Remaster,Grateful Dead,Workingman's Dead,skip_for_now,100.00,191.00,41.00,67.00,83.00,8B,1,2026-07-19T06:00:39.003Z,https://open.spotify.com/track/7LbfuQVct78YoghmoPtsQ8
210,3ZffCQKLFLUvYM59XKLbVm,Wake Me up When September Ends,Green Day,American Idiot,skip_for_now,105.00,151.00,81.00,55.00,15.00,9B,1,2026-07-19T06:00:38.871Z,https://open.spotify.com/track/3ZffCQKLFLUvYM59XKLbVm
211,0U87auHx1iZTEFcq9KVdmO,Boulevard of Broken Dreams,Green Day,American Idiot (20th Anniversary Deluxe Edition),skip_for_now,,,,,,,1,2026-07-19T06:00:39.560Z,https://open.spotify.com/track/0U87auHx1iZTEFcq9KVdmO
212,1vqtj4c5aNPKkLS2LXkd4E,"If I Go, I'm Goin",Gregory Alan Isakov,This Empty Northern Hemisphere,skip_for_now,114.00,76.00,6.00,51.00,19.00,5B,1,2026-07-19T06:00:39.780Z,https://open.spotify.com/track/1vqtj4c5aNPKkLS2LXkd4E
213,1PknqupRJmUOeOj0ghpwLZ,Lose Your Love (with Matt Maeson),"Gryffin,Matt Maeson",Alive,skip_for_now,150.00,188.00,88.00,53.00,47.00,4B,1,2026-07-19T06:00:39.405Z,https://open.spotify.com/track/1PknqupRJmUOeOj0ghpwLZ
214,7snQQk1zcKl8gZ92AnueZW,Sweet Child O' Mine,Guns N' Roses,Appetite For Destruction,skip_for_now,125.00,202.00,95.00,45.00,62.00,2B,1,2026-07-19T06:00:39.634Z,https://open.spotify.com/track/7snQQk1zcKl8gZ92AnueZW
215,0LzrhCZFXW94Y8nwtTuRlw,Hollaback Girl,Gwen Stefani,Love. Angel. Music. Baby. (Deluxe Version),skip_for_now,110.00,275.00,92.00,93.00,90.00,3A,1,2026-07-19T06:00:39.530Z,https://open.spotify.com/track/0LzrhCZFXW94Y8nwtTuRlw
216,7bZsx7Zif6FIhrcZrh0LVm,What You Waiting For?,Gwen Stefani,Love. Angel. Music. Baby. (Deluxe Version),skip_for_now,136.00,236.00,95.00,68.00,73.00,7B,1,2026-07-19T06:00:39.618Z,https://open.spotify.com/track/7bZsx7Zif6FIhrcZrh0LVm
217,2obblQ6tcePeOEVJV6nEGD,Cat's in the Cradle,Harry Chapin,Verities & Balderdash,skip_for_now,78.00,158.00,58.00,49.00,51.00,6B,1,2026-07-19T06:00:39.052Z,https://open.spotify.com/track/2obblQ6tcePeOEVJV6nEGD
218,5zH710lFSLtkHbMkslLDjR,Crazy On You,Heart,Dreamboat Annie,skip_for_now,130.00,128.00,46.00,44.00,38.00,8A,2,2026-07-19T06:00:39.642Z,https://open.spotify.com/track/5zH710lFSLtkHbMkslLDjR
219,3l2hbXdvmaH3tUd3qWLKgm,I Am Woman,Helen Reddy,I Am Woman,skip_for_now,171.00,178.00,68.00,39.00,71.00,8B,1,2026-07-19T06:00:39.733Z,https://open.spotify.com/track/3l2hbXdvmaH3tUd3qWLKgm
220,5B5eTk7DF8KVp1zpQoY1XY,The Reason,Hoobastank,The Reason (20th Anniversary),skip_for_now,83.00,121.00,67.00,47.00,7.00,12B,1,2026-07-19T06:00:38.865Z,https://open.spotify.com/track/5B5eTk7DF8KVp1zpQoY1XY
221,0R7d7JyYRKcuTEO1j0Wkcw,Heavenly Side,"ILLENIUM,Matt Maeson",Fallen Embers,skip_for_now,134.00,138.00,75.00,44.00,19.00,10B,1,2026-07-19T06:00:39.352Z,https://open.spotify.com/track/0R7d7JyYRKcuTEO1j0Wkcw
222,5zviMoAeuerK1Rd58qXASv,All That Really Matters,"ILLENIUM,Teddy Swims",All That Really Matters,skip_for_now,170.00,125.00,67.00,35.00,23.00,3B,1,2026-07-19T06:00:39.349Z,https://open.spotify.com/track/5zviMoAeuerK1Rd58qXASv
223,74RBxG1kzNOYOgDGn5RO8S,Greenback Boogie,Ima Robot,Greenback Boogie,skip_for_now,143.00,137.00,54.00,55.00,28.00,6B,1,2026-07-19T06:00:39.627Z,https://open.spotify.com/track/74RBxG1kzNOYOgDGn5RO8S
224,3LlAyCYU26dvFZBDUIMb7a,Demons,Imagine Dragons,Night Visions,skip_for_now,90.00,163.00,71.00,50.00,42.00,5B,1,2026-07-19T06:00:39.605Z,https://open.spotify.com/track/3LlAyCYU26dvFZBDUIMb7a
225,4G8gkOterJn0Ywt6uhqbhp,Radioactive,Imagine Dragons,Night Visions,skip_for_now,136.00,147.00,78.00,45.00,24.00,11B,1,2026-07-19T06:00:39.604Z,https://open.spotify.com/track/4G8gkOterJn0Ywt6uhqbhp
226,2E9KlM0BvKZKcZAQRu3OWV,The Way I Am,Ingrid Michaelson,Girls And Boys,skip_for_now,120.00,146.00,26.00,89.00,31.00,7B,1,2026-07-19T06:00:39.377Z,https://open.spotify.com/track/2E9KlM0BvKZKcZAQRu3OWV
227,25U7raB3ZSszayTYClh4hF,Somewhere Over The Rainbow/What A Wonderful World,Israel Kamakawiwo'ole,Facing Future,skip_for_now,85.00,151.00,17.00,66.00,68.00,8B,1,2026-07-19T06:00:39.373Z,https://open.spotify.com/track/25U7raB3ZSszayTYClh4hF
228,1wzwmHX25Gab95pxj5c4Sq,Mudfootball (For Moe Lerner),Jack Johnson,Brushfire Fairytales [Remastered (Bonus Version)],skip_for_now,97.00,249.00,71.00,82.00,96.00,9B,1,2026-07-19T06:00:39.374Z,https://open.spotify.com/track/1wzwmHX25Gab95pxj5c4Sq
229,48Pi3H6sYU4Vp8dNs2DZSM,The Resolution,Jack's Mannequin,The Glass Passenger,skip_for_now,188.00,178.00,92.00,37.00,49.00,10B,1,2026-07-19T06:00:38.673Z,https://open.spotify.com/track/48Pi3H6sYU4Vp8dNs2DZSM
230,13yEuYLJYxPCLJR0KNOqpk,High,James Blunt,Back to Bedlam,skip_for_now,81.00,159.00,60.00,54.00,45.00,6B,1,2026-07-19T06:00:38.899Z,https://open.spotify.com/track/13yEuYLJYxPCLJR0KNOqpk
231,5ONuwMIXAukbMNQCCSjjm0,You've Got a Friend,James Taylor,Greatest Hits,skip_for_now,92.00,143.00,28.00,70.00,45.00,11B,1,2026-07-19T06:00:39.122Z,https://open.spotify.com/track/5ONuwMIXAukbMNQCCSjjm0
232,1oht5GevPN9t1T3kG1m1GO,Fire and Rain - 2019 Remaster,James Taylor,Sweet Baby James (2019 Remaster),skip_for_now,76.00,121.00,27.00,60.00,34.00,7B,1,2026-07-19T06:00:39.205Z,https://open.spotify.com/track/1oht5GevPN9t1T3kG1m1GO
233,5X8kkUaUlAyAUr9TYqDFTH,All For You,Janet Jackson,All For You,skip_for_now,114.00,241.00,93.00,75.00,73.00,10B,1,2026-07-19T06:00:39.523Z,https://open.spotify.com/track/5X8kkUaUlAyAUr9TYqDFTH
234,1IqFh00G2kvvMm8pRMpehA,Me and Bobby McGee,Janis Joplin,Pearl (Legacy Edition),skip_for_now,93.00,155.00,46.00,43.00,66.00,10B,1,2026-07-16T05:06:05.514Z,https://open.spotify.com/track/1IqFh00G2kvvMm8pRMpehA
235,2MMRWb4gn8mwpK5RLlPtl5,Geek in the Pink,Jason Mraz,Mr. A-Z,skip_for_now,92.00,232.00,75.00,67.00,90.00,3A,1,2026-07-19T06:00:38.639Z,https://open.spotify.com/track/2MMRWb4gn8mwpK5RLlPtl5
236,4tK4ARuilOrBzwVQK73E0Y,The Remedy (I Won't Worry),Jason Mraz,Waiting for My Rocket to Come,skip_for_now,95.00,226.00,87.00,59.00,80.00,6B,1,2026-07-19T06:00:38.641Z,https://open.spotify.com/track/4tK4ARuilOrBzwVQK73E0Y
237,3pRaLNL3b8x5uBOcsgvdqM,Hallelujah,Jeff Buckley,Grace,skip_for_now,97.00,54.00,14.00,32.00,8.00,8B,1,2026-07-19T06:00:39.599Z,https://open.spotify.com/track/3pRaLNL3b8x5uBOcsgvdqM
238,2hgzdQdnfWwtdpZbhZlV72,Ain't Your Mama,Jennifer Lopez,Ain't Your Mama,skip_for_now,120.00,226.00,68.00,76.00,82.00,1A,1,2026-07-19T06:00:39.247Z,https://open.spotify.com/track/2hgzdQdnfWwtdpZbhZlV72
239,1fgvJXlcZ7uIddMpqsqw0L,Love Don't Cost a Thing,Jennifer Lopez,J.Lo,skip_for_now,98.00,232.00,84.00,79.00,69.00,9A,1,2026-07-19T06:00:39.248Z,https://open.spotify.com/track/1fgvJXlcZ7uIddMpqsqw0L
240,5yaCquc7koPqtgj7v0lwHX,Waiting for Tonight,Jennifer Lopez,On The 6,skip_for_now,125.00,249.00,95.00,70.00,84.00,3A,1,2026-07-19T06:00:39.245Z,https://open.spotify.com/track/5yaCquc7koPqtgj7v0lwHX
241,4ZOyH6KjomjlqCz3oFqglr,Jenny from the Block (feat. Jadakiss & Styles P.) - Track Masters Remix,"Jennifer Lopez,Jadakiss,Styles P",This Is Me...Then,skip_for_now,100.00,255.00,75.00,84.00,96.00,2B,1,2026-07-19T06:00:39.244Z,https://open.spotify.com/track/4ZOyH6KjomjlqCz3oFqglr
242,3C0nOe05EIt1390bVABLyN,On The Floor,"Jennifer Lopez,Pitbull",Love?,skip_for_now,130.00,208.00,78.00,73.00,57.00,2A,1,2026-07-19T06:00:39.249Z,https://open.spotify.com/track/3C0nOe05EIt1390bVABLyN
243,2r3XNMon9K7bl2KTtHsaQO,"Bad, Bad Leroy Brown",Jim Croce,Life & Times,skip_for_now,148.00,223.00,68.00,70.00,85.00,9B,1,2026-07-19T06:00:39.328Z,https://open.spotify.com/track/2r3XNMon9K7bl2KTtHsaQO
244,1gJOqXpRjz9GeEEwQpcujK,You Are So Beautiful,Joe Cocker,I Can Stand A Little Rain,skip_for_now,83.00,57.00,18.00,30.00,9.00,3B,1,2026-07-19T06:00:39.703Z,https://open.spotify.com/track/1gJOqXpRjz9GeEEwQpcujK
245,4U6mBgGP8FXN6UH4T3AJhu,Up Where We Belong - From  An Officer And A Gentleman ,"Joe Cocker,Jennifer Warnes",The Anthology,skip_for_now,140.00,116.00,31.00,62.00,23.00,10B,1,2026-07-19T06:00:39.654Z,https://open.spotify.com/track/4U6mBgGP8FXN6UH4T3AJhu
246,258gegO3p3GJY5ETmQcWAD,The Ballad of Casey At the Bat,Joe Rathburn,The Baseball Songs,skip_for_now,115.00,195.00,70.00,64.00,61.00,9B,1,2026-07-19T06:00:39.666Z,https://open.spotify.com/track/258gegO3p3GJY5ETmQcWAD
247,2XHjFJVXYlEzoDvN82h8s5,Rocky Mountain Way,Joe Walsh,"The Smoker You Drink, The Player You Get",skip_for_now,86.00,129.00,38.00,49.00,42.00,12B,1,2026-07-19T06:00:39.664Z,https://open.spotify.com/track/2XHjFJVXYlEzoDvN82h8s5
248,3D8dwH690MXQRhtIZTSS9c,"Leaving, On a Jet Plane -  Greatest Hits  Version",John Denver,John Denver's Greatest Hits,skip_for_now,121.00,123.00,19.00,41.00,63.00,9B,1,2026-07-19T06:00:39.396Z,https://open.spotify.com/track/3D8dwH690MXQRhtIZTSS9c
249,5f7KV4oOHZylrpa5XKFu6G,Centerfield,John Fogerty,Centerfield (25th Anniversary),skip_for_now,,,,,,,1,2026-07-19T06:00:39.302Z,https://open.spotify.com/track/5f7KV4oOHZylrpa5XKFu6G
250,3U4isOIWM3VvDubwSI3y7a,All of Me,John Legend,Love In The Future (Expanded Edition),skip_for_now,120.00,101.00,26.00,42.00,33.00,4B,1,2026-07-19T06:00:39.477Z,https://open.spotify.com/track/3U4isOIWM3VvDubwSI3y7a
251,7pKfPomDEeI4TPT6EOYjn9,Imagine - Remastered 2010,John Lennon,Imagine,skip_for_now,76.00,98.00,26.00,55.00,17.00,8B,1,2026-07-19T06:00:38.976Z,https://open.spotify.com/track/7pKfPomDEeI4TPT6EOYjn9
252,0SEmf7XdvzCmmEjtpZKIKl,Love - Remastered 2010,John Lennon,Plastic Ono Band,skip_for_now,81.00,83.00,6.00,61.00,16.00,10B,1,2026-07-19T06:00:39.755Z,https://open.spotify.com/track/0SEmf7XdvzCmmEjtpZKIKl
253,3ntrdR24dLkKrzSGRv1FlH,Stand By Me - Remastered 2010,John Lennon,Rock 'N' Roll,skip_for_now,105.00,182.00,56.00,63.00,63.00,11B,1,2026-07-19T06:00:38.978Z,https://open.spotify.com/track/3ntrdR24dLkKrzSGRv1FlH
254,5imShWWzwqfAJ9gXFpGAQh,Waiting On the World to Change,John Mayer,Continuum,skip_for_now,177.00,200.00,76.00,58.00,66.00,10B,1,2026-07-19T06:00:39.308Z,https://open.spotify.com/track/5imShWWzwqfAJ9gXFpGAQh
255,43btz2xjMKpcmjkuRsvxyg,Jack & Diane,John Mellencamp,American Fool,skip_for_now,104.00,185.00,41.00,81.00,63.00,11B,1,2026-07-19T06:00:39.300Z,https://open.spotify.com/track/43btz2xjMKpcmjkuRsvxyg
256,1XNE0QfNjdroSdosMIk8F6,Greased Lightnin' - From “Grease”,"John Travolta,Jeff Conaway",Grease (The Original Motion Picture Soundtrack),skip_for_now,160.00,236.00,84.00,58.00,94.00,4B,1,2026-07-19T06:00:39.235Z,https://open.spotify.com/track/1XNE0QfNjdroSdosMIk8F6
257,2AVkArcfALVk2X8sfPRzya,Summer Nights - From “Grease”,"John Travolta,Olivia Newton-John",Grease (The Original Motion Picture Soundtrack),skip_for_now,124.00,202.00,66.00,75.00,61.00,10B,1,2026-07-19T06:00:39.237Z,https://open.spotify.com/track/2AVkArcfALVk2X8sfPRzya
258,5CyZPkmTBmq61SunRDysna,We Go Together - From “Grease”,"John Travolta,Olivia Newton-John",Grease (The Original Motion Picture Soundtrack),skip_for_now,111.00,231.00,80.00,73.00,78.00,8B,1,2026-07-19T06:00:39.239Z,https://open.spotify.com/track/5CyZPkmTBmq61SunRDysna
259,0B9x2BRHqj3Qer7biM3pU3,You're The One That I Want - From “Grease”,"John Travolta,Olivia Newton-John",Grease (The Original Motion Picture Soundtrack),skip_for_now,107.00,219.00,61.00,76.00,82.00,8B,1,2026-07-19T06:00:39.238Z,https://open.spotify.com/track/0B9x2BRHqj3Qer7biM3pU3
260,6YffUZJ2R06kyxyK6onezL,Ring of Fire,Johnny Cash,Ring Of Fire: The Best Of Johnny Cash,skip_for_now,104.00,203.00,59.00,66.00,78.00,9B,1,2026-07-19T06:00:39.311Z,https://open.spotify.com/track/6YffUZJ2R06kyxyK6onezL
261,76pllrWpfiCoLGhijQBYhO,You Are My Sunshine,Johnny Cash,Unearthed,skip_for_now,90.00,124.00,26.00,42.00,56.00,11B,1,2026-07-19T06:00:39.580Z,https://open.spotify.com/track/76pllrWpfiCoLGhijQBYhO
262,6uya0AiJA1Avd4DY2XFlVm,I Walk The Line - Single Version,"Johnny Cash,The Tennessee Two",With His Hot and Blue Guitar,skip_for_now,106.00,213.00,48.00,86.00,79.00,6B,1,2026-07-19T06:00:39.312Z,https://open.spotify.com/track/6uya0AiJA1Avd4DY2XFlVm
263,5RKQ5NdjSh2QzD4MaunT91,Don't Stop Believin' (2022 Remaster),Journey,Escape (2022 Remaster),skip_for_now,,,,,,,1,2026-07-19T06:00:39.555Z,https://open.spotify.com/track/5RKQ5NdjSh2QzD4MaunT91
264,7aNk0hjd9VCAoBirwg6aYZ,Faithfully (2024 Remaster),Journey,Greatest Hits (2024 Remaster),skip_for_now,130.00,123.00,56.00,41.00,26.00,1B,1,2026-07-15T07:28:04.096Z,https://open.spotify.com/track/7aNk0hjd9VCAoBirwg6aYZ
265,7hqkC8p8kYW16Af65DTdeN,Send Her My Love (2024 Remaster),Journey,Greatest Hits (2024 Remaster),skip_for_now,125.00,141.00,71.00,49.00,21.00,9A,1,2026-07-15T07:40:33.592Z,https://open.spotify.com/track/7hqkC8p8kYW16Af65DTdeN
266,5i36c6C2XRw8U71yWgcoTn,Wheel in the Sky (2024 Remaster),Journey,Greatest Hits (2024 Remaster),skip_for_now,105.00,159.00,74.00,47.00,38.00,7A,1,2026-07-15T07:26:10.641Z,https://open.spotify.com/track/5i36c6C2XRw8U71yWgcoTn
267,0oEji7lz6paMOdk97XEK4Z,look up,Joy Oladokun,in defense of my own happiness,skip_for_now,120.00,95.00,30.00,45.00,20.00,8B,1,2026-07-19T06:00:38.918Z,https://open.spotify.com/track/0oEji7lz6paMOdk97XEK4Z
268,568SEFtDjKr7N2PytpA6D5,Over The Rainbow,Judy Garland,The Wizard of Oz (Original Motion Picture Soundtrack) [Deluxe Edition],skip_for_now,85.00,47.00,5.00,19.00,23.00,4B,1,2026-07-19T06:00:39.434Z,https://open.spotify.com/track/568SEFtDjKr7N2PytpA6D5
269,7BPMn6970CBEZ8z5ZOd7Gf,We're Off To See The Wizard - Duo,"Judy Garland,Ray Bolger",The Wizard of Oz (Original Motion Picture Soundtrack) [Deluxe Edition],skip_for_now,134.00,188.00,35.00,58.00,95.00,4B,1,2026-07-19T06:00:39.435Z,https://open.spotify.com/track/7BPMn6970CBEZ8z5ZOd7Gf
270,5J554vlWIKAZMlAnsrBpRQ,A Spoonful of Sugar,Julie Andrews,Mary Poppins (Original Motion Picture Soundtrack),skip_for_now,111.00,151.00,39.00,48.00,64.00,7B,2,2026-07-19T06:00:39.428Z,https://open.spotify.com/track/5J554vlWIKAZMlAnsrBpRQ
271,7fImDWw5bcUhRbZ0w1ny4J,Supercalifragilisticexpialidocious,"Julie Andrews,Dick Van Dyke,The Pearlie Chorus",Mary Poppins (Original Motion Picture Soundtrack),skip_for_now,80.00,208.00,61.00,52.00,95.00,6A,1,2026-07-19T06:00:39.427Z,https://open.spotify.com/track/7fImDWw5bcUhRbZ0w1ny4J
272,7Lf7oSEVdzZqTA0kEDSlS5,Cry Me a River,Justin Timberlake,Justified,skip_for_now,74.00,183.00,65.00,62.00,56.00,1A,1,2026-07-19T06:00:39.541Z,https://open.spotify.com/track/7Lf7oSEVdzZqTA0kEDSlS5
273,0O45fw2L5vsWpdsOdXwNAR,SexyBack (feat. Timbaland),"Justin Timberlake,Timbaland",FutureSex/LoveSounds,skip_for_now,117.00,251.00,58.00,97.00,96.00,6A,1,2026-07-19T06:00:38.807Z,https://open.spotify.com/track/0O45fw2L5vsWpdsOdXwNAR
274,2b8RCiPb2rtG5AQ1FwyUZX,Come Baby Come,K7,Swing Batta Swing,skip_for_now,106.00,211.00,73.00,83.00,55.00,10B,1,2026-07-15T06:49:27.476Z,https://open.spotify.com/track/2b8RCiPb2rtG5AQ1FwyUZX
275,4DMKwE2E2iYDKY01C335Uw,Carry on Wayward Son,Kansas,Leftoverture (Expanded Edition),skip_for_now,127.00,206.00,79.00,48.00,79.00,9B,1,2026-07-19T06:00:38.764Z,https://open.spotify.com/track/4DMKwE2E2iYDKY01C335Uw
276,5RC12RMHBqOtB1S6wmiw7L,Fight Fire With Fire,Kansas,The Best Of Kansas,skip_for_now,119.00,195.00,79.00,54.00,62.00,9B,1,2026-07-15T07:31:57.145Z,https://open.spotify.com/track/5RC12RMHBqOtB1S6wmiw7L
277,1TdOEH6r0TM77PVthZn65m,Hold On,Kansas,The Best Of Kansas,skip_for_now,158.00,150.00,49.00,45.00,56.00,9A,1,2026-07-15T07:23:27.117Z,https://open.spotify.com/track/1TdOEH6r0TM77PVthZn65m
278,2GlBGDFgiJWyrkARnQZFva,No One Together,Kansas,The Best Of Kansas,skip_for_now,99.00,175.00,60.00,54.00,61.00,7B,1,2026-07-15T07:21:14.539Z,https://open.spotify.com/track/2GlBGDFgiJWyrkARnQZFva
279,1ZbzWO1MXU3MiWg3lWwAQG,The Perfect Nanny,"Karen Dotrice,Matthew Garber",Mary Poppins (Original Motion Picture Soundtrack),skip_for_now,107.00,215.00,100.00,57.00,58.00,10B,1,2026-07-19T06:00:39.423Z,https://open.spotify.com/track/1ZbzWO1MXU3MiWg3lWwAQG
280,1ZHeBhh56eqc7RKC4RnOBw,Fire in Your New Shoes (feat. Martina Sorbara),"Kaskade,Martina Sorbara",Dynasty,skip_for_now,128.00,215.00,60.00,81.00,74.00,7A,1,2026-07-19T06:00:38.911Z,https://open.spotify.com/track/1ZHeBhh56eqc7RKC4RnOBw
281,1PtQJZVZIdWIYdARpZRDFO,Running Up That Hill (A Deal With God),Kate Bush,Hounds Of Love,skip_for_now,108.00,137.00,55.00,63.00,19.00,3A,1,2026-07-19T06:00:39.660Z,https://open.spotify.com/track/1PtQJZVZIdWIYdARpZRDFO
282,0ll8uFnc0nANY35E0Lfxvg,Somewhere Only We Know,Keane,Hopes And Fears,skip_for_now,172.00,148.00,66.00,45.00,37.00,11B,1,2026-07-19T06:00:39.197Z,https://open.spotify.com/track/0ll8uFnc0nANY35E0Lfxvg
283,3f3omU8n47Mqyab5nCaGyT,Because of You,Kelly Clarkson,Breakaway,skip_for_now,140.00,130.00,58.00,58.00,14.00,4A,1,2026-07-19T06:00:39.490Z,https://open.spotify.com/track/3f3omU8n47Mqyab5nCaGyT
284,0AKAxdNkwq9ZxRdW1DN9zW,Behind These Hazel Eyes,Kelly Clarkson,Breakaway,skip_for_now,90.00,187.00,89.00,55.00,43.00,11B,1,2026-07-19T06:00:39.489Z,https://open.spotify.com/track/0AKAxdNkwq9ZxRdW1DN9zW
285,0h1SZq39K929efc7KqO4NN,The Greatest,Kenny Rogers,She Rides Wild Horses,skip_for_now,87.00,127.00,22.00,68.00,37.00,5B,1,2026-07-19T06:00:39.315Z,https://open.spotify.com/track/0h1SZq39K929efc7KqO4NN
286,5ggOAMsJCAYDHnyoqJ0xAD,She Believes In Me,Kenny Rogers,The Gambler,skip_for_now,143.00,105.00,41.00,32.00,32.00,6B,1,2026-07-19T06:00:39.716Z,https://open.spotify.com/track/5ggOAMsJCAYDHnyoqJ0xAD
287,5KqldkCunQ2rWxruMEtGh0,The Gambler,Kenny Rogers,The Gambler,skip_for_now,87.00,203.00,50.00,67.00,86.00,12B,1,2026-07-19T06:00:39.314Z,https://open.spotify.com/track/5KqldkCunQ2rWxruMEtGh0
288,4Fx3LVYQXplhz70cfoqbgq,Rainbow Connection - From  The Muppet Movie /Soundtrack Version,Kermit,The Muppet Movie (Original Motion Picture Soundtrack),skip_for_now,115.00,138.00,31.00,71.00,36.00,11B,1,2026-07-19T06:00:39.431Z,https://open.spotify.com/track/4Fx3LVYQXplhz70cfoqbgq
289,5VGlqQANWDKJFl0MBG3sg2,Use Somebody,Kings of Leon,Only By The Night,skip_for_now,137.00,117.00,72.00,28.00,17.00,8B,1,2026-07-19T06:00:39.402Z,https://open.spotify.com/track/5VGlqQANWDKJFl0MBG3sg2
290,1Buwv1iql0YsxftE5LHIgq,Rock And Roll All Nite - 2025 Remaster,KISS,Dressed To Kill (2025 Remaster),skip_for_now,145.00,244.00,86.00,65.00,93.00,3B,1,2026-07-19T06:00:39.693Z,https://open.spotify.com/track/1Buwv1iql0YsxftE5LHIgq
291,3d6UefBBvhqHxJLZdm8scF,I Miss You,Klymaxx,Meeting In The Ladies Room,skip_for_now,140.00,121.00,35.00,55.00,31.00,7B,1,2026-07-19T06:00:39.754Z,https://open.spotify.com/track/3d6UefBBvhqHxJLZdm8scF
292,5p9XWUdvbUzmPCukOmwoU3,Suddenly I See,KT Tunstall,Eye To The Telescope,skip_for_now,100.00,202.00,77.00,59.00,66.00,8B,1,2026-07-19T06:00:39.720Z,https://open.spotify.com/track/5p9XWUdvbUzmPCukOmwoU3
293,2rbDhOo9Fh61Bbu23T2qCk,Always Remember Us This Way,Lady Gaga,A Star Is Born Soundtrack (Without Dialogue),skip_for_now,130.00,134.00,50.00,55.00,29.00,8B,1,2026-07-19T06:00:39.156Z,https://open.spotify.com/track/2rbDhOo9Fh61Bbu23T2qCk
294,7Hqig8kp32q2Ire3ECQvWM,Paparazzi,Lady Gaga,The Fame,skip_for_now,115.00,185.00,69.00,76.00,40.00,4A,1,2026-07-19T06:00:39.152Z,https://open.spotify.com/track/7Hqig8kp32q2Ire3ECQvWM
295,5R8dQOPq8haW94K7mgERlO,Poker Face,Lady Gaga,The Fame,skip_for_now,119.00,243.00,81.00,85.00,77.00,12B,1,2026-07-19T06:00:39.150Z,https://open.spotify.com/track/5R8dQOPq8haW94K7mgERlO
296,4lwavw59UjXUPJZtKNdFYp,Alejandro,Lady Gaga,The Fame Monster (Deluxe Edition),skip_for_now,99.00,180.00,80.00,63.00,37.00,10A,1,2026-07-19T06:00:39.153Z,https://open.spotify.com/track/4lwavw59UjXUPJZtKNdFYp
297,7so0lgd0zP2Sbgs2d7a1SZ,Die With A Smile,"Lady Gaga,Bruno Mars",MAYHEM,skip_for_now,158.00,162.00,60.00,52.00,50.00,11A,1,2026-07-19T06:00:39.731Z,https://open.spotify.com/track/7so0lgd0zP2Sbgs2d7a1SZ
298,3QuEpyj4kTRWiWuckd1hcK,Just Dance,"Lady Gaga,Colby O'Donis",The Fame Monster (Deluxe Edition),skip_for_now,,,,,,,1,2026-07-19T06:00:39.154Z,https://open.spotify.com/track/3QuEpyj4kTRWiWuckd1hcK
299,0hCB0YR03f6AmQaHbwWDe8,Whole Lotta Love - 1990 Remaster,Led Zeppelin,Led Zeppelin II (1994 Remaster),skip_for_now,90.00,173.00,90.00,41.00,42.00,11B,1,2026-07-19T06:00:39.058Z,https://open.spotify.com/track/0hCB0YR03f6AmQaHbwWDe8
300,70gbuMqwNBE2Y5rkQJE9By,Going to California - Remaster,Led Zeppelin,Led Zeppelin IV (Deluxe Edition),skip_for_now,78.00,129.00,27.00,50.00,52.00,10B,1,2026-07-19T06:00:39.059Z,https://open.spotify.com/track/70gbuMqwNBE2Y5rkQJE9By
301,5CQ30WqJwcep0pYcV4AMNc,Stairway to Heaven - Remaster,Led Zeppelin,Led Zeppelin IV (Deluxe Edition),skip_for_now,82.00,88.00,34.00,34.00,20.00,8A,1,2026-07-19T06:00:39.056Z,https://open.spotify.com/track/5CQ30WqJwcep0pYcV4AMNc
302,685WYfzmOeDOF4laU8UuOv,Blackbird Song,Lee DeWyze,Blackbird Song,skip_for_now,146.00,64.00,20.00,26.00,18.00,8A,1,2026-07-19T06:00:38.924Z,https://open.spotify.com/track/685WYfzmOeDOF4laU8UuOv
303,12HvheizAMmaxR8ejiO8a6,Everybody,Lee DeWyze,Ghost Stories,skip_for_now,67.00,121.00,45.00,51.00,25.00,5B,1,2026-07-19T06:00:39.747Z,https://open.spotify.com/track/12HvheizAMmaxR8ejiO8a6
304,1gJDDQn07jdAYHo2mIpCgx,Parade,Lee DeWyze,Ghost Stories,skip_for_now,78.00,134.00,52.00,59.00,23.00,1A,1,2026-07-19T06:00:38.919Z,https://open.spotify.com/track/1gJDDQn07jdAYHo2mIpCgx
305,1shQJCEpSRUJBPhj017fzU,All Is Well,Lee DeWyze,Gone For Days,skip_for_now,98.00,135.00,45.00,50.00,40.00,11B,1,2026-07-19T06:00:38.921Z,https://open.spotify.com/track/1shQJCEpSRUJBPhj017fzU
306,0TZulpGlWzs62ap04f7xJH,Worth Waiting,Lee DeWyze,What Once Was,skip_for_now,122.00,145.00,47.00,60.00,38.00,10B,1,2026-07-19T06:00:38.922Z,https://open.spotify.com/track/0TZulpGlWzs62ap04f7xJH
307,7wZUrN8oemZfsEd1CGkbXE,Bleeding Love,Leona Lewis,Spirit,skip_for_now,104.00,153.00,66.00,64.00,23.00,7B,1,2026-07-19T06:00:39.492Z,https://open.spotify.com/track/7wZUrN8oemZfsEd1CGkbXE
308,3JSlThUtSZKbwhO9dURnxB,I Want You To Want Me,Letters To Cleo,10 Things I Hate About You (Original Motion Picture Soundtrack),skip_for_now,104.00,195.00,80.00,49.00,66.00,8B,1,2026-07-19T06:00:38.769Z,https://open.spotify.com/track/3JSlThUtSZKbwhO9dURnxB
309,7uYroF9RRrhRJBrigRvB6H,Summer Girls,LFO,LFO,skip_for_now,100.00,236.00,81.00,81.00,74.00,9B,1,2026-07-19T06:00:39.263Z,https://open.spotify.com/track/7uYroF9RRrhRJBrigRvB6H
310,2YpeDb67231RjR0MgVLzsG,Old Town Road (feat. Billy Ray Cyrus) - Remix,"Lil Nas X,Billy Ray Cyrus",7,skip_for_now,,,,,,,1,2026-07-19T06:00:38.793Z,https://open.spotify.com/track/2YpeDb67231RjR0MgVLzsG
311,6Zd6gSMyyjSybIw4lK9Ecy,Somewhere Out There - From  An American Tail  Soundtrack,"Linda Ronstadt,James Ingram",An American Tail,skip_for_now,80.00,66.00,22.00,32.00,12.00,8B,1,2026-07-19T06:00:39.694Z,https://open.spotify.com/track/6Zd6gSMyyjSybIw4lK9Ecy
312,1vaUxfrERQIQfJ1wBTmeRE,I'm In Miami Bitch,LMFAO,Party Rock,skip_for_now,128.00,216.00,48.00,94.00,74.00,11A,1,2026-07-19T06:00:39.408Z,https://open.spotify.com/track/1vaUxfrERQIQfJ1wBTmeRE
313,3SKH53SPQbEnZR4cJPVaz2,Messy,Lola Young,Messy,skip_for_now,111.00,200.00,55.00,80.00,65.00,11B,1,2026-07-19T06:00:39.345Z,https://open.spotify.com/track/3SKH53SPQbEnZR4cJPVaz2
314,7dltD9eEX7X1zk8JJ9BS0e,Superstar (feat. Matthew Santos),"Lupe Fiasco,Matthew Santos",Lupe Fiasco's The Cool,skip_for_now,95.00,186.00,82.00,57.00,47.00,10A,1,2026-07-19T06:00:39.220Z,https://open.spotify.com/track/7dltD9eEX7X1zk8JJ9BS0e
315,336ZYcU6poBWi3s8yzRcAD,I Follow Rivers,Lykke Li,Wounded Rhymes,skip_for_now,122.00,174.00,53.00,60.00,61.00,8A,1,2026-07-19T06:00:38.861Z,https://open.spotify.com/track/336ZYcU6poBWi3s8yzRcAD
316,68s9Rkn9dyuonMXZXkKvWo,"Dance, Dance, Dance",Lykke Li,Youth Novels,skip_for_now,122.00,216.00,68.00,75.00,73.00,9B,1,2026-07-19T06:00:39.381Z,https://open.spotify.com/track/68s9Rkn9dyuonMXZXkKvWo
317,0Ps4Eh6SQjeLnubbCsQTDD,Little Bit,Lykke Li,Youth Novels,skip_for_now,120.00,226.00,74.00,82.00,70.00,9B,1,2026-07-19T06:00:39.380Z,https://open.spotify.com/track/0Ps4Eh6SQjeLnubbCsQTDD
318,5EWPGh7jbTNO2wakv8LjUI,Free Bird,Lynyrd Skynyrd,Pronounced' Leh-'Nerd 'Skin-'Nerd,skip_for_now,118.00,142.00,83.00,25.00,34.00,8B,1,2026-07-19T06:00:39.080Z,https://open.spotify.com/track/5EWPGh7jbTNO2wakv8LjUI
319,0uZs7p6cbEUNwGMdfNj9Kk,What's Your Name,Lynyrd Skynyrd,Street Survivors,skip_for_now,135.00,215.00,57.00,65.00,93.00,9B,1,2026-07-19T06:00:39.084Z,https://open.spotify.com/track/0uZs7p6cbEUNwGMdfNj9Kk
320,2mtB7ekPzvNoieI62jYeJD,Wing$,"Macklemore & Ryan Lewis,Macklemore,Ryan Lewis",The Heist (Deluxe Edition),skip_for_now,,,,,,,1,2026-07-19T06:00:39.607Z,https://open.spotify.com/track/2mtB7ekPzvNoieI62jYeJD
321,6CjtS2JZH9RkDz5UVInsa9,Thrift Shop (feat. Wanz),"Macklemore & Ryan Lewis,Macklemore,Ryan Lewis,Wanz",The Heist,skip_for_now,,,,,,,1,2026-07-19T06:00:39.216Z,https://open.spotify.com/track/6CjtS2JZH9RkDz5UVInsa9
322,6B4oVElDIKRNcNUary0WG7,Crazy for You,Madonna,Celebration (double disc version),skip_for_now,95.00,189.00,72.00,66.00,51.00,11B,1,2026-07-19T06:00:39.645Z,https://open.spotify.com/track/6B4oVElDIKRNcNUary0WG7
323,1ZPlNanZsJSPK5h9YZZFbZ,Like a Virgin,Madonna,Like a Virgin,skip_for_now,120.00,240.00,66.00,77.00,97.00,2A,1,2026-07-19T06:00:39.509Z,https://open.spotify.com/track/1ZPlNanZsJSPK5h9YZZFbZ
324,6KUQfbYcFIGZtyr0mdQuv4,Die Another Day,Madonna,Music From The MGM Motion Picture Die Another Day,skip_for_now,124.00,205.00,76.00,80.00,49.00,5A,1,2026-07-19T06:00:39.517Z,https://open.spotify.com/track/6KUQfbYcFIGZtyr0mdQuv4
325,2YhE6xeWN0R9RVwEOG9lR1,Candy,Mandy Moore,So Real,skip_for_now,100.00,233.00,84.00,81.00,68.00,9B,1,2026-07-19T06:00:38.868Z,https://open.spotify.com/track/2YhE6xeWN0R9RVwEOG9lR1
326,5hWdgGVcfTeLPAiHM6EZG9,Good Vibrations,"Marky Mark And The Funky Bunch,Loleatta Holloway",Music For The People,skip_for_now,122.00,256.00,95.00,71.00,90.00,3B,1,2026-07-19T06:00:39.296Z,https://open.spotify.com/track/5hWdgGVcfTeLPAiHM6EZG9
327,5fvbLe4bIfFR4B5iB2EQSe,Just A Feeling,Maroon 5,Hands All Over,skip_for_now,150.00,151.00,62.00,60.00,29.00,5B,1,2026-07-19T06:00:39.184Z,https://open.spotify.com/track/5fvbLe4bIfFR4B5iB2EQSe
328,3EgODk377wwLhTO2BtN9nt,Misery,Maroon 5,Hands All Over (Deluxe),skip_for_now,103.00,224.00,81.00,70.00,73.00,9A,1,2026-07-19T06:00:39.183Z,https://open.spotify.com/track/3EgODk377wwLhTO2BtN9nt
329,6f20Pw1naYO4xkCyHa8AxA,Never Gonna Leave This Bed,Maroon 5,Hands All Over (Deluxe),skip_for_now,117.00,188.00,81.00,61.00,46.00,1B,1,2026-07-19T06:00:39.174Z,https://open.spotify.com/track/6f20Pw1naYO4xkCyHa8AxA
330,6A3Il4B3GLSy7argIx0Qxx,Runaway,Maroon 5,Hands All Over (Deluxe),skip_for_now,100.00,209.00,84.00,66.00,59.00,10A,1,2026-07-19T06:00:39.185Z,https://open.spotify.com/track/6A3Il4B3GLSy7argIx0Qxx
331,1lHXlGlve5Zx8tXLhyjDwM,Makes Me Wonder,Maroon 5,It Won't Be Soon Before Long.,skip_for_now,114.00,253.00,85.00,80.00,88.00,9B,1,2026-07-19T06:00:39.168Z,https://open.spotify.com/track/1lHXlGlve5Zx8tXLhyjDwM
332,6RFxg84B3wA2zUs9RrVOTZ,Not Falling Apart,Maroon 5,It Won't Be Soon Before Long.,skip_for_now,120.00,189.00,71.00,76.00,42.00,9B,1,2026-07-19T06:00:39.171Z,https://open.spotify.com/track/6RFxg84B3wA2zUs9RrVOTZ
333,4cktbXiXOapiLBMprHFErI,Memories,Maroon 5,JORDI (Deluxe),skip_for_now,,,,,,,1,2026-07-19T06:00:39.192Z,https://open.spotify.com/track/4cktbXiXOapiLBMprHFErI
334,4V9JDRqKjN8F2HWdlEDxvI,Harder To Breathe,Maroon 5,Songs About Jane: 10th Anniversary Edition,skip_for_now,,,,,,,1,2026-07-19T06:00:39.167Z,https://open.spotify.com/track/4V9JDRqKjN8F2HWdlEDxvI
335,5qII2n90lVdPDcgXEEVHNy,Sunday Morning,Maroon 5,Songs About Jane: 10th Anniversary Edition,skip_for_now,,,,,,,1,2026-07-19T06:00:39.157Z,https://open.spotify.com/track/5qII2n90lVdPDcgXEEVHNy
336,6b9NzxGrLgueouFOAr5Jw3,Sweetest Goodbye,Maroon 5,Songs About Jane: 10th Anniversary Edition,skip_for_now,,,,,,,1,2026-07-19T06:00:39.170Z,https://open.spotify.com/track/6b9NzxGrLgueouFOAr5Jw3
337,6ECp64rv50XVz93WvxXMGF,This Love,Maroon 5,Songs About Jane: 10th Anniversary Edition,skip_for_now,,,,,,,1,2026-07-19T06:00:39.172Z,https://open.spotify.com/track/6ECp64rv50XVz93WvxXMGF
338,6PyFYTEo8X3inQ4hQvA8md,One Light (feat. Bantu),"Maroon 5,Bantu",JORDI (Deluxe),skip_for_now,106.00,205.00,64.00,81.00,60.00,6B,1,2026-07-19T06:00:39.189Z,https://open.spotify.com/track/6PyFYTEo8X3inQ4hQvA8md
339,1LmN9SSHISbtp9LoaR5ZVJ,Payphone,"Maroon 5,Wiz Khalifa",Overexposed,skip_for_now,,,,,,,1,2026-07-19T06:00:39.158Z,https://open.spotify.com/track/1LmN9SSHISbtp9LoaR5ZVJ
340,3sl4dcqSwxHVnLfqwF2jly,Hello (feat. Dragonette),"Martin Solveig,Dragonette",Hello,skip_for_now,128.00,210.00,98.00,67.00,45.00,5B,1,2026-07-19T06:00:38.912Z,https://open.spotify.com/track/3sl4dcqSwxHVnLfqwF2jly
341,2LLcI3oU4CedCQDV5tJ1SK,Concrete Angel,Martina McBride,Greatest Hits,skip_for_now,78.00,128.00,39.00,62.00,27.00,3B,1,2026-07-19T06:00:38.705Z,https://open.spotify.com/track/2LLcI3oU4CedCQDV5tJ1SK
342,7tqhbajSfrz2F7E1Z75ASX,Ain't No Mountain High Enough,"Marvin Gaye,Tammi Terrell",United,skip_for_now,130.00,206.00,60.00,66.00,80.00,9B,1,2026-07-19T06:00:39.598Z,https://open.spotify.com/track/7tqhbajSfrz2F7E1Z75ASX
343,5vYA1mW9g2Coh1HUFUSmlb,3AM,Matchbox Twenty,Yourself or Someone Like You,skip_for_now,108.00,173.00,67.00,52.00,54.00,4B,1,2026-07-15T07:07:51.454Z,https://open.spotify.com/track/5vYA1mW9g2Coh1HUFUSmlb
344,5NOKqfyuSU3e1sqvildQmM,Downstairs,Matt Maeson,A Quiet and Harmless Living,skip_for_now,,,,,,,1,2026-07-19T06:00:39.363Z,https://open.spotify.com/track/5NOKqfyuSU3e1sqvildQmM
345,4XmH2sBrQDc7GQZ5WFdXAA,Everlasting,Matt Maeson,A Quiet and Harmless Living,skip_for_now,148.00,101.00,29.00,44.00,28.00,5B,1,2026-07-19T06:00:39.360Z,https://open.spotify.com/track/4XmH2sBrQDc7GQZ5WFdXAA
346,56cbfdfhxP3wfUmdjeD6jY,Halfway To Whole,Matt Maeson,A Quiet and Harmless Living,skip_for_now,79.00,76.00,27.00,32.00,17.00,11B,1,2026-07-19T06:00:39.357Z,https://open.spotify.com/track/56cbfdfhxP3wfUmdjeD6jY
347,12rhvKDK2FfHTZZ1sSAHDG,Cringe,Matt Maeson,Bank On The Funeral,skip_for_now,,,,,,,1,2026-07-19T06:00:38.827Z,https://open.spotify.com/track/12rhvKDK2FfHTZZ1sSAHDG
348,6bLU8e0LGyztE9iD5DWBQ1,Hallucinogenics,Matt Maeson,Bank On The Funeral,skip_for_now,,,,,,,1,2026-07-19T06:00:38.826Z,https://open.spotify.com/track/6bLU8e0LGyztE9iD5DWBQ1
349,0jHieRglaHjl3bopesFBc7,The Mask,Matt Maeson,Bank On The Funeral,skip_for_now,,,,,,,1,2026-07-19T06:00:38.828Z,https://open.spotify.com/track/0jHieRglaHjl3bopesFBc7
350,39jbD69lvUv1d2EkbMyGuI,Grave Digger (Stripped) - Bonus Track,Matt Maeson,Bank On The Funeral (Stripped),skip_for_now,70.00,133.00,28.00,60.00,45.00,11A,1,2026-07-19T06:00:38.843Z,https://open.spotify.com/track/39jbD69lvUv1d2EkbMyGuI
351,2GvMT691dfhy4tU66YH5aB,Blood Runs Red,Matt Maeson,Never Had to Leave,skip_for_now,177.00,156.00,82.00,40.00,34.00,4B,1,2026-07-19T06:00:39.638Z,https://open.spotify.com/track/2GvMT691dfhy4tU66YH5aB
352,2Y2nvGDYoKXihBx5KBIugX,Cut Deep,Matt Maeson,Never Had to Leave,skip_for_now,160.00,201.00,83.00,58.00,60.00,9A,1,2026-07-19T06:00:38.837Z,https://open.spotify.com/track/2Y2nvGDYoKXihBx5KBIugX
353,7wEC4SpAsL1KRqnAyCIFhG,Cliffy (Live),Matt Maeson,That's My Cue: A Solo Experience,skip_for_now,120.00,132.00,43.00,62.00,27.00,11B,1,2026-07-19T06:00:38.840Z,https://open.spotify.com/track/7wEC4SpAsL1KRqnAyCIFhG
354,6R0HCnRKGxOaTkdbXUKoLL,Me and My Friends Are Lonely (Live),Matt Maeson,That's My Cue: A Solo Experience,skip_for_now,140.00,165.00,62.00,51.00,52.00,4B,1,2026-07-19T06:00:38.838Z,https://open.spotify.com/track/6R0HCnRKGxOaTkdbXUKoLL
355,2boS7VVWHwxAxNjigR9MUu,Unconditional (Live),Matt Maeson,That's My Cue: A Solo Experience,skip_for_now,116.00,135.00,40.00,78.00,17.00,2B,1,2026-07-19T06:00:38.841Z,https://open.spotify.com/track/2boS7VVWHwxAxNjigR9MUu
356,7mYQgz9i2n0XHXoVUBFyHt,We Were The Same,Matt Maeson,We Were The Same,skip_for_now,116.00,188.00,86.00,54.00,48.00,12A,1,2026-07-19T06:00:39.406Z,https://open.spotify.com/track/7mYQgz9i2n0XHXoVUBFyHt
357,2RJnW5OLYkMUcxn9Hv8XIg,Cursive (feat. Manchester Orchestra),"Matt Maeson,Manchester Orchestra",A Quiet and Harmless Living,skip_for_now,142.00,138.00,52.00,55.00,31.00,10B,1,2026-07-19T06:00:39.358Z,https://open.spotify.com/track/2RJnW5OLYkMUcxn9Hv8XIg
358,1B75hgRqe7A4fwee3g3Wmu,U Can't Touch This,MC Hammer,Please Hammer Don't Hurt 'Em,skip_for_now,133.00,225.00,52.00,87.00,86.00,10A,1,2026-07-19T06:00:39.221Z,https://open.spotify.com/track/1B75hgRqe7A4fwee3g3Wmu
359,2g7gviEeJr6pyxO7G35EWQ,Paradise By the Dashboard Light,Meat Loaf,Bat Out Of Hell,skip_for_now,173.00,169.00,87.00,33.00,49.00,10B,1,2026-07-19T06:00:39.688Z,https://open.spotify.com/track/2g7gviEeJr6pyxO7G35EWQ
360,0E5VCfEC70ubAAHfjRasAK,Hot Patootie - Bless My Soul,Meat Loaf,The Rocky Horror Picture Show - Original Soundtrack,skip_for_now,163.00,209.00,76.00,47.00,86.00,3B,1,2026-07-19T06:00:39.687Z,https://open.spotify.com/track/0E5VCfEC70ubAAHfjRasAK
361,3XMyREykeptNpvd0tE75xw,Numb,MEG MYERS,Take Me To The Disco,skip_for_now,82.00,149.00,69.00,51.00,29.00,7B,1,2026-07-19T06:00:39.663Z,https://open.spotify.com/track/3XMyREykeptNpvd0tE75xw
362,3BovdzfaX4jb5KFQwoPfAw,Beat It,Michael Jackson,Thriller,skip_for_now,139.00,239.00,71.00,78.00,90.00,2A,1,2026-07-19T06:00:39.521Z,https://open.spotify.com/track/3BovdzfaX4jb5KFQwoPfAw
363,7J1uxwnxfQLu4APicE5Rnj,Billie Jean,Michael Jackson,Thriller,skip_for_now,117.00,227.00,46.00,93.00,88.00,10A,1,2026-07-19T06:00:39.522Z,https://open.spotify.com/track/7J1uxwnxfQLu4APicE5Rnj
364,2LlQb7Uoj1kKyGhlkBf9aC,Thriller,Michael Jackson,Thriller,skip_for_now,118.00,224.00,69.00,77.00,78.00,1B,1,2026-07-19T06:00:39.519Z,https://open.spotify.com/track/2LlQb7Uoj1kKyGhlkBf9aC
365,7KX65PC1UZuImsUInThbav,Cold Little Heart - Radio Edit,Michael Kiwanuka,Cold Little Heart (Radio Edit),skip_for_now,110.00,187.00,58.00,63.00,66.00,6A,1,2026-07-19T06:00:39.346Z,https://open.spotify.com/track/7KX65PC1UZuImsUInThbav
366,6UPqCpQzwn1iWX5Y3EWGhJ,Tuesday Morning,Michelle Branch,Hotel Paper (Deluxe Edition),skip_for_now,171.00,171.00,91.00,40.00,40.00,9B,1,2026-07-19T06:00:38.906Z,https://open.spotify.com/track/6UPqCpQzwn1iWX5Y3EWGhJ
367,1VKXBgsRK7lWDSVbfANlf3,All I Need Is a Miracle,Mike + The Mechanics,Mike + The Mechanics,skip_for_now,135.00,234.00,77.00,60.00,97.00,8B,1,2026-07-19T06:00:39.662Z,https://open.spotify.com/track/1VKXBgsRK7lWDSVbfANlf3
368,2V4bv1fNWfTcyRJKmej6Sj,Cooler Than Me - Single Mix,"Mike Posner,Gigamesh",31 Minutes to Takeoff,skip_for_now,130.00,222.00,82.00,77.00,63.00,6A,1,2026-07-19T06:00:39.399Z,https://open.spotify.com/track/2V4bv1fNWfTcyRJKmej6Sj
369,7laa0EhbC6cdx8cGt5gSa5,In the Moonlight - From  Modern Family ,"Modern Family Cast,Dylan",In the Moonlight (From  Modern Family ),skip_for_now,139.00,148.00,78.00,51.00,19.00,10B,1,2026-07-19T06:00:39.689Z,https://open.spotify.com/track/7laa0EhbC6cdx8cGt5gSa5
370,3yWAyRHfclztY1TzF2gAUD,Always Something There to Remind Me - 2018 Remaster,Naked Eyes,Naked Eyes,skip_for_now,149.00,207.00,78.00,61.00,68.00,9B,1,2026-07-19T06:00:39.294Z,https://open.spotify.com/track/3yWAyRHfclztY1TzF2gAUD
371,2HEgBBls7l0smWTxPx0MtZ,These Boots Are Made for Walkin',Nancy Sinatra,Start Walkin' 1965-1976,skip_for_now,165.00,139.00,42.00,63.00,34.00,11B,1,2026-07-19T06:00:39.241Z,https://open.spotify.com/track/2HEgBBls7l0smWTxPx0MtZ
372,4QxDOjgpYtQDxxbWPuEJOy,L-O-V-E,Nat King Cole,L-O-V-E,skip_for_now,78.00,146.00,37.00,43.00,66.00,12B,1,2026-07-19T06:00:39.457Z,https://open.spotify.com/track/4QxDOjgpYtQDxxbWPuEJOy
373,2MVQbDuhVs2muWFURtIdNb,Unforgettable,"Natalie Cole,Nat King Cole",Unforgettable: With Love,skip_for_now,86.00,72.00,29.00,29.00,14.00,7B,1,2026-07-19T06:00:39.458Z,https://open.spotify.com/track/2MVQbDuhVs2muWFURtIdNb
374,3U5JVgI2x4rDyHGObzJfNf,Unwritten,Natasha Bedingfield,Unwritten,skip_for_now,100.00,214.00,80.00,71.00,63.00,7B,1,2026-07-19T06:00:38.688Z,https://open.spotify.com/track/3U5JVgI2x4rDyHGObzJfNf
375,6XNGIaXv2xljDcxQ99p65f,Love On The Rocks,Neil Diamond,The Jazz Singer (Original Songs From The Motion Picture),skip_for_now,65.00,71.00,19.00,36.00,16.00,8A,1,2026-07-19T06:00:39.709Z,https://open.spotify.com/track/6XNGIaXv2xljDcxQ99p65f
376,6grFWYpLQul3nAHjzzPKT8,Old Man,Neil Young,Harvest (50th Anniversary Edition),skip_for_now,141.00,133.00,18.00,70.00,45.00,9A,1,2026-07-19T06:00:39.332Z,https://open.spotify.com/track/6grFWYpLQul3nAHjzzPKT8
377,04KTF78FFg8sOHC1BADqbY,Hot In Herre,Nelly,Nellyville,skip_for_now,107.00,261.00,74.00,96.00,91.00,10A,1,2026-07-19T06:00:39.539Z,https://open.spotify.com/track/04KTF78FFg8sOHC1BADqbY
378,4wH4dJgrsxONID6KS2tDQM,Maneater,Nelly Furtado,Loose,skip_for_now,133.00,237.00,78.00,80.00,79.00,2B,1,2026-07-19T06:00:39.572Z,https://open.spotify.com/track/4wH4dJgrsxONID6KS2tDQM
379,2b8QQqf8Vwb7bfz22ja8Fk,Over And Over,"Nelly,Tim McGraw",Suit,skip_for_now,170.00,162.00,52.00,64.00,46.00,9B,1,2026-07-19T06:00:39.401Z,https://open.spotify.com/track/2b8QQqf8Vwb7bfz22ja8Fk
380,6WZ7g8fpIXkf1ySWn3GA5O,Summertime,New Kids On The Block,The Block,skip_for_now,,,,,,,1,2026-07-19T06:00:39.262Z,https://open.spotify.com/track/6WZ7g8fpIXkf1ySWn3GA5O
381,1bPqAXwNiVcM6zjJU1Z4Cd,What's Left Of Me,Nick Lachey,What's Left Of Me,skip_for_now,150.00,146.00,73.00,42.00,31.00,9B,1,2026-07-19T06:00:39.259Z,https://open.spotify.com/track/1bPqAXwNiVcM6zjJU1Z4Cd
382,3hb2ScEVkGchcAQqrPLP0R,Photograph,Nickelback,All the Right Reasons,skip_for_now,146.00,179.00,88.00,52.00,39.00,4B,1,2026-07-19T06:00:39.481Z,https://open.spotify.com/track/3hb2ScEVkGchcAQqrPLP0R
383,0gmbgwZ8iqyMPmXefof8Yf,How You Remind Me,Nickelback,Silver Side Up,skip_for_now,172.00,175.00,76.00,45.00,54.00,6B,1,2026-07-19T06:00:39.482Z,https://open.spotify.com/track/0gmbgwZ8iqyMPmXefof8Yf
384,4PkJ7c9y1CwpuVOiJODnCZ,Someday,Nickelback,The Long Road,skip_for_now,163.00,192.00,86.00,46.00,60.00,10A,1,2026-07-19T06:00:39.484Z,https://open.spotify.com/track/4PkJ7c9y1CwpuVOiJODnCZ
385,3mNecsYFb6LQg7822DPXCP,Absolutely (Story of a Girl) - Radio Mix,Nine Days,The Madding Crowd,skip_for_now,96.00,208.00,94.00,48.00,66.00,9B,1,2026-07-19T06:00:39.608Z,https://open.spotify.com/track/3mNecsYFb6LQg7822DPXCP
386,11LmqTE2naFULdEP94AUBa,Heart-Shaped Box,Nirvana,In Utero (Deluxe Edition),skip_for_now,203.00,128.00,64.00,26.00,38.00,3B,1,2026-07-19T06:00:39.543Z,https://open.spotify.com/track/11LmqTE2naFULdEP94AUBa
387,2YodwKJnbPyNKe8XXSE9V7,Lithium,Nirvana,Nevermind (Remastered),skip_for_now,123.00,183.00,66.00,68.00,49.00,9B,1,2026-07-15T07:08:40.118Z,https://open.spotify.com/track/2YodwKJnbPyNKe8XXSE9V7
388,6AfLmKXzhEZjwiVPs5jhdV,Hella Good,No Doubt,Rock Steady (Expanded Edition),skip_for_now,115.00,228.00,67.00,77.00,84.00,4B,1,2026-07-19T06:00:39.527Z,https://open.spotify.com/track/6AfLmKXzhEZjwiVPs5jhdV
389,2QsoVMTKj5m5kgztTOep98,Hey Baby,"No Doubt,Bounty Killer",Rock Steady (Expanded Edition),skip_for_now,94.00,233.00,87.00,71.00,75.00,10A,1,2026-07-19T06:00:39.529Z,https://open.spotify.com/track/2QsoVMTKj5m5kgztTOep98
390,6jGnykaS6TkWp15utXSAeI,Come Away With Me,Norah Jones,Come Away With Me (Super Deluxe Edition),skip_for_now,77.00,73.00,14.00,44.00,15.00,8B,1,2026-07-19T06:00:39.194Z,https://open.spotify.com/track/6jGnykaS6TkWp15utXSAeI
391,78wnWRrd97aaheZBz16K2H,"Goodbye, Apathy",OneRepublic,Dreaming Out Loud,skip_for_now,150.00,138.00,72.00,48.00,18.00,11B,1,2026-07-19T06:00:39.284Z,https://open.spotify.com/track/78wnWRrd97aaheZBz16K2H
392,6H4vq5gz0rlNjH0LBzu4An,Say (All I Need),OneRepublic,Dreaming Out Loud,skip_for_now,122.00,160.00,74.00,55.00,31.00,11B,1,2026-07-19T06:00:39.283Z,https://open.spotify.com/track/6H4vq5gz0rlNjH0LBzu4An
393,48s0QHJgmiNsth3WEO6U4M,Stop And Stare,OneRepublic,Dreaming Out Loud,skip_for_now,92.00,160.00,86.00,49.00,25.00,12B,1,2026-07-19T06:00:39.280Z,https://open.spotify.com/track/48s0QHJgmiNsth3WEO6U4M
394,2tpWsVSb9UEmDRxAl1zhX1,Counting Stars,OneRepublic,Native,skip_for_now,122.00,184.00,71.00,66.00,47.00,12A,1,2026-07-19T06:00:39.279Z,https://open.spotify.com/track/2tpWsVSb9UEmDRxAl1zhX1
395,6OtCIsQZ64Vs1EbzztvAv4,Good Life,OneRepublic,Waking Up,skip_for_now,95.00,197.00,69.00,63.00,65.00,2B,1,2026-07-19T06:00:39.548Z,https://open.spotify.com/track/6OtCIsQZ64Vs1EbzztvAv4
396,1NhPKVLsHhFUHIOZ32QnS2,Secrets,OneRepublic,Waking Up,skip_for_now,,,,,,,1,2026-07-19T06:00:39.282Z,https://open.spotify.com/track/1NhPKVLsHhFUHIOZ32QnS2
397,3FOVyUbdnNuUmjRR8mI18O,Oompa Loompa - From  Willy Wonka & The Chocolate Factory  Soundtrack,Oompa Loompa Cast,Willy Wonka & The Chocolate Factory,skip_for_now,146.00,190.00,37.00,66.00,87.00,3A,1,2026-07-19T06:00:39.438Z,https://open.spotify.com/track/3FOVyUbdnNuUmjRR8mI18O
398,7ACxUo21jtTHzy7ZEV56vU,Crazy Train,Ozzy Osbourne,Blizzard Of Ozz (40th Anniversary Expanded Edition),skip_for_now,,,,,,,1,2026-07-19T06:00:39.040Z,https://open.spotify.com/track/7ACxUo21jtTHzy7ZEV56vU
399,0S3gpZzlT9Hb7CCSV2owX7,"Mama, I'm Coming Home",Ozzy Osbourne,No More Tears (Expanded Edition),skip_for_now,139.00,118.00,66.00,28.00,24.00,4B,1,2026-07-19T06:00:39.041Z,https://open.spotify.com/track/0S3gpZzlT9Hb7CCSV2owX7
400,1icygp76kVbs429RikF0jJ,You Make Me Sick - Radio Mix,P!nk,Can't Take Me Home (Expanded Edition),skip_for_now,101.00,212.00,69.00,77.00,66.00,10A,1,2026-07-15T08:04:50.622Z,https://open.spotify.com/track/1icygp76kVbs429RikF0jJ
401,1uexV2mYuZmLhVz4G5LUZv,Funhouse,P!nk,Funhouse (Expanded Edition),skip_for_now,104.00,248.00,86.00,79.00,83.00,10A,1,2026-07-15T08:02:28.392Z,https://open.spotify.com/track/1uexV2mYuZmLhVz4G5LUZv
402,733ncRLzZQT5UtSPg1QmPc,Sober,P!nk,Funhouse (Expanded Edition),skip_for_now,91.00,178.00,80.00,61.00,37.00,2B,1,2026-07-15T08:03:48.688Z,https://open.spotify.com/track/733ncRLzZQT5UtSPg1QmPc
403,1iOJQhxKSJ7dg3Dk03yPnl,U + Ur Hand,P!nk,I'm Not Dead,skip_for_now,141.00,249.00,89.00,71.00,89.00,8B,1,2026-07-15T08:04:07.547Z,https://open.spotify.com/track/1iOJQhxKSJ7dg3Dk03yPnl
404,0eXz79Tu1iKOtxAcN1WnvA,Don't Let Me Get Me - Radio Edit,P!nk,M!ssundaztood,skip_for_now,98.00,198.00,85.00,54.00,59.00,5A,1,2026-07-15T08:01:53.551Z,https://open.spotify.com/track/0eXz79Tu1iKOtxAcN1WnvA
405,2u1hMwcB9TwziV6P7jdyxX,Get the Party Started,P!nk,M!ssundaztood,skip_for_now,129.00,267.00,90.00,81.00,96.00,10A,1,2026-07-15T08:02:04.869Z,https://open.spotify.com/track/2u1hMwcB9TwziV6P7jdyxX
406,3bIF9Iee2Xmt8dQ71pUPGF,Just Like a Pill,P!nk,M!ssundaztood,skip_for_now,102.00,172.00,78.00,69.00,25.00,11B,1,2026-07-15T08:02:44.471Z,https://open.spotify.com/track/3bIF9Iee2Xmt8dQ71pUPGF
407,02jcEwywffn3Tsb48fXmlW,Get the Party Started,P!nk,M!ssundaztood (Expanded Edition),skip_for_now,,,,,,,1,2026-07-19T06:00:38.733Z,https://open.spotify.com/track/02jcEwywffn3Tsb48fXmlW
408,4k80K0b6KZ2QjAYkXON7q6,Blow Me,P!nk,The Truth About Love,skip_for_now,114.00,225.00,92.00,60.00,73.00,9B,1,2026-07-15T08:01:11.599Z,https://open.spotify.com/track/4k80K0b6KZ2QjAYkXON7q6
409,0vOkmmJEtjuFZDzrQSFzEE,Hit Me With Your Best Shot,Pat Benatar,Crimes Of Passion,skip_for_now,127.00,226.00,58.00,74.00,94.00,12B,1,2026-07-19T06:00:38.744Z,https://open.spotify.com/track/0vOkmmJEtjuFZDzrQSFzEE
410,22ML0MuFKfw16WejbxsLOy,Heartbreaker,Pat Benatar,In The Heat Of The Night,skip_for_now,156.00,193.00,59.00,46.00,88.00,4A,1,2026-07-19T06:00:38.746Z,https://open.spotify.com/track/22ML0MuFKfw16WejbxsLOy
411,4p1PizAGdglm2sVvPuFPWs,Love Is A Battlefield,Pat Benatar,The Collection,skip_for_now,,,,,,,1,2026-07-19T06:00:39.508Z,https://open.spotify.com/track/4p1PizAGdglm2sVvPuFPWs
412,1oaQPvbue475MuCBHEtlUJ,Her Eyes,Pat Monahan,Last Of Seven,skip_for_now,96.00,191.00,75.00,60.00,56.00,6A,1,2026-07-19T06:00:39.413Z,https://open.spotify.com/track/1oaQPvbue475MuCBHEtlUJ
413,08kvJTpcthAvvvW0BAcGHN,I Go Crazy,Paul Davis,"Singer of Songs, Teller of Tales",skip_for_now,141.00,126.00,46.00,53.00,27.00,9A,1,2026-07-19T06:00:39.640Z,https://open.spotify.com/track/08kvJTpcthAvvvW0BAcGHN
414,6vxHp3CDNo0afgKGp2yi1E,Me and Julio Down by the Schoolyard,Paul Simon,Paul Simon,skip_for_now,105.00,225.00,82.00,63.00,80.00,11B,1,2026-07-19T06:00:39.549Z,https://open.spotify.com/track/6vxHp3CDNo0afgKGp2yi1E
415,5xl5582IihbEZAnfj0xyso,Straight Up,Paula Abdul,Forever Your Girl,skip_for_now,96.00,236.00,83.00,77.00,76.00,9B,1,2026-07-19T06:00:39.104Z,https://open.spotify.com/track/5xl5582IihbEZAnfj0xyso
416,51FpzuGkRYXFgsE2zXt9av,When a Man Loves a Woman,Percy Sledge,When a Man Loves a Woman,skip_for_now,97.00,88.00,15.00,52.00,21.00,3B,1,2026-07-19T06:00:39.595Z,https://open.spotify.com/track/51FpzuGkRYXFgsE2zXt9av
417,4AUS8KNz7zX8XFu9L38GT0,Sledgehammer - 2012 Remaster,Peter Gabriel,So (25th Anniversary Deluxe Edition),skip_for_now,96.00,179.00,68.00,64.00,47.00,4B,1,2026-07-15T07:49:40.631Z,https://open.spotify.com/track/4AUS8KNz7zX8XFu9L38GT0
418,00RYw42tKwXecTaVay3BKl,Howling At The Moon,Phantogram,Voices,skip_for_now,,,,,,,1,2026-07-19T06:00:39.699Z,https://open.spotify.com/track/00RYw42tKwXecTaVay3BKl
419,4gMgiXfqyzZLMhsksGmbQV,"Another Brick in the Wall, Pt. 2",Pink Floyd,The Wall,skip_for_now,104.00,180.00,39.00,69.00,72.00,8B,1,2026-07-19T06:00:38.982Z,https://open.spotify.com/track/4gMgiXfqyzZLMhsksGmbQV
420,7F02x6EKYIQV3VcTaTm7oN,Hey You,Pink Floyd,The Wall,skip_for_now,112.00,108.00,30.00,59.00,19.00,8B,1,2026-07-19T06:00:38.988Z,https://open.spotify.com/track/7F02x6EKYIQV3VcTaTm7oN
421,1GEOSS415bZVHNuXWlCT6b,Mother,Pink Floyd,The Wall,skip_for_now,135.00,85.00,15.00,58.00,12.00,9B,1,2026-07-19T06:00:39.583Z,https://open.spotify.com/track/1GEOSS415bZVHNuXWlCT6b
422,3xGJuHvSxFJxxYlHj5BIoT,Young Lust,Pink Floyd,The Wall,skip_for_now,95.00,172.00,55.00,62.00,55.00,10A,1,2026-07-15T07:29:08.311Z,https://open.spotify.com/track/3xGJuHvSxFJxxYlHj5BIoT
423,5ygDXis42ncn6kYG14lEVG,Baby Shark,Pinkfong,Pinkfong Animal Songs,skip_for_now,115.00,250.00,89.00,83.00,78.00,4B,1,2026-07-19T06:00:39.225Z,https://open.spotify.com/track/5ygDXis42ncn6kYG14lEVG
424,4RCWB3V8V0dignt99LZ8vH,Hey There Delilah,Plain White T's,All That We Needed,skip_for_now,104.00,125.00,29.00,66.00,30.00,10B,1,2026-07-19T06:00:38.848Z,https://open.spotify.com/track/4RCWB3V8V0dignt99LZ8vH
425,5VWmMZCfJ4yVkJw9ZLFXej,"1, 2, 3, 4",Plain White T's,Big Bad World,skip_for_now,91.00,157.00,55.00,46.00,56.00,10B,1,2026-07-19T06:00:39.579Z,https://open.spotify.com/track/5VWmMZCfJ4yVkJw9ZLFXej
426,41sGGCCoHI2GLV9qadX80A,Baby Come Back,Player,Player,skip_for_now,156.00,179.00,60.00,65.00,54.00,4A,1,2026-07-19T06:00:39.369Z,https://open.spotify.com/track/41sGGCCoHI2GLV9qadX80A
427,5qaSekPPKHIEA1Yn0qkCaC,Every Rose Has Its Thorn,Poison,Open Up And Say . . . Ahh!,skip_for_now,140.00,149.00,70.00,45.00,34.00,2B,2,2026-07-19T06:00:39.092Z,https://open.spotify.com/track/5qaSekPPKHIEA1Yn0qkCaC
428,62LJFaYihsdVrrkgUOJC05,Kiss,Prince,Parade - Music from the Motion Picture Under the Cherry Moon,skip_for_now,111.00,191.00,27.00,90.00,74.00,9B,1,2026-07-19T06:00:39.103Z,https://open.spotify.com/track/62LJFaYihsdVrrkgUOJC05
429,3QszJeuSyyZQmD9pY1tqpo,I Would Die 4 U,Prince,Purple Rain,skip_for_now,135.00,198.00,64.00,71.00,63.00,10B,1,2026-07-19T06:00:39.102Z,https://open.spotify.com/track/3QszJeuSyyZQmD9pY1tqpo
430,1uvyZBs4IZYRebHIB1747m,Purple Rain,Prince,Purple Rain,skip_for_now,113.00,100.00,45.00,37.00,18.00,6B,1,2026-07-19T06:00:39.100Z,https://open.spotify.com/track/1uvyZBs4IZYRebHIB1747m
431,7tFiyTwD0nx5a1eklYtX2J,Bohemian Rhapsody - Remastered 2011,Queen,A Night At The Opera (Deluxe Remastered Version),skip_for_now,144.00,102.00,40.00,39.00,23.00,5A,1,2026-07-19T06:00:38.926Z,https://open.spotify.com/track/7tFiyTwD0nx5a1eklYtX2J
432,4OKf7CcYuw5H2HptkcKxcP,You're My Best Friend - Remastered 2011,Queen,A Night At The Opera (Deluxe Remastered Version),skip_for_now,119.00,186.00,76.00,52.00,58.00,8B,1,2026-07-19T06:00:38.929Z,https://open.spotify.com/track/4OKf7CcYuw5H2HptkcKxcP
433,2Mu43PmiJHMTNbtUjUWwOf,Body Language - Remastered 2011,Queen,Hot Space (Deluxe Remastered Version),skip_for_now,133.00,173.00,54.00,83.00,36.00,3B,1,2026-07-19T06:00:38.928Z,https://open.spotify.com/track/2Mu43PmiJHMTNbtUjUWwOf
434,35ItUJlMtjOQW3SSiTCrrw,Crazy Little Thing Called Love - Remastered 2011,Queen,The Game (Deluxe Remastered Version),skip_for_now,77.00,208.00,76.00,60.00,72.00,8B,1,2026-07-19T06:00:39.646Z,https://open.spotify.com/track/35ItUJlMtjOQW3SSiTCrrw
435,4NSqnfkGwPWde6a5YkjylT,Who Wants To Live Forever - Stranger Things Remix,Queen,Who Wants To Live Forever (Stranger Things Remix),skip_for_now,141.00,108.00,64.00,35.00,9.00,9A,1,2026-07-19T06:00:39.757Z,https://open.spotify.com/track/4NSqnfkGwPWde6a5YkjylT
436,11IzgLRXV7Cgek3tEgGgjw,Under Pressure - Remastered 2011,"Queen,David Bowie",Hot Space (Deluxe Remastered Version),skip_for_now,114.00,185.00,71.00,67.00,47.00,10B,2,2026-07-19T06:00:38.930Z,https://open.spotify.com/track/11IzgLRXV7Cgek3tEgGgjw
437,2oSpQ7QtIKTNFfA08Cy0ku,It's The End Of The World As We Know It (And I Feel Fine),R.E.M.,Document (R.E.M. No. 5),skip_for_now,206.00,207.00,89.00,38.00,80.00,9B,1,2026-07-19T06:00:39.303Z,https://open.spotify.com/track/2oSpQ7QtIKTNFfA08Cy0ku
438,31AOj9sFz2gM0O3hMARRBx,Losing My Religion,R.E.M.,Out Of Time (25th Anniversary Edition),skip_for_now,126.00,233.00,86.00,67.00,80.00,8A,1,2026-07-19T06:00:39.304Z,https://open.spotify.com/track/31AOj9sFz2gM0O3hMARRBx
439,37f4ITSlgPX81ad2EvmVQr,Fight Song,Rachel Platten,Wildfire,skip_for_now,176.00,160.00,71.00,56.00,33.00,9B,1,2026-07-19T06:00:39.547Z,https://open.spotify.com/track/37f4ITSlgPX81ad2EvmVQr
440,5ApWY94jYEG9mMtgEMV1tT,LOL,Rainbow Kitten Surprise,Love Hate Music Box,skip_for_now,137.00,180.00,52.00,81.00,47.00,3B,1,2026-07-19T06:00:39.706Z,https://open.spotify.com/track/5ApWY94jYEG9mMtgEMV1tT
441,7a2UznTMFRCL7c1sscXDEv,SVO,Rainbow Kitten Surprise,Love Hate Music Box,skip_for_now,76.00,138.00,49.00,59.00,30.00,2B,1,2026-07-13T06:20:49.149Z,https://open.spotify.com/track/7a2UznTMFRCL7c1sscXDEv
442,63GEVDE0TPzHCkeb6wV6jo,Hey Pretty Momma,Rainbow Kitten Surprise,Seven + Mary,skip_for_now,79.00,90.00,32.00,40.00,18.00,9A,1,2026-07-19T06:00:39.707Z,https://open.spotify.com/track/63GEVDE0TPzHCkeb6wV6jo
443,3RRQunWUTx2XpmmbcdhBc7,Mr. Redundant,Rainbow Kitten Surprise,Seven + Mary,skip_for_now,120.00,132.00,31.00,84.00,17.00,8B,1,2026-07-13T06:20:41.280Z,https://open.spotify.com/track/3RRQunWUTx2XpmmbcdhBc7
444,0feqkkD0tgAZddC0uB3uwU,If I Only Had A Brain - Extended Version,"Ray Bolger,Judy Garland",The Wizard of Oz (Original Motion Picture Soundtrack) [Deluxe Edition],skip_for_now,151.00,173.00,34.00,48.00,91.00,9B,1,2026-07-19T06:00:39.432Z,https://open.spotify.com/track/0feqkkD0tgAZddC0uB3uwU
445,5gys5nzVQIYhgHIfiOJYva,Take It On the Run,REO Speedwagon,Hi Infidelity (30th Anniversary Edition),skip_for_now,78.00,158.00,76.00,37.00,45.00,9B,1,2026-07-19T06:00:38.995Z,https://open.spotify.com/track/5gys5nzVQIYhgHIfiOJYva
446,0SkmxNE5ydxiEN0hzJbMac,Ridin' the Storm Out,REO Speedwagon,Ridin' the Storm Out,skip_for_now,135.00,197.00,80.00,56.00,61.00,8A,1,2026-07-19T06:00:38.989Z,https://open.spotify.com/track/0SkmxNE5ydxiEN0hzJbMac
447,5WwqdeavrQrbeAMDxGawse,Can't Fight This Feeling,REO Speedwagon,Wheels Are Turnin',skip_for_now,156.00,108.00,48.00,41.00,19.00,11B,1,2026-07-19T06:00:38.994Z,https://open.spotify.com/track/5WwqdeavrQrbeAMDxGawse
448,16x9viSmRS3PII71Pdeowc,Roll with the Changes,REO Speedwagon,"You Can Tune a Piano, But You Can't Tuna Fish",skip_for_now,91.00,175.00,90.00,20.00,65.00,8B,1,2026-07-19T06:00:38.992Z,https://open.spotify.com/track/16x9viSmRS3PII71Pdeowc
449,0cO7JEo8deKuQMWpDyjenY,Time for Me to Fly,REO Speedwagon,"You Can Tune a Piano, But You Can't Tuna Fish",skip_for_now,82.00,155.00,63.00,46.00,46.00,10B,1,2026-07-19T06:00:38.991Z,https://open.spotify.com/track/0cO7JEo8deKuQMWpDyjenY
450,7uPQU7uKvsZZ7T9XnpBpFg,Someday,Rob Thomas,Cradlesong,skip_for_now,136.00,216.00,91.00,57.00,68.00,6B,1,2026-07-19T06:00:39.389Z,https://open.spotify.com/track/7uPQU7uKvsZZ7T9XnpBpFg
451,6j6bTAiW0oEfLlAjmRNcbb,Little Wonders,Rob Thomas,Little Wonders,skip_for_now,82.00,111.00,62.00,16.00,33.00,11B,1,2026-07-19T06:00:39.387Z,https://open.spotify.com/track/6j6bTAiW0oEfLlAjmRNcbb
452,3gsCAGsWr6pUm1Vy7CPPob,Killing Me Softly With His Song,Roberta Flack,Killing Me Softly,skip_for_now,122.00,119.00,38.00,48.00,33.00,4A,1,2026-07-19T06:00:39.132Z,https://open.spotify.com/track/3gsCAGsWr6pUm1Vy7CPPob
453,2H2379xRxgQVvcOSoL8Ajr,Somebody's Watching Me,Rockwell,Body By Jake: Randy Couture Workout Mix (BPM 104-144),skip_for_now,124.00,225.00,62.00,79.00,84.00,12A,1,2026-07-19T06:00:39.744Z,https://open.spotify.com/track/2H2379xRxgQVvcOSoL8Ajr
454,4z7maGZkAonDlXlwo8q69f,Da Ya Think I'm Sexy?,Rod Stewart,Blondes Have More Fun,skip_for_now,112.00,226.00,69.00,72.00,85.00,7A,1,2026-07-19T06:00:39.592Z,https://open.spotify.com/track/4z7maGZkAonDlXlwo8q69f
455,6mIY6O7uNGgVqOoX70UAYh,Have I Told You Lately - 2008 Remaster,Rod Stewart,Vagabond Heart (Expanded Edition),skip_for_now,143.00,118.00,37.00,52.00,29.00,6B,1,2026-07-19T06:00:39.591Z,https://open.spotify.com/track/6mIY6O7uNGgVqOoX70UAYh
456,1i4JlWqVDl8nG8lL6ybjuN,Ramalama (Bang Bang),Róisín Murphy,Ruby Blue,skip_for_now,107.00,200.00,66.00,82.00,52.00,11B,1,2026-07-19T06:00:39.568Z,https://open.spotify.com/track/1i4JlWqVDl8nG8lL6ybjuN
457,5Nm9ERjJZ5oyfXZTECKmRt,Stay With Me,Sam Smith,In The Lonely Hour,skip_for_now,84.00,102.00,42.00,41.00,19.00,8B,1,2026-07-19T06:00:39.478Z,https://open.spotify.com/track/5Nm9ERjJZ5oyfXZTECKmRt
458,2pX4FpOgwItRVPPUFdRcxA,Smooth (feat. Rob Thomas),"Santana,Rob Thomas",Supernatural (Legacy Edition),skip_for_now,116.00,249.00,92.00,61.00,96.00,11B,1,2026-07-19T06:00:39.637Z,https://open.spotify.com/track/2pX4FpOgwItRVPPUFdRcxA
459,2D4BSm5Z8Hq5zYbSgJwEOh,She Used To Be Mine,Sara Bareilles,What's Inside: Songs from Waitress,skip_for_now,81.00,87.00,30.00,40.00,17.00,7B,1,2026-07-19T06:00:39.736Z,https://open.spotify.com/track/2D4BSm5Z8Hq5zYbSgJwEOh
460,6nozDLxeL0TE4MS9GqYU1v,I Knew I Loved You,Savage Garden,Affirmation,skip_for_now,85.00,185.00,50.00,61.00,74.00,11B,1,2026-07-19T06:00:39.497Z,https://open.spotify.com/track/6nozDLxeL0TE4MS9GqYU1v
461,2008eq0EFxWor0C9IhbgAZ,Santa Monica,Savage Garden,Savage Garden,skip_for_now,124.00,180.00,39.00,83.00,58.00,11B,1,2026-07-19T06:00:38.864Z,https://open.spotify.com/track/2008eq0EFxWor0C9IhbgAZ
462,2ntpyUU3itxHWcJnOJmVic,Truly Madly Deeply,Savage Garden,Savage Garden (Original Version),skip_for_now,,,,,,,1,2026-07-19T06:00:38.862Z,https://open.spotify.com/track/2ntpyUU3itxHWcJnOJmVic
463,3ovjw5HZZv43SxTwApooCM,Wind Of Change,Scorpions,Crazy World,skip_for_now,152.00,122.00,52.00,45.00,25.00,8B,1,2026-07-16T05:10:06.828Z,https://open.spotify.com/track/3ovjw5HZZv43SxTwApooCM
464,3YKptz29AsOlm7WAVnztBh,Kiss from a Rose,Seal,Seal,skip_for_now,132.00,133.00,53.00,58.00,22.00,3A,2,2026-07-19T06:00:39.098Z,https://open.spotify.com/track/3YKptz29AsOlm7WAVnztBh
465,6liaHE9iHh23PLVvw7lK8V,Closing Time,Semisonic,Feeling Strangely Fine (20th Anniversary Edition),skip_for_now,,,,,,,1,2026-07-19T06:00:38.902Z,https://open.spotify.com/track/6liaHE9iHh23PLVvw7lK8V
466,4FUfoWMypAyWbOavmYyeNu,That Don't Impress Me Much,Shania Twain,Come On Over,skip_for_now,125.00,249.00,76.00,76.00,97.00,3B,1,2026-07-19T06:00:38.690Z,https://open.spotify.com/track/4FUfoWMypAyWbOavmYyeNu
467,3x2ksaXI6EZUWidE2BiLXy,You're Still The One,Shania Twain,Come On Over (Diamond Edition / Super Deluxe),skip_for_now,,,,,,,1,2026-07-19T06:00:39.589Z,https://open.spotify.com/track/3x2ksaXI6EZUWidE2BiLXy
468,0pdfN7nOHMYmKykzu1cyfm,Any Man Of Mine,Shania Twain,The Woman In Me,skip_for_now,78.00,210.00,73.00,59.00,78.00,4B,1,2026-07-19T06:00:38.691Z,https://open.spotify.com/track/0pdfN7nOHMYmKykzu1cyfm
469,5XrfFo0JFOnWD9ZMNXGkQh,If It Makes You Happy,Sheryl Crow,Sheryl Crow,skip_for_now,95.00,151.00,68.00,54.00,29.00,9B,1,2026-07-19T06:00:39.067Z,https://open.spotify.com/track/5XrfFo0JFOnWD9ZMNXGkQh
470,76TZCvJ8GitQ2FA1q5dKu0,The Boxer,Simon & Garfunkel,Bridge Over Troubled Water,skip_for_now,93.00,156.00,49.00,44.00,63.00,1B,1,2026-07-19T06:00:39.790Z,https://open.spotify.com/track/76TZCvJ8GitQ2FA1q5dKu0
471,3fH4KjXFYMmljxrcGrbPj9,Don't You (Forget About Me),Simple Minds,Once Upon A Time (Super Deluxe),skip_for_now,111.00,216.00,82.00,66.00,68.00,10B,1,2026-07-19T06:00:39.624Z,https://open.spotify.com/track/3fH4KjXFYMmljxrcGrbPj9
472,1B8MHa0NveCF1ViBEOZWO5,Addicted,Simple Plan,"No Pads, No Helmets...Just Balls (15th Anniversary Tour Edition)",skip_for_now,140.00,188.00,75.00,52.00,61.00,3B,1,2026-07-19T06:00:39.614Z,https://open.spotify.com/track/1B8MHa0NveCF1ViBEOZWO5
473,714Lw0m2SmCEhKSPw0Dn8J,Welcome to My Life,Simple Plan,Still Not Getting Any...,skip_for_now,173.00,177.00,86.00,42.00,49.00,3B,1,2026-07-19T06:00:39.615Z,https://open.spotify.com/track/714Lw0m2SmCEhKSPw0Dn8J
474,3cfOd4CMv2snFaKAnMdnvK,All Star,Smash Mouth,Astro Lounge,skip_for_now,104.00,238.00,87.00,73.00,78.00,1B,1,2026-07-19T06:00:39.230Z,https://open.spotify.com/track/3cfOd4CMv2snFaKAnMdnvK
475,1RC5Mb0VhnlhnMlFDnrvE0,I'm A Believer - Radio Edit,Smash Mouth,Smash Mouth,skip_for_now,82.00,245.00,97.00,56.00,92.00,2B,1,2026-07-19T06:00:39.232Z,https://open.spotify.com/track/1RC5Mb0VhnlhnMlFDnrvE0
476,6kesIBNAY17BoAz28pnWMC,Run,Snow Patrol,Final Straw,skip_for_now,74.00,123.00,64.00,39.00,20.00,8A,1,2026-07-19T06:00:39.739Z,https://open.spotify.com/track/6kesIBNAY17BoAz28pnWMC
477,54aVMHjd16Xxrk0m3HJDwH,Falling Through All Of This Time,Snow Patrol,The Forest Is The Path (Extended Edition),skip_for_now,120.00,103.00,45.00,35.00,23.00,7B,1,2026-07-19T06:00:39.713Z,https://open.spotify.com/track/54aVMHjd16Xxrk0m3HJDwH
478,7JCcOuq5V0OTqenFosPMCp,Talking About Hope,Snow Patrol,The Forest Is The Path (Extended Edition),skip_for_now,131.00,120.00,31.00,71.00,18.00,6B,1,2026-07-19T06:00:39.710Z,https://open.spotify.com/track/7JCcOuq5V0OTqenFosPMCp
479,7aKyvoZXqKyhjqWsKMfy9s,These Lies,Snow Patrol,The Forest Is The Path (Extended Edition),skip_for_now,78.00,86.00,14.00,41.00,31.00,1A,1,2026-07-19T06:00:39.717Z,https://open.spotify.com/track/7aKyvoZXqKyhjqWsKMfy9s
480,0cGG2EouYCEEC3xfa0tDFV,Tainted Love,Soft Cell,Non-Stop Erotic Cabaret,skip_for_now,,,,,,,1,2026-07-19T06:00:39.299Z,https://open.spotify.com/track/0cGG2EouYCEEC3xfa0tDFV
481,5qGwqO0lkbBXw4xNfzT7SF,Spice Up Your Life,Spice Girls,Spiceworld,skip_for_now,124.00,223.00,99.00,56.00,68.00,3B,1,2026-07-19T06:00:38.815Z,https://open.spotify.com/track/5qGwqO0lkbBXw4xNfzT7SF
482,7kj30WQGIpDYDN4HnOZ2bV,I Know You (with Matt Maeson),"Steinza,Matt Maeson",I Know You (with Matt Maeson),skip_for_now,126.00,123.00,33.00,60.00,30.00,12B,1,2026-07-19T06:00:39.403Z,https://open.spotify.com/track/7kj30WQGIpDYDN4HnOZ2bV
483,4MhaifZyR0ojpjv80l54qQ,Rock Me,Steppenwolf,At Your Birthday Party,skip_for_now,126.00,229.00,85.00,60.00,84.00,7B,1,2026-07-19T06:00:39.118Z,https://open.spotify.com/track/4MhaifZyR0ojpjv80l54qQ
484,4c4jJJoaiY21t2TyRZgdWS,Magic Carpet Ride,Steppenwolf,The Second,skip_for_now,112.00,209.00,65.00,64.00,80.00,9A,1,2026-07-19T06:00:39.117Z,https://open.spotify.com/track/4c4jJJoaiY21t2TyRZgdWS
485,6SXy02aTZU3ysoGUixYCz0,Maybe Tomorrow,Stereophonics,You Gotta Go There To Come Back,skip_for_now,81.00,172.00,65.00,50.00,57.00,6A,1,2026-07-19T06:00:39.310Z,https://open.spotify.com/track/6SXy02aTZU3ysoGUixYCz0
486,3eCeilhCdaLiz1Aj0hBbtL,Go Cubs Go,Steve Goodman,Cubbies Are Rockin',skip_for_now,99.00,218.00,59.00,70.00,89.00,8B,1,2026-07-19T06:00:39.667Z,https://open.spotify.com/track/3eCeilhCdaLiz1Aj0hBbtL
487,1bp2IO61zbQrbWNmKKxg3f,The Joker,Steve Miller Band,The Joker,skip_for_now,83.00,185.00,45.00,60.00,80.00,7B,1,2026-07-19T06:00:39.066Z,https://open.spotify.com/track/1bp2IO61zbQrbWNmKKxg3f
488,7L3b6iaVhDVjfo52Hbvh9Z,Edge of Seventeen - 2016 Remaster,Stevie Nicks,Bella Donna (2016 Remastered),skip_for_now,111.00,205.00,80.00,59.00,66.00,8B,1,2026-07-19T06:00:39.070Z,https://open.spotify.com/track/7L3b6iaVhDVjfo52Hbvh9Z
489,6L5c6wFGDQswebVAS3BmUw,Leather and Lace,"Stevie Nicks,Don Henley",Crystal Visions...The Very Best of Stevie Nicks,skip_for_now,,,,,,,1,2026-07-19T06:00:39.069Z,https://open.spotify.com/track/6L5c6wFGDQswebVAS3BmUw
490,0Dm43YLUlGdePpSbI1ct8h,Part-Time Lover,Stevie Wonder,In Square Circle,skip_for_now,175.00,224.00,62.00,66.00,96.00,3A,1,2026-07-19T06:00:39.518Z,https://open.spotify.com/track/0Dm43YLUlGdePpSbI1ct8h
491,3NlLmKBJozwoi0k03Feb1N,Isn't She Lovely,Stevie Wonder,The Definitive Collection (Deluxe Edition),skip_for_now,119.00,234.00,69.00,75.00,90.00,12A,1,2026-07-19T06:00:39.515Z,https://open.spotify.com/track/3NlLmKBJozwoi0k03Feb1N
492,5NeIONQWJ25uPylJBJiO4c,Through Glass,Stone Sour,Come What(ever) May [10th Anniversary Edition],skip_for_now,106.00,173.00,75.00,55.00,43.00,2A,2,2026-07-19T06:00:39.656Z,https://open.spotify.com/track/5NeIONQWJ25uPylJBJiO4c
493,3GkmgQTR6GEsx9OMQoJYRA,Michigan,Styx,Circling From Above,skip_for_now,130.00,202.00,86.00,63.00,53.00,3A,1,2026-07-19T06:00:39.046Z,https://open.spotify.com/track/3GkmgQTR6GEsx9OMQoJYRA
494,1CQqupcyMg7176PPmIVmSj,Renegade,Styx,Pieces Of Eight,skip_for_now,106.00,170.00,55.00,49.00,66.00,6A,1,2026-07-19T06:00:39.043Z,https://open.spotify.com/track/1CQqupcyMg7176PPmIVmSj
495,1wpRglLhQ092N1rftlDMD3,Lady,Styx,Styx II,skip_for_now,137.00,143.00,68.00,39.00,36.00,9B,1,2026-07-19T06:00:39.048Z,https://open.spotify.com/track/1wpRglLhQ092N1rftlDMD3
496,0PsbWiVtix5FoTZ1s00mEl,Come Sail Away,Styx,The Grand Illusion,skip_for_now,120.00,80.00,34.00,32.00,14.00,8B,1,2026-07-19T06:00:39.045Z,https://open.spotify.com/track/0PsbWiVtix5FoTZ1s00mEl
497,1TbuKk1NP186N7v3IUP6LE,Memory - Acoustic Version,Sugarcult,Bouncing Off The Walls,skip_for_now,83.00,156.00,47.00,67.00,42.00,3B,1,2026-07-19T06:00:39.726Z,https://open.spotify.com/track/1TbuKk1NP186N7v3IUP6LE
498,2NaPbKk3mIdEaVo0BPyHxn,Superbowl Shuffle,Superbowl Superstar,Superbowl Superstars 2012,skip_for_now,106.00,261.00,92.00,95.00,74.00,3B,1,2026-07-19T06:00:39.670Z,https://open.spotify.com/track/2NaPbKk3mIdEaVo0BPyHxn
499,4uKop5eqeLow56qacdfO1P,Breakfast In America,Supertramp,Breakfast In America,skip_for_now,75.00,189.00,49.00,60.00,80.00,5A,1,2026-07-19T06:00:39.630Z,https://open.spotify.com/track/4uKop5eqeLow56qacdfO1P
500,6mHOcVtsHLMuesJkswc0GZ,The Logical Song - Remastered 2010,Supertramp,Breakfast In America (Deluxe Edition),skip_for_now,120.00,209.00,76.00,63.00,70.00,4A,1,2026-07-19T06:00:39.626Z,https://open.spotify.com/track/6mHOcVtsHLMuesJkswc0GZ
501,6XUHsYE38CEbYunT983O9G,Give A Little Bit,Supertramp,Even In The Quietest Moments,skip_for_now,91.00,182.00,82.00,53.00,47.00,10B,1,2026-07-19T06:00:39.629Z,https://open.spotify.com/track/6XUHsYE38CEbYunT983O9G
502,3Pu3IChaAoa5EjgUBv5F6x,Ballroom Blitz,Sweet,Desolation Boulevard,skip_for_now,108.00,233.00,80.00,64.00,89.00,9A,1,2026-07-19T06:00:39.321Z,https://open.spotify.com/track/3Pu3IChaAoa5EjgUBv5F6x
503,6YMTBc93GQJQB1RkqUU1ux,Call Me In The Morning,Taking Back Sunday,Taking Back Sunday,skip_for_now,102.00,138.00,60.00,59.00,19.00,2B,1,2026-07-19T06:00:39.724Z,https://open.spotify.com/track/6YMTBc93GQJQB1RkqUU1ux
504,2VNfJpwdEQBLyXajaa6LWT,Burning Down the House,Talking Heads,Burning Down the House / I Get Wild / Wild Gravity,skip_for_now,103.00,221.00,87.00,78.00,56.00,4A,1,2026-07-19T06:00:39.106Z,https://open.spotify.com/track/2VNfJpwdEQBLyXajaa6LWT
505,5JwK7v6XhG0YgqDuCgzOy8,And She Was,Talking Heads,Little Creatures,skip_for_now,126.00,236.00,63.00,76.00,97.00,11B,1,2026-07-19T06:00:39.298Z,https://open.spotify.com/track/5JwK7v6XhG0YgqDuCgzOy8
506,7dSCxR4LqkmxoBrq9MzVSD,Psycho Killer,Talking Heads,Talking Heads '77,skip_for_now,123.00,206.00,40.00,72.00,94.00,10B,1,2026-07-19T06:00:39.107Z,https://open.spotify.com/track/7dSCxR4LqkmxoBrq9MzVSD
507,5buj0D6E7rCRFi3xV9STYo,Red Kingdom,Tech N9ne,Red Kingdom,skip_for_now,100.00,179.00,67.00,80.00,32.00,8A,1,2026-07-19T06:00:39.672Z,https://open.spotify.com/track/5buj0D6E7rCRFi3xV9STYo
508,3dj4wgM3cPeuLwMNHDuBon,The Door,Teddy Swims,I've Tried Everything But Therapy (Part 1),skip_for_now,128.00,235.00,86.00,73.00,76.00,1A,1,2026-07-19T06:00:39.350Z,https://open.spotify.com/track/3dj4wgM3cPeuLwMNHDuBon
509,4sCCZW0ezEPAexAidFsoVm,I Wouldn't Want to Be Like You,The Alan Parsons Project,I Robot,skip_for_now,101.00,125.00,35.00,66.00,24.00,3B,1,2026-07-19T06:00:39.681Z,https://open.spotify.com/track/4sCCZW0ezEPAexAidFsoVm
510,0PbFXpNL2f34qFtJrR3OSW,Games People Play,The Alan Parsons Project,The Turn Of A Friendly Card,skip_for_now,133.00,194.00,56.00,71.00,67.00,10A,1,2026-07-19T06:00:39.679Z,https://open.spotify.com/track/0PbFXpNL2f34qFtJrR3OSW
511,5lDriBxJd22IhOH9zTcFrV,Dirty Little Secret,The All-American Rejects,Move Along,skip_for_now,144.00,188.00,95.00,47.00,46.00,6B,1,2026-07-19T06:00:38.772Z,https://open.spotify.com/track/5lDriBxJd22IhOH9zTcFrV
512,2l57cfmCnOkwNX1tky02n1,Move Along,The All-American Rejects,Move Along,skip_for_now,110.00,209.00,92.00,52.00,65.00,5B,1,2026-07-19T06:00:38.773Z,https://open.spotify.com/track/2l57cfmCnOkwNX1tky02n1
513,003FTlCpBTM4eSqYSWPv4H,"Swing, Swing",The All-American Rejects,The All-American Rejects,skip_for_now,128.00,159.00,72.00,55.00,32.00,9B,1,2026-07-16T05:10:54.151Z,https://open.spotify.com/track/003FTlCpBTM4eSqYSWPv4H
514,4W4wYHtsrgDiivRASVOINL,Love Shack,The B-52's,Cosmic Thing,skip_for_now,134.00,240.00,80.00,70.00,90.00,4A,1,2026-07-19T06:00:38.747Z,https://open.spotify.com/track/4W4wYHtsrgDiivRASVOINL
515,207qLd1ovrqfYVBBDrNMUM,Dance This Mess Around,The B-52's,The B-52's,skip_for_now,161.00,186.00,71.00,61.00,54.00,5B,1,2026-07-19T06:00:38.749Z,https://open.spotify.com/track/207qLd1ovrqfYVBBDrNMUM
516,4MHzXgBy7hexDe2Bto11hP,California Dreamin' - Remastered 2007,The Beach Boys,The Warmth Of The Sun,skip_for_now,116.00,205.00,85.00,58.00,62.00,12A,1,2026-07-19T06:00:39.441Z,https://open.spotify.com/track/4MHzXgBy7hexDe2Bto11hP
517,2EqlS6tkEnglzr7tkKAAYD,Come Together - Remastered 2009,The Beatles,Abbey Road (Remastered),skip_for_now,165.00,110.00,38.00,53.00,19.00,8A,1,2026-07-19T06:00:39.448Z,https://open.spotify.com/track/2EqlS6tkEnglzr7tkKAAYD
518,6dGnYIeXmHdcikdzNNDMm2,Here Comes The Sun - Remastered 2009,The Beatles,Abbey Road (Remastered),skip_for_now,129.00,149.00,54.00,56.00,39.00,11B,1,2026-07-19T06:00:39.445Z,https://open.spotify.com/track/6dGnYIeXmHdcikdzNNDMm2
519,3Z25k4ZF6QENy2d9YatsM5,I Want You (She's So Heavy) - Remastered 2009,The Beatles,Abbey Road (Remastered),skip_for_now,116.00,129.00,51.00,37.00,41.00,7A,1,2026-07-15T07:22:41.043Z,https://open.spotify.com/track/3Z25k4ZF6QENy2d9YatsM5
520,3BQHpFgAp4l80e1XslIjNI,Yesterday - Remastered 2009,The Beatles,Help! (Remastered),skip_for_now,97.00,83.00,18.00,33.00,32.00,7B,1,2026-07-19T06:00:39.447Z,https://open.spotify.com/track/3BQHpFgAp4l80e1XslIjNI
521,0vZ97gHhemKm6c64hTfJNA,"Hello, Goodbye - Remastered 2009",The Beatles,Magical Mystery Tour (Remastered),skip_for_now,99.00,202.00,73.00,48.00,81.00,8B,1,2026-07-19T06:00:39.454Z,https://open.spotify.com/track/0vZ97gHhemKm6c64hTfJNA
522,5ZBeML7Lf3FMEVviTyvi8l,Twist And Shout - Remastered 2009,The Beatles,Please Please Me (Remastered),skip_for_now,125.00,227.00,85.00,48.00,94.00,10B,1,2026-07-19T06:00:39.451Z,https://open.spotify.com/track/5ZBeML7Lf3FMEVviTyvi8l
523,0AvygKcKeMyZlFmDzbqcYK,When I'm Sixty-Four - 2017 Mix,The Beatles,Sgt. Pepper's Lonely Hearts Club Band (Super Deluxe Edition),skip_for_now,138.00,157.00,31.00,70.00,56.00,4B,1,2026-07-19T06:00:39.452Z,https://open.spotify.com/track/0AvygKcKeMyZlFmDzbqcYK
524,1RP85mAmvJ8baqjP53kFJu,Hey Jude - 2015 Mix,The Beatles,The Beatles 1967 – 1970 (2023 Edition),skip_for_now,147.00,147.00,56.00,38.00,53.00,6B,1,2026-07-19T06:00:39.450Z,https://open.spotify.com/track/1RP85mAmvJ8baqjP53kFJu
525,1tdltVUBkiBCW1C3yB4zyD,Yellow Submarine,The Beatles,Yellow Submarine Songtrack,skip_for_now,111.00,191.00,64.00,62.00,65.00,3B,2,2026-07-19T06:00:39.443Z,https://open.spotify.com/track/1tdltVUBkiBCW1C3yB4zyD
526,5NK8jad728pj6YeqM5VJD4,She Talks To Angels,The Black Crowes,Shake Your Money Maker,skip_for_now,160.00,142.00,52.00,58.00,32.00,12B,1,2026-07-19T06:00:39.071Z,https://open.spotify.com/track/5NK8jad728pj6YeqM5VJD4
527,6gRACp2CvsIhc7hyw8CecQ,The Devil Went Down to Georgia,The Charlie Daniels Band,Million Mile Reflections,skip_for_now,135.00,199.00,54.00,52.00,93.00,8B,1,2026-07-19T06:00:39.316Z,https://open.spotify.com/track/6gRACp2CvsIhc7hyw8CecQ
528,5VbwM8nvvQLXcwsZUwgm9K,Mr. Sandman,The Chordettes,The Chordettes' Best,skip_for_now,111.00,173.00,41.00,62.00,70.00,11B,1,2026-07-19T06:00:39.551Z,https://open.spotify.com/track/5VbwM8nvvQLXcwsZUwgm9K
529,7K71priwuwcWwbgfHVQJdq,Lovesong,The Cure,Greatest Hits,skip_for_now,,,,,,,1,2026-07-19T06:00:39.341Z,https://open.spotify.com/track/7K71priwuwcWwbgfHVQJdq
530,4nXkbcTj3nyww1cHkw5RAP,Long Train Runnin',The Doobie Brothers,The Captain and Me,skip_for_now,117.00,232.00,91.00,57.00,84.00,6A,1,2026-07-19T06:00:39.110Z,https://open.spotify.com/track/4nXkbcTj3nyww1cHkw5RAP
531,4p8QcNkaq2FQj8uGJ7HEDK,Black Water,The Doobie Brothers,What Were Once Vices Are Now Habits,skip_for_now,169.00,164.00,44.00,53.00,67.00,10B,1,2026-07-19T06:00:39.108Z,https://open.spotify.com/track/4p8QcNkaq2FQj8uGJ7HEDK
532,6DmfWj5kOa1fX8AwN9byOn,L.A. Woman,The Doors,L.A. Woman,skip_for_now,171.00,178.00,73.00,35.00,70.00,10B,1,2026-07-19T06:00:38.999Z,https://open.spotify.com/track/6DmfWj5kOa1fX8AwN9byOn
533,1Q5kgpp4pmyGqPwNBzkSrw,Roadhouse Blues,The Doors,Morrison Hotel,skip_for_now,121.00,215.00,63.00,62.00,90.00,11B,1,2026-07-19T06:00:39.338Z,https://open.spotify.com/track/1Q5kgpp4pmyGqPwNBzkSrw
534,1Jmqubf9kGkWeYQXQKImL5,People Are Strange,The Doors,Strange Days,skip_for_now,119.00,193.00,47.00,70.00,76.00,9A,1,2026-07-19T06:00:38.996Z,https://open.spotify.com/track/1Jmqubf9kGkWeYQXQKImL5
535,6ToM0uwxtPKo9CMpbPGYvM,Break on Through (To the Other Side),The Doors,The Doors,skip_for_now,90.00,196.00,75.00,42.00,79.00,11B,1,2026-07-19T06:00:38.998Z,https://open.spotify.com/track/6ToM0uwxtPKo9CMpbPGYvM
536,3bWGaqVeYKMlLss40mPgNn,"Hello, I Love You",The Doors,Waiting for the Sun,skip_for_now,118.00,211.00,55.00,60.00,96.00,10A,1,2026-07-19T06:00:39.340Z,https://open.spotify.com/track/3bWGaqVeYKMlLss40mPgNn
537,3EyxoXTZuR5kBZcJDRC8wm,Singing Low,The Fray,Singing Low,skip_for_now,90.00,140.00,59.00,53.00,28.00,6A,1,2026-07-19T06:00:38.847Z,https://open.spotify.com/track/3EyxoXTZuR5kBZcJDRC8wm
538,5kz9GDBTX846OXwqWoyKzF,We Got The Beat,The Go-Go's,Beauty And The Beat,skip_for_now,152.00,206.00,99.00,59.00,48.00,10B,1,2026-07-19T06:00:38.770Z,https://open.spotify.com/track/5kz9GDBTX846OXwqWoyKzF
539,0oc7YoWV783fGr2GbdcIrz,Vacation,The Go-Go's,Vacation,skip_for_now,157.00,220.00,82.00,50.00,88.00,12B,1,2026-07-19T06:00:39.292Z,https://open.spotify.com/track/0oc7YoWV783fGr2GbdcIrz
540,6Qyc6fS4DsZjB2mRW9DsQs,Iris,The Goo Goo Dolls,Dizzy up the Girl,skip_for_now,,,,,,,1,2026-07-19T06:00:38.854Z,https://open.spotify.com/track/6Qyc6fS4DsZjB2mRW9DsQs
541,0nnwn7LWHCAu09jfuH1xTA,Slide,The Goo Goo Dolls,Dizzy up the Girl,skip_for_now,112.00,172.00,84.00,40.00,48.00,4B,1,2026-07-16T05:19:28.419Z,https://open.spotify.com/track/0nnwn7LWHCAu09jfuH1xTA
542,1wt8PzNPhWi5o0voZjzhMs,Let Love In,The Goo Goo Dolls,Let Love In,skip_for_now,119.00,161.00,91.00,53.00,17.00,10B,1,2026-07-19T06:00:39.393Z,https://open.spotify.com/track/1wt8PzNPhWi5o0voZjzhMs
543,2FT4gakd3matx4vI6YCTD8,American Woman - 2024 Remaster,The Guess Who,American Woman (Expanded Edition),skip_for_now,94.00,156.00,67.00,55.00,34.00,11B,1,2026-07-19T06:00:39.587Z,https://open.spotify.com/track/2FT4gakd3matx4vI6YCTD8
544,3WWi5DS9mnf9u9dgx5KntP,No Sugar Tonight / New Mother Nature - 2024 Remaster,The Guess Who,American Woman (Expanded Edition),skip_for_now,101.00,186.00,83.00,51.00,52.00,12A,1,2026-07-19T06:00:39.119Z,https://open.spotify.com/track/3WWi5DS9mnf9u9dgx5KntP
545,3QmzlL0tTtDgD1Hwfct68D,Let's Be Still,The Head And The Heart,Let's Be Still,skip_for_now,131.00,161.00,41.00,64.00,56.00,11B,1,2026-07-19T06:00:39.777Z,https://open.spotify.com/track/3QmzlL0tTtDgD1Hwfct68D
546,003vvx7Niy0yvhvHt4a68B,Mr. Brightside,The Killers,Hot Fuss,skip_for_now,148.00,150.00,91.00,35.00,24.00,3B,1,2026-07-19T06:00:39.306Z,https://open.spotify.com/track/003vvx7Niy0yvhvHt4a68B
547,7cX4PJz1old9fyFI8RlfgW,Read My Mind,The Killers,Sam's Town,skip_for_now,132.00,179.00,92.00,54.00,33.00,3B,1,2026-07-19T06:00:39.307Z,https://open.spotify.com/track/7cX4PJz1old9fyFI8RlfgW
548,4Tjs8b6jL1s18sjURJtswp,Lola (2020 Stereo Remaster),The Kinks,"Lola Versus Powerman and the Moneygoround, Pt. 1",skip_for_now,151.00,228.00,89.00,46.00,93.00,11B,1,2026-07-19T06:00:39.344Z,https://open.spotify.com/track/4Tjs8b6jL1s18sjURJtswp
549,6PoHD6eS4Ux7Hx66Q3RYOb,Heard It in a Love Song,The Marshall Tucker Band,Carolina Dreams,skip_for_now,153.00,203.00,80.00,55.00,68.00,10B,1,2026-07-19T06:00:39.114Z,https://open.spotify.com/track/6PoHD6eS4Ux7Hx66Q3RYOb
550,5YUIDMCtzUflSrONeYMWac,Fire on the Mountain,The Marshall Tucker Band,Searchin' for a Rainbow,skip_for_now,102.00,191.00,83.00,51.00,57.00,9A,1,2026-07-19T06:00:39.115Z,https://open.spotify.com/track/5YUIDMCtzUflSrONeYMWac
551,1Sit3bP7XNBuzDU43iqev0,Ladies Love David Wright,The New York Sports Fan,"Mets, Jets & Nets",skip_for_now,81.00,186.00,53.00,63.00,70.00,11B,1,2026-07-19T06:00:39.677Z,https://open.spotify.com/track/1Sit3bP7XNBuzDU43iqev0
552,6BGHH5k8oEeLKtdZJIKEMP,The Mets,The New York Sports Fan,"Mets, Jets & Nets",skip_for_now,80.00,133.00,33.00,45.00,55.00,9A,1,2026-07-19T06:00:39.669Z,https://open.spotify.com/track/6BGHH5k8oEeLKtdZJIKEMP
553,2hb6LFp0TwBjkhf37od4G3,I Think I Love You,The Partridge Family,Come On Get Happy! The Very Best Of The Partridge Family,skip_for_now,203.00,168.00,47.00,43.00,78.00,5B,1,2026-07-19T06:00:39.127Z,https://open.spotify.com/track/2hb6LFp0TwBjkhf37od4G3
554,2KInKmwh7huVVIgsxsReWB,"Bear Down, Chicago Bears",The Polar Bear Singers,Bear Fight Songs,skip_for_now,132.00,225.00,75.00,69.00,81.00,7B,1,2026-07-19T06:00:39.673Z,https://open.spotify.com/track/2KInKmwh7huVVIgsxsReWB
555,5veJDT0MLsLbhYsx42GXUD,Don't Stand So Close To Me,The Police,Zenyatta Mondatta (Remastered 2003),skip_for_now,140.00,183.00,51.00,80.00,52.00,10B,1,2026-07-19T06:00:39.077Z,https://open.spotify.com/track/5veJDT0MLsLbhYsx42GXUD
556,5huLMzIzFEdVcvEzt2hfk1,Peaches,The Presidents Of The United States Of America,The Presidents of The United States of America: Ten Year Super Bonus Special Anniversary Edition,skip_for_now,94.00,188.00,85.00,41.00,62.00,1B,1,2026-07-19T06:00:39.398Z,https://open.spotify.com/track/5huLMzIzFEdVcvEzt2hfk1
557,6lFZbCc7pn6Lme1NP7qQqQ,You Can't Always Get What You Want,The Rolling Stones,Let It Bleed,skip_for_now,86.00,141.00,62.00,32.00,47.00,8B,1,2026-07-19T06:00:39.006Z,https://open.spotify.com/track/6lFZbCc7pn6Lme1NP7qQqQ
558,2PzU4IB8Dr6mxV3lHuaG34,(I Can't Get No) Satisfaction - Mono,The Rolling Stones,Out Of Our Heads,skip_for_now,136.00,251.00,86.00,72.00,93.00,10B,1,2026-07-19T06:00:39.015Z,https://open.spotify.com/track/2PzU4IB8Dr6mxV3lHuaG34
559,1CKvinIoExZec5pv8OHtzU,Get Off Of My Cloud - (Original Single Mono Version),The Rolling Stones,Singles 1965-1967,skip_for_now,126.00,233.00,89.00,57.00,87.00,12B,1,2026-07-19T06:00:39.017Z,https://open.spotify.com/track/1CKvinIoExZec5pv8OHtzU
560,77oU2rjC5XbjQfNe3bD6so,Beast Of Burden - Remastered 1994,The Rolling Stones,Some Girls,skip_for_now,101.00,255.00,88.00,78.00,89.00,12A,1,2026-07-19T06:00:39.018Z,https://open.spotify.com/track/77oU2rjC5XbjQfNe3bD6so
561,7cdnq45E9aP2XDStHg5vd7,Cherry Bomb,The Runaways,The Runaways,skip_for_now,137.00,181.00,81.00,50.00,50.00,1B,1,2026-07-15T07:33:31.035Z,https://open.spotify.com/track/7cdnq45E9aP2XDStHg5vd7
562,09ZcYBGFX16X8GMDrvqQwt,For the First Time,The Script,Science & Faith (US Version),skip_for_now,174.00,139.00,63.00,40.00,36.00,11B,1,2026-07-19T06:00:38.857Z,https://open.spotify.com/track/09ZcYBGFX16X8GMDrvqQwt
563,285hMzLhJwHVLe9QT9qilk,Breakeven,The Script,The Script,skip_for_now,94.00,182.00,70.00,63.00,49.00,6B,1,2026-07-19T06:00:38.855Z,https://open.spotify.com/track/285hMzLhJwHVLe9QT9qilk
564,745H5CctFr12Mo7cqa1BMH,My Girl,The Temptations,The Temptations Sing Smokey,skip_for_now,105.00,168.00,42.00,57.00,69.00,8B,1,2026-07-19T06:00:39.581Z,https://open.spotify.com/track/745H5CctFr12Mo7cqa1BMH
565,6tN0t7Y1bFI1ZU98Ou8Z3i,Shut Up and Let Me Go,The Ting Tings,We Started Nothing,skip_for_now,108.00,267.00,93.00,85.00,89.00,9B,1,2026-07-19T06:00:38.914Z,https://open.spotify.com/track/6tN0t7Y1bFI1ZU98Ou8Z3i
566,7jGzYUZ2Bgg8BDfYlQRfn8,Wild Thing,The Troggs,From Nowhere,skip_for_now,204.00,187.00,66.00,45.00,76.00,11B,1,2026-07-19T06:00:39.631Z,https://open.spotify.com/track/7jGzYUZ2Bgg8BDfYlQRfn8
567,4u9f8hqstB7iITDJNzKhQx,My Generation - Stereo Version,The Who,My Generation (Stereo Version),skip_for_now,97.00,190.00,78.00,41.00,71.00,7A,1,2026-07-19T06:00:39.023Z,https://open.spotify.com/track/4u9f8hqstB7iITDJNzKhQx
568,1gm7q6vlN9I9m7IptmR3aN,My Generation - Live On The Smothers Brothers Comedy Hour,The Who,The Kids Are Alright,skip_for_now,93.00,169.00,81.00,43.00,45.00,4A,1,2026-07-15T07:27:39.547Z,https://open.spotify.com/track/1gm7q6vlN9I9m7IptmR3aN
569,3x2bXiU0o4WbsPkawXlfDA,Who Are You,The Who,Who Are You (Remastered),skip_for_now,,,,,,,1,2026-07-19T06:00:39.022Z,https://open.spotify.com/track/3x2bXiU0o4WbsPkawXlfDA
570,6PB3mgiLi6wfAopicqBNqH,Time Of The Season,The Zombies,Odessey & Oracle - 40th Anniversary Concert (Live),skip_for_now,121.00,197.00,92.00,37.00,68.00,9A,1,2026-07-19T06:00:38.891Z,https://open.spotify.com/track/6PB3mgiLi6wfAopicqBNqH
571,3354J49VpkbZJho7Ztdzpw,Jumper - 1998 Edit,Third Eye Blind,Third Eye Blind,skip_for_now,91.00,176.00,54.00,60.00,62.00,8B,1,2026-07-19T06:00:39.371Z,https://open.spotify.com/track/3354J49VpkbZJho7Ztdzpw
572,4KkGTqja19AHqItq3XBV3C,One,Three Dog Night,The Best Of 3 Dog Night,skip_for_now,124.00,144.00,42.00,56.00,46.00,3A,1,2026-07-15T07:22:59.562Z,https://open.spotify.com/track/4KkGTqja19AHqItq3XBV3C
573,3kllGiimMMnxHunCyhvLSf,Guilty Party,Thunder Jackson,Thunder Jackson,skip_for_now,144.00,200.00,77.00,72.00,51.00,7B,1,2026-07-19T06:00:39.653Z,https://open.spotify.com/track/3kllGiimMMnxHunCyhvLSf
574,4uvjOKsp7mSjrDhWdkLPBY,I Think We're Alone Now,Tiffany,Tiffany,skip_for_now,131.00,241.00,72.00,75.00,94.00,9B,1,2026-07-19T06:00:39.295Z,https://open.spotify.com/track/4uvjOKsp7mSjrDhWdkLPBY
575,4kOfxxnW1ukZdsNbCKY9br,What's Love Got to Do with It,Tina Turner,What's Love Got to Do with It?,skip_for_now,98.00,205.00,41.00,85.00,79.00,3B,1,2026-07-19T06:00:39.139Z,https://open.spotify.com/track/4kOfxxnW1ukZdsNbCKY9br
576,1KGi9sZVMeszgZOWivFpxs,No Scrubs,TLC,Fanmail,skip_for_now,93.00,201.00,68.00,74.00,59.00,1A,1,2026-07-19T06:00:39.536Z,https://open.spotify.com/track/1KGi9sZVMeszgZOWivFpxs
577,7E2DqvnVtbIrFrL5X6YH9Q,Beer For My Horses,"Toby Keith,Willie Nelson",Unleashed,skip_for_now,119.00,238.00,85.00,72.00,81.00,6B,1,2026-07-19T06:00:39.324Z,https://open.spotify.com/track/7E2DqvnVtbIrFrL5X6YH9Q
578,7gSQv1OHpkIoAdUiRLdmI6,I Won't Back Down,Tom Petty,Full Moon Fever,skip_for_now,114.00,222.00,48.00,77.00,97.00,9B,1,2026-07-19T06:00:39.076Z,https://open.spotify.com/track/7gSQv1OHpkIoAdUiRLdmI6
579,6iX1f3r7oUJnMbGgQ2gx1j,867-5309 / Jenny,Tommy Tutone,Tommy Tutone - 2,skip_for_now,138.00,185.00,71.00,58.00,56.00,7B,1,2026-07-19T06:00:39.242Z,https://open.spotify.com/track/6iX1f3r7oUJnMbGgQ2gx1j
580,5YIF6HSOtHN9HdcE5IPzMe,Funky Cold Medina,Tone-Loc,Loc-ed After Dark,skip_for_now,117.00,255.00,63.00,99.00,93.00,4A,1,2026-07-19T06:00:39.222Z,https://open.spotify.com/track/5YIF6HSOtHN9HdcE5IPzMe
581,5G9KcZaxfCysfv4EryCB9b,Hey Mickey,Toni Basil,Hey Mickey,skip_for_now,150.00,251.00,93.00,60.00,98.00,12B,1,2026-07-19T06:00:39.228Z,https://open.spotify.com/track/5G9KcZaxfCysfv4EryCB9b
582,4KoNBTm9a55KgLMtEaf3n6,If You Could Only See,Tonic,Lemon Parade,skip_for_now,95.00,196.00,95.00,43.00,58.00,3A,1,2026-07-19T06:00:38.633Z,https://open.spotify.com/track/4KoNBTm9a55KgLMtEaf3n6
583,6gvfXd7pEUSPuNEMWwOJUH,Knock Three Times,Tony Orlando & Dawn,The Definitive Collection,skip_for_now,123.00,229.00,58.00,78.00,93.00,3B,1,2026-07-19T06:00:39.125Z,https://open.spotify.com/track/6gvfXd7pEUSPuNEMWwOJUH
584,2hKdd3qO7cWr2Jo0Bcs0MA,Drops of Jupiter (Tell Me),Train,Drops Of Jupiter,skip_for_now,79.00,162.00,64.00,48.00,50.00,8B,1,2026-07-19T06:00:39.271Z,https://open.spotify.com/track/2hKdd3qO7cWr2Jo0Bcs0MA
585,0DJJdLSQKTPVnAA2iEuvsQ,All I Ever Wanted,Train,"For Me, It's You",skip_for_now,170.00,151.00,62.00,42.00,47.00,10B,1,2026-07-19T06:00:39.409Z,https://open.spotify.com/track/0DJJdLSQKTPVnAA2iEuvsQ
586,4HlFJV71xXKIGcU3kRyttv,"Hey, Soul Sister",Train,"Save Me, San Francisco (Golden Gate Edition)",skip_for_now,97.00,236.00,89.00,67.00,80.00,12A,1,2026-07-19T06:00:39.269Z,https://open.spotify.com/track/4HlFJV71xXKIGcU3kRyttv
587,3CRDbSIZ4r5MsZ0YwxuEkn,Stressed Out,Twenty One Pilots,Blurryface,skip_for_now,170.00,202.00,64.00,73.00,65.00,9A,1,2026-07-19T06:00:39.217Z,https://open.spotify.com/track/3CRDbSIZ4r5MsZ0YwxuEkn
588,1hlveB9M6ijHZRbzZ2teyh,We're Not Gonna Take It,Twisted Sister,Stay Hungry,skip_for_now,,,,,,,1,2026-07-19T06:00:39.633Z,https://open.spotify.com/track/1hlveB9M6ijHZRbzZ2teyh
589,3Z2tPWiNiIpg8UMMoowHIk,We Are The World,U.S.A. For Africa,We Are The World,skip_for_now,73.00,127.00,45.00,53.00,29.00,12B,1,2026-07-19T06:00:39.567Z,https://open.spotify.com/track/3Z2tPWiNiIpg8UMMoowHIk
590,1VuBmEauSZywQVtqbxNqka,Beautiful Day,U2,All That You Can't Leave Behind,skip_for_now,136.00,192.00,93.00,54.00,45.00,10B,1,2026-07-19T06:00:39.291Z,https://open.spotify.com/track/1VuBmEauSZywQVtqbxNqka
591,6wpGqhRvJGNNXwWlPmkMyO,I Still Haven't Found What I'm Looking For,U2,The Joshua Tree (Super Deluxe),skip_for_now,101.00,199.00,77.00,56.00,66.00,3B,2,2026-07-19T06:00:39.288Z,https://open.spotify.com/track/6wpGqhRvJGNNXwWlPmkMyO
592,6QPhpvO1pWDS91EsEmzsbc,With Or Without You,U2,U218 Singles,skip_for_now,110.00,121.00,54.00,55.00,12.00,10B,1,2026-07-19T06:00:39.556Z,https://open.spotify.com/track/6QPhpvO1pWDS91EsEmzsbc
593,6Arc3cFHtzrT3M2l4cxJPd,My Body Left My Soul (feat. Pusha T),"USERx,Matt Maeson,Rozwell,Pusha T",USERx,skip_for_now,91.00,163.00,65.00,72.00,26.00,9B,1,2026-07-19T06:00:39.353Z,https://open.spotify.com/track/6Arc3cFHtzrT3M2l4cxJPd
594,68vgtRHr7iZHpzGpon6Jlo,My Boo,"USHER,Alicia Keys",Confessions (Expanded Edition),skip_for_now,86.00,185.00,51.00,66.00,68.00,7B,1,2026-07-19T06:00:39.526Z,https://open.spotify.com/track/68vgtRHr7iZHpzGpon6Jlo
595,5rb9QrpfcKFHM1EUbSIurX,Yeah! (feat. Lil Jon & Ludacris),"USHER,Lil Jon,Ludacris",Confessions (Expanded Edition),skip_for_now,105.00,226.00,79.00,89.00,58.00,10B,1,2026-07-19T06:00:39.525Z,https://open.spotify.com/track/5rb9QrpfcKFHM1EUbSIurX
596,5TnzOUFWoZHUEtOWlxrIlY,Everybody Wants Some!! - 2015 Remaster,Van Halen,Women and Children First (Remastered),skip_for_now,145.00,178.00,77.00,53.00,48.00,4B,1,2026-07-15T07:16:40.556Z,https://open.spotify.com/track/5TnzOUFWoZHUEtOWlxrIlY
597,4CNL4GBNTdVIU5Nk6hB4LC,Brown Eyed Girl,Van Morrison,Blowin' Your Mind!,skip_for_now,77.00,222.00,68.00,61.00,93.00,9B,1,2026-07-19T06:00:39.569Z,https://open.spotify.com/track/4CNL4GBNTdVIU5Nk6hB4LC
598,4w1lzcaoZ1IC2K5TwjalRP,A Thousand Miles,Vanessa Carlton,Be Not Nobody,skip_for_now,95.00,166.00,83.00,56.00,27.00,1B,1,2026-07-19T06:00:38.900Z,https://open.spotify.com/track/4w1lzcaoZ1IC2K5TwjalRP
599,4cKGldbhGJniI8BrB3K6tb,Everything You Want,Vertical Horizon,Everything You Want,skip_for_now,94.00,214.00,76.00,64.00,74.00,2A,1,2026-07-19T06:00:39.274Z,https://open.spotify.com/track/4cKGldbhGJniI8BrB3K6tb
600,7nVQ8mo77KaUvhUQzh4vMy,Mammas Don't Let Your Babies Grow up to Be Cowboys,"Waylon Jennings,Willie Nelson",Waylon & Willie,skip_for_now,188.00,133.00,36.00,36.00,61.00,11B,1,2026-07-19T06:00:39.325Z,https://open.spotify.com/track/7nVQ8mo77KaUvhUQzh4vMy
601,4eHbdreAnSOrDDsFfc4Fpm,I Will Always Love You,Whitney Houston,The Bodyguard - Original Soundtrack Album,skip_for_now,68.00,65.00,21.00,33.00,11.00,12B,1,2026-07-19T06:00:39.134Z,https://open.spotify.com/track/4eHbdreAnSOrDDsFfc4Fpm
602,2tUBqZG2AbRi7Q0BIrVrEj,I Wanna Dance with Somebody (Who Loves Me),Whitney Houston,Whitney,skip_for_now,119.00,240.00,82.00,71.00,87.00,3B,1,2026-07-19T06:00:39.136Z,https://open.spotify.com/track/2tUBqZG2AbRi7Q0BIrVrEj
603,6yJxCltgtmGxIgKOS6ndnu,Greatest Love of All,Whitney Houston,Whitney Houston,skip_for_now,131.00,106.00,31.00,50.00,25.00,11B,1,2026-07-19T06:00:39.137Z,https://open.spotify.com/track/6yJxCltgtmGxIgKOS6ndnu
604,5uuJruktM9fMdN9Va0DUMl,Play That Funky Music,Wild Cherry,Wild Cherry,skip_for_now,109.00,241.00,67.00,81.00,93.00,11B,1,2026-07-19T06:00:39.365Z,https://open.spotify.com/track/5uuJruktM9fMdN9Va0DUMl
605,51wQovDO0hf05pkZYvu1GI,On the Road Again - Live,Willie Nelson,Willie Nelson - 16 Biggest Hits,skip_for_now,111.00,227.00,72.00,71.00,84.00,12B,1,2026-07-19T06:00:39.323Z,https://open.spotify.com/track/51wQovDO0hf05pkZYvu1GI
606,5A6OHHy73AR5tLxgTc98zz,Black and Yellow,Wiz Khalifa,Rolling Papers,skip_for_now,164.00,205.00,83.00,68.00,54.00,7A,1,2026-07-19T06:00:39.218Z,https://open.spotify.com/track/5A6OHHy73AR5tLxgTc98zz
607,5HOpkTTVcmZHnthgyxrIL8,The Fox (What Does the Fox Say?),Ylvis,The Fox (What Does the Fox Say?),skip_for_now,128.00,212.00,87.00,70.00,55.00,2B,1,2026-07-19T06:00:39.224Z,https://open.spotify.com/track/5HOpkTTVcmZHnthgyxrIL8
608,7mjSHL2Eb0kAwiKbvNNyD9,Wild World,Yusuf / Cat Stevens,Tea For The Tillerman (Remastered 2020),skip_for_now,153.00,159.00,54.00,48.00,57.00,8B,1,2026-07-19T06:00:39.096Z,https://open.spotify.com/track/7mjSHL2Eb0kAwiKbvNNyD9
609,5p3nvmoaAY03qGmBQApn0w,Moonshadow - Remastered 2021,Yusuf / Cat Stevens,Teaser And The Firecat (Remastered 2021),skip_for_now,131.00,156.00,37.00,64.00,55.00,10B,1,2026-07-19T06:00:39.789Z,https://open.spotify.com/track/5p3nvmoaAY03qGmBQApn0w
