rank,track_id,name,artists,album,repeat_intent,bpm,mood,energy,dance,valence,camelot,listen_count,last_listened_at,spotify_url
1,53BirqAVvxjDPQCH316BNM,Don't Dance,3OH!3,3OH!3,currently_listening,80.00,203.00,76.00,57.00,70.00,7A,2,2026-07-13T09:06:15.340Z,https://open.spotify.com/track/53BirqAVvxjDPQCH316BNM
2,4yZaGXHJ4b6ToBBAIdK25W,HIT ME HARDER,3OH!3,HIT ME HARDER,currently_listening,123.00,226.00,87.00,64.00,75.00,3A,2,2026-07-12T00:37:43.977Z,https://open.spotify.com/track/4yZaGXHJ4b6ToBBAIdK25W
3,70sK7T5SzRs6QFHA1LLfrw,Déjà Vu,3OH!3,Streets Of Gold,currently_listening,128.00,226.00,82.00,65.00,79.00,10A,2,2026-07-18T04:53:42.494Z,https://open.spotify.com/track/70sK7T5SzRs6QFHA1LLfrw
4,2yd5awkWGIYfUtIeNDWgrs,I'm Not the One,3OH!3,Streets Of Gold,skip_for_now,152.00,164.00,80.00,44.00,40.00,6A,2,2026-07-18T04:54:24.981Z,https://open.spotify.com/track/2yd5awkWGIYfUtIeNDWgrs
5,35BspUdHJEuqWx6aCzMG5U,R.I.P,3OH!3,Streets Of Gold,currently_listening,130.00,175.00,70.00,66.00,39.00,6B,2,2026-07-12T21:32:50.836Z,https://open.spotify.com/track/35BspUdHJEuqWx6aCzMG5U
6,5zNZZ7TD1bsx0s7zdEHHRW,Streets of Gold,3OH!3,Streets Of Gold,currently_listening,123.00,148.00,65.00,57.00,26.00,3A,2,2026-07-18T04:53:26.997Z,https://open.spotify.com/track/5zNZZ7TD1bsx0s7zdEHHRW
7,1LjHre9uHSLMuUrKsl6ppX,Touchin on My,3OH!3,Streets Of Gold,skip_for_now,84.00,195.00,88.00,54.00,53.00,3B,2,2026-07-18T04:54:34.700Z,https://open.spotify.com/track/1LjHre9uHSLMuUrKsl6ppX
8,1x075F39Q0zOhjPzPKgG8E,Baby By Me,"50 Cent,Ne-Yo",Before I Self-Destruct,favorites_archive,190.00,180.00,83.00,61.00,36.00,5A,2,2026-07-12T20:17:49.591Z,https://open.spotify.com/track/1x075F39Q0zOhjPzPKgG8E
9,4fF34Yf5KsfUbCORyLGpEj,Aaron's Party (Come Get It),Aaron Carter,Aaron's Party (Come Get It),favorites_archive,117.00,274.00,89.00,94.00,91.00,3B,2,2026-07-12T05:57:13.377Z,https://open.spotify.com/track/4fF34Yf5KsfUbCORyLGpEj
10,4ibvd9quldF0rV7YRah0DO,Fool's Gold,Aaron Carter,LØVË,favorites_archive,130.00,218.00,70.00,69.00,79.00,4A,2,2026-07-18T05:18:33.201Z,https://open.spotify.com/track/4ibvd9quldF0rV7YRah0DO
11,1GztqCrCuLKpoZyzUXCd5i,Hard To LøVë,Aaron Carter,LØVË,skip_for_now,128.00,192.00,67.00,69.00,56.00,10B,2,2026-07-18T05:17:43.573Z,https://open.spotify.com/track/1GztqCrCuLKpoZyzUXCd5i
12,5UKeFkVeUfvP6S43I8s9mt,Jailbreak,AC/DC,'74 Jailbreak,skip_for_now,132.00,200.00,84.00,57.00,59.00,11B,2,2026-07-12T21:38:19.943Z,https://open.spotify.com/track/5UKeFkVeUfvP6S43I8s9mt
13,08mG3Y1vljYA6bvDt4Wqkj,Back In Black,AC/DC,Back In Black,favorites_archive,188.00,177.00,70.00,31.00,76.00,11B,2,2026-07-12T21:36:33.788Z,https://open.spotify.com/track/08mG3Y1vljYA6bvDt4Wqkj
14,69QHm3pustz01CJRwdo20z,Hells Bells,AC/DC,Back In Black,currently_listening,107.00,156.00,87.00,39.00,30.00,9A,2,2026-07-12T21:37:09.145Z,https://open.spotify.com/track/69QHm3pustz01CJRwdo20z
15,2KmSnPWWCIsEomVsKnbE1a,Big Balls,AC/DC,Dirty Deeds Done Dirt Cheap,favorites_archive,107.00,167.00,63.00,62.00,42.00,11B,2,2026-07-12T21:36:16.643Z,https://open.spotify.com/track/2KmSnPWWCIsEomVsKnbE1a
16,2d4e45fmUnguxh6yqC7gNT,Dirty Deeds Done Dirt Cheap,AC/DC,Dirty Deeds Done Dirt Cheap,currently_listening,136.00,209.00,91.00,67.00,51.00,10A,2,2026-07-12T21:36:44.129Z,https://open.spotify.com/track/2d4e45fmUnguxh6yqC7gNT
17,7nemcVsXVFZF01iqpIIo2Y,It's a Long Way to the Top (If You Wanna Rock 'N' Roll),AC/DC,High Voltage,currently_listening,136.00,185.00,86.00,46.00,53.00,5B,2,2026-07-12T21:38:03.040Z,https://open.spotify.com/track/7nemcVsXVFZF01iqpIIo2Y
18,7LRMbd3LEoV5wZJvXT1Lwb,T.N.T,AC/DC,High Voltage,currently_listening,126.00,195.00,76.00,75.00,44.00,11B,2,2026-07-12T21:37:36.564Z,https://open.spotify.com/track/7LRMbd3LEoV5wZJvXT1Lwb
19,6Wn3pdFtAcnYJyJVITwt7N,Girls Got Rhythm,AC/DC,Highway to Hell,favorites_archive,138.00,203.00,98.00,51.00,54.00,9A,2,2026-07-12T21:36:57.222Z,https://open.spotify.com/track/6Wn3pdFtAcnYJyJVITwt7N
20,2zYzyRzz6pRmhPzyfMEC8s,Highway to Hell,AC/DC,Highway to Hell,favorites_archive,116.00,190.00,91.00,57.00,42.00,11A,2,2026-07-12T21:36:01.817Z,https://open.spotify.com/track/2zYzyRzz6pRmhPzyfMEC8s
21,7zscdQe9CjzXnqT3P1Ey7K,If You Want Blood (You've Got It),AC/DC,Highway to Hell,currently_listening,141.00,196.00,93.00,49.00,54.00,10B,2,2026-07-12T21:37:17.310Z,https://open.spotify.com/track/7zscdQe9CjzXnqT3P1Ey7K
22,57bgtoPSgt236HzfBOd8kj,Thunderstruck,AC/DC,The Razors Edge,currently_listening,134.00,165.00,89.00,50.00,26.00,12B,2,2026-07-12T21:37:44.032Z,https://open.spotify.com/track/57bgtoPSgt236HzfBOd8kj
23,2A73XBDBQgmdXO8VsXPWIs,Rumour Has It,Adele,21,currently_listening,120.00,193.00,75.00,61.00,57.00,8B,2,2026-07-13T00:11:23.603Z,https://open.spotify.com/track/2A73XBDBQgmdXO8VsXPWIs
24,6IAQGogKOkE69G7OcXQ28e,Blue Gasoline,Airways,Blue Gasoline,currently_listening,113.00,174.00,64.00,61.00,49.00,9B,2,2026-07-12T00:47:38.607Z,https://open.spotify.com/track/6IAQGogKOkE69G7OcXQ28e
25,0jeJR3LdrC2QJNviq7wjzp,In Cold Blood,alt-J,RELAXER,currently_listening,143.00,184.00,75.00,50.00,59.00,10A,2,2026-07-13T00:28:46.414Z,https://open.spotify.com/track/0jeJR3LdrC2QJNviq7wjzp
26,4mHEAiQ3TqXizTGJEMZrEo,Monroe,Angus & Julia Stone,Monroe,save_for_later,160.00,234.00,62.00,79.00,93.00,5A,2,2026-07-13T00:08:54.727Z,https://open.spotify.com/track/4mHEAiQ3TqXizTGJEMZrEo
27,5iItYl3Q6wCnKVfpK1uNVf,The Suburbs,Arcade Fire,The Suburbs (Deluxe),currently_listening,118.00,185.00,69.00,62.00,54.00,11A,2,2026-07-12T23:59:46.213Z,https://open.spotify.com/track/5iItYl3Q6wCnKVfpK1uNVf
28,7nzsY8vlnKdvGOEE0rjAXZ,Arabella,Arctic Monkeys,AM,favorites_archive,180.00,165.00,56.00,58.00,51.00,10B,2,2026-07-18T05:01:08.919Z,https://open.spotify.com/track/7nzsY8vlnKdvGOEE0rjAXZ
29,5FVd6KXrgO9B3JPmC8OPst,Do I Wanna Know,Arctic Monkeys,AM,favorites_archive,85.00,149.00,53.00,55.00,41.00,7B,2,2026-07-12T06:49:52.482Z,https://open.spotify.com/track/5FVd6KXrgO9B3JPmC8OPst
30,4atMrAadB7dS8xn9vfk9PQ,Fireside,Arctic Monkeys,AM,favorites_archive,100.00,223.00,95.00,54.00,74.00,8A,2,2026-07-18T05:01:15.030Z,https://open.spotify.com/track/4atMrAadB7dS8xn9vfk9PQ
31,5XeFesFbtLpXzIVDNQP22n,I Wanna Be Yours,Arctic Monkeys,AM,favorites_archive,68.00,136.00,42.00,46.00,48.00,5A,2,2026-07-18T05:01:22.492Z,https://open.spotify.com/track/5XeFesFbtLpXzIVDNQP22n
32,2LGdO5MtFdyphi2EihANZG,Knee Socks,Arctic Monkeys,AM,favorites_archive,98.00,180.00,54.00,67.00,59.00,10A,2,2026-07-18T05:01:40.723Z,https://open.spotify.com/track/2LGdO5MtFdyphi2EihANZG
33,5TTGoX70AFrTvuEtqHK37S,No. 1 Party Anthem,Arctic Monkeys,AM,currently_listening,115.00,181.00,70.00,51.00,60.00,8B,2,2026-07-18T05:02:01.820Z,https://open.spotify.com/track/5TTGoX70AFrTvuEtqHK37S
34,6wNUBZNWFxdUGof6vkaykE,One For The Road,Arctic Monkeys,AM,favorites_archive,180.00,193.00,67.00,42.00,84.00,8B,2,2026-07-18T05:02:07.306Z,https://open.spotify.com/track/6wNUBZNWFxdUGof6vkaykE
35,2AT8iROs4FQueDv2c8q2KE,R U Mine,Arctic Monkeys,AM,favorites_archive,97.00,167.00,76.00,29.00,62.00,11A,2,2026-07-18T05:02:11.644Z,https://open.spotify.com/track/2AT8iROs4FQueDv2c8q2KE
36,0NdTUS4UiNYCNn5FgVqKQY,Snap Out Of It,Arctic Monkeys,AM,favorites_archive,130.00,224.00,64.00,73.00,87.00,4A,2,2026-07-13T00:09:24.151Z,https://open.spotify.com/track/0NdTUS4UiNYCNn5FgVqKQY
37,086myS9r57YsLbJpU0TgK9,Why'd You Only Call Me When You're High,Arctic Monkeys,AM,favorites_archive,92.00,212.00,63.00,69.00,80.00,10B,2,2026-07-18T05:02:16.189Z,https://open.spotify.com/track/086myS9r57YsLbJpU0TgK9
38,58ge6dfP91o9oXMzq3XkIS,505,Arctic Monkeys,Favourite Worst Nightmare (Standard Version),skip_for_now,140.00,160.00,85.00,52.00,23.00,8B,2,2026-07-13T00:40:26.123Z,https://open.spotify.com/track/58ge6dfP91o9oXMzq3XkIS
39,7HXzuAd8UNJj2yCAS0NWbB,Opening Night,"Arctic Monkeys,War Child Records",Opening Night,currently_listening,123.00,183.00,46.00,77.00,60.00,8B,2,2026-07-13T00:28:34.652Z,https://open.spotify.com/track/7HXzuAd8UNJj2yCAS0NWbB
40,63y6xWR4gXz7bnUGOk8iI6,Into You,Ariana Grande,Dangerous Woman,favorites_archive,108.00,172.00,73.00,62.00,37.00,11B,2,2026-07-18T04:51:57.655Z,https://open.spotify.com/track/63y6xWR4gXz7bnUGOk8iI6
41,1akgiRM3mN2nxu2AX6ACCW,I Love College,Asher Roth,Asleep In The Bread Aisle,skip_for_now,86.00,220.00,83.00,71.00,66.00,4B,2,2026-07-18T04:37:59.913Z,https://open.spotify.com/track/1akgiRM3mN2nxu2AX6ACCW
42,0wDEiGfq4pw7FAkYKpkwMo,Trojans,Atlas Genius,When It Was Now,skip_for_now,140.00,208.00,82.00,72.00,54.00,9B,2,2026-07-18T04:52:19.743Z,https://open.spotify.com/track/0wDEiGfq4pw7FAkYKpkwMo
43,0Y0opRUBGuBOh7sogywclY,Dust,Augustana,"Can't Love, Can't Hurt",currently_listening,146.00,151.00,63.00,38.00,50.00,10A,2,2026-07-12T01:07:50.108Z,https://open.spotify.com/track/0Y0opRUBGuBOh7sogywclY
44,2NvnY0snMQqVMBWSJ6QjL2,Poisonous Kisses,Avi on Fire,Win,skip_for_now,138.00,195.00,79.00,55.00,61.00,4A,2,2026-07-18T04:37:59.883Z,https://open.spotify.com/track/2NvnY0snMQqVMBWSJ6QjL2
45,6RSVgjjYRtKg4FDyx2Lj1u,The Best,AWOLNATION,Angel Miners & The Lightning Riders,currently_listening,111.00,156.00,87.00,64.00,5.00,7A,2,2026-07-12T23:59:13.320Z,https://open.spotify.com/track/6RSVgjjYRtKg4FDyx2Lj1u
46,31hUonEmUsEVd0FMRv1s5r,Not Your Fault,AWOLNATION,Megalithic Symphony,currently_listening,144.00,197.00,74.00,59.00,64.00,7B,2,2026-07-12T00:48:29.913Z,https://open.spotify.com/track/31hUonEmUsEVd0FMRv1s5r
47,57UIoWO4bNtnrTRXHvHfbL,Jailbreak,AWOLNATION,Run,currently_listening,111.00,166.00,40.00,78.00,48.00,4A,2,2026-07-12T23:58:38.007Z,https://open.spotify.com/track/57UIoWO4bNtnrTRXHvHfbL
48,2g6zbVqZvnc1dk6cYUhr5g,Ray Bands,B.o.B,Strange Clouds,save_for_later,150.00,205.00,82.00,74.00,49.00,3B,2,2026-07-19T22:57:52.960Z,https://open.spotify.com/track/2g6zbVqZvnc1dk6cYUhr5g
49,28GUjBGqZVcAV4PHSYzkj2,So Good,B.o.B,Strange Clouds,skip_for_now,86.00,215.00,90.00,66.00,59.00,9B,2,2026-07-19T22:57:52.959Z,https://open.spotify.com/track/28GUjBGqZVcAV4PHSYzkj2
50,0yQw3d0iQDjMrxaVHFv77J,Strange Clouds (feat. Lil Wayne),"B.o.B,Lil Wayne",Strange Clouds,skip_for_now,74.00,200.00,67.00,53.00,80.00,1A,2,2026-07-19T22:57:52.958Z,https://open.spotify.com/track/0yQw3d0iQDjMrxaVHFv77J
51,1sSNrDbb7hEptYOXaiOnUm,Climbing the Walls,Backstreet Boys,Never Gone,favorites_archive,91.00,159.00,87.00,49.00,23.00,7B,2,2026-07-12T06:31:47.779Z,https://open.spotify.com/track/1sSNrDbb7hEptYOXaiOnUm
52,5TFD2bmFKGhoCRbX61nXY5,NUEVAYoL,Bad Bunny,DeBÍ TiRAR MáS FOToS,favorites_archive,138.00,46.00,20.00,14.00,12.00,2B,2,2026-07-13T00:39:46.983Z,https://open.spotify.com/track/5TFD2bmFKGhoCRbX61nXY5
53,1IHWl5LamUGEuP4ozKQSXZ,Tití Me Preguntó,Bad Bunny,Un Verano Sin Ti,favorites_archive,107.00,156.00,72.00,65.00,19.00,4A,2,2026-07-13T00:34:24.312Z,https://open.spotify.com/track/1IHWl5LamUGEuP4ozKQSXZ
54,0QVqdSLCPskZiJpcYQTgvi,Family,Badflower,Family,currently_listening,150.00,169.00,67.00,61.00,41.00,2A,2,2026-07-13T00:23:38.884Z,https://open.spotify.com/track/0QVqdSLCPskZiJpcYQTgvi
55,7yT4NJt5rgmVoMJMGPULcj,Backseat,Balu Brigada,Backseat,favorites_archive,126.00,138.00,81.00,35.00,22.00,3B,2,2026-07-13T00:12:42.845Z,https://open.spotify.com/track/7yT4NJt5rgmVoMJMGPULcj
56,2SGyf0hCuB81F85cHXuRjl,So Cold,Balu Brigada,Portal,currently_listening,111.00,222.00,77.00,66.00,79.00,3A,2,2026-07-13T00:12:34.236Z,https://open.spotify.com/track/2SGyf0hCuB81F85cHXuRjl
57,4PvD06Pmbm2rHG2JjSlElF,Beggin For Thread,BANKS,Goddess (Deluxe),favorites_archive,108.00,170.00,70.00,60.00,40.00,4A,2,2026-07-13T00:30:09.178Z,https://open.spotify.com/track/4PvD06Pmbm2rHG2JjSlElF
58,5EAIvJhrfTJJEc0JH5q8m7,Drowning,BANKS,Goddess (Deluxe),favorites_archive,162.00,121.00,60.00,30.00,31.00,10A,2,2026-07-18T04:37:59.924Z,https://open.spotify.com/track/5EAIvJhrfTJJEc0JH5q8m7
59,3twEx52dboO1CqWu5x1i2h,Fire,Barns Courtney,Fire,skip_for_now,108.00,164.00,64.00,55.00,45.00,3A,2,2026-07-18T04:37:59.916Z,https://open.spotify.com/track/3twEx52dboO1CqWu5x1i2h
60,2a49PgBuO22WcmKaR3qcYJ,Satisfaction,Bay Rays,Satisfaction,skip_for_now,135.00,172.00,86.00,37.00,49.00,9B,2,2026-07-18T04:37:59.928Z,https://open.spotify.com/track/2a49PgBuO22WcmKaR3qcYJ
61,4E3DhWlhgxDUCUIGeLIRV6,Floor It,Bear Hands,The Key to What,currently_listening,132.00,227.00,72.00,76.00,79.00,4B,2,2026-07-12T01:06:38.269Z,https://open.spotify.com/track/4E3DhWlhgxDUCUIGeLIRV6
62,6X3dsWYaXWhU5zdGj0p21G,Intrusive Thoughts,Bear Hands,The Key to What,currently_listening,130.00,221.00,74.00,75.00,72.00,7B,2,2026-07-13T00:16:03.672Z,https://open.spotify.com/track/6X3dsWYaXWhU5zdGj0p21G
63,4ZJPwET9Jrgpkqi4Vo3Yg8,Bad Bitch,"Bebe Rexha,Ty Dolla $ign",All Your Fault: Pt. 1,skip_for_now,140.00,165.00,62.00,66.00,37.00,7B,2,2026-07-18T04:51:26.359Z,https://open.spotify.com/track/4ZJPwET9Jrgpkqi4Vo3Yg8
64,5PntSbMHC1ud6Vvl8x56qd,Loser,Beck,Mellow Gold,currently_listening,85.00,205.00,61.00,65.00,79.00,10B,2,2026-07-13T00:56:17.942Z,https://open.spotify.com/track/5PntSbMHC1ud6Vvl8x56qd
65,6fq5GyXeT7kfzkK97b9rGC,Better to Lie,"benny blanco,Jesse®,Swae Lee",FRIENDS KEEP SECRETS,skip_for_now,155.00,194.00,62.00,77.00,55.00,3A,2,2026-07-18T05:17:43.574Z,https://open.spotify.com/track/6fq5GyXeT7kfzkK97b9rGC
66,4fP1WFi8WFquf6YzOwsi3f,Dope,Beware Of Darkness,Dope,favorites_archive,204.00,194.00,68.00,51.00,75.00,2A,2,2026-07-18T04:37:59.923Z,https://open.spotify.com/track/4fP1WFi8WFquf6YzOwsi3f
67,5ogtb9bGQoH8CjZNxmbNHR,Huggin & Kissin,Big Black Delta,Big Black Delta (Deluxe),skip_for_now,136.00,158.00,94.00,26.00,38.00,8B,2,2026-07-18T05:17:43.612Z,https://open.spotify.com/track/5ogtb9bGQoH8CjZNxmbNHR
68,5VKQzU9v4siYcZMoAKrWwO,The Fire,Bishop Briggs,Bishop Briggs,skip_for_now,96.00,153.00,50.00,62.00,41.00,3A,2,2026-07-18T04:37:59.906Z,https://open.spotify.com/track/5VKQzU9v4siYcZMoAKrWwO
69,1gxc1dIYLmSS2sxMm8BYNj,Woman Is King,Bishop Briggs,Tell My Therapist I'm Fine (Deluxe),favorites_archive,149.00,173.00,67.00,61.00,45.00,9A,2,2026-07-13T00:28:12.940Z,https://open.spotify.com/track/1gxc1dIYLmSS2sxMm8BYNj
70,4vGKLADQksmUcPAVHu7oab,Yours Forever (feat. Matt Maeson),"Bishop Briggs,Matt Maeson",Yours Forever (feat. Matt Maeson),save_for_later,143.00,131.00,57.00,49.00,25.00,6A,2,2026-07-13T00:31:01.185Z,https://open.spotify.com/track/4vGKLADQksmUcPAVHu7oab
71,6eO78rJBtNGmKDdVS0USVT,Heat Stroke,Black Math,Black Math,favorites_archive,120.00,182.00,85.00,73.00,24.00,4B,2,2026-07-12T20:40:04.168Z,https://open.spotify.com/track/6eO78rJBtNGmKDdVS0USVT
72,5UiwpYH8hfVR6CAvzzrP7B,High Horse,Black Pistol Fire,Flagrant Act of Bliss,currently_listening,80.00,201.00,69.00,63.00,69.00,3B,2,2026-07-13T00:04:00.692Z,https://open.spotify.com/track/5UiwpYH8hfVR6CAvzzrP7B
73,2WQAknZHrJAEQOFXe0F44P,Austin,Blake Shelton,Blake Shelton,favorites_archive,120.00,150.00,61.00,61.00,28.00,9B,2,2026-07-12T20:17:32.557Z,https://open.spotify.com/track/2WQAknZHrJAEQOFXe0F44P
74,6EE19skJ32p58xihYj2Waa,She's Out Of Her Mind,blink-182,California,skip_for_now,180.00,203.00,97.00,45.00,61.00,8B,2,2026-07-18T04:51:26.355Z,https://open.spotify.com/track/6EE19skJ32p58xihYj2Waa
75,3XHrTm6WE2BOHafLwTT3GR,Eyes on Fire,Blue Foundation,Life Of A Ghost,favorites_archive,145.00,129.00,38.00,54.00,37.00,2A,2,2026-07-12T19:36:45.819Z,https://open.spotify.com/track/3XHrTm6WE2BOHafLwTT3GR
76,4mbscHErDrJvBYZNRNjeSj,Hate Me,Blue October,Foiled,favorites_archive,93.00,134.00,69.00,46.00,19.00,9A,2,2026-07-12T20:09:01.541Z,https://open.spotify.com/track/4mbscHErDrJvBYZNRNjeSj
77,6NDt5z8GKIHub37hBQ4x18,Tearing Me Up,Bob Moses,Days Gone By,currently_listening,115.00,127.00,40.00,71.00,16.00,8B,2,2026-07-13T00:36:58.526Z,https://open.spotify.com/track/6NDt5z8GKIHub37hBQ4x18
78,39PrQCuTLOgApfoGPKDdnc,Tearing Me Up - Radio Edit,Bob Moses,Tearing Me Up (Radio Edit),skip_for_now,115.00,133.00,49.00,68.00,16.00,9B,2,2026-07-18T04:37:59.864Z,https://open.spotify.com/track/39PrQCuTLOgApfoGPKDdnc
79,1VrfLrBviw9A6JzRoo3t2C,Total Eclipse of the Heart,Bonnie Tyler,Faster Than the Speed of Night,favorites_archive,131.00,115.00,51.00,44.00,20.00,4B,2,2026-07-18T05:20:21.853Z,https://open.spotify.com/track/1VrfLrBviw9A6JzRoo3t2C
80,6Bj6CdIxDsBIQjDPsElCTs,Little Numbers - Acoustic Version,BOY,Mutual Friends Acoustic EP,skip_for_now,96.00,195.00,48.00,64.00,83.00,1B,2,2026-07-18T01:03:51.374Z,https://open.spotify.com/track/6Bj6CdIxDsBIQjDPsElCTs
81,1Z4bpgy49F5P9mQrp29OVK,Locked In A Cage,Brick + Mortar,Bangs,currently_listening,83.00,176.00,84.00,56.00,36.00,7B,2,2026-07-12T21:27:15.288Z,https://open.spotify.com/track/1Z4bpgy49F5P9mQrp29OVK
82,1lK5iIMKifrxERzS3iimJH,Breathe on Me,Britney Spears,In The Zone,favorites_archive,112.00,184.00,56.00,71.00,57.00,4A,2,2026-07-18T04:51:26.387Z,https://open.spotify.com/track/1lK5iIMKifrxERzS3iimJH
83,7FknJlzX8D9UlVLzrF7gWb,Turbulence,Broken Hands,Turbulence,skip_for_now,143.00,138.00,78.00,43.00,17.00,12A,2,2026-07-18T04:37:59.913Z,https://open.spotify.com/track/7FknJlzX8D9UlVLzrF7gWb
84,5vmRQ3zELMLUQPo2FLQ76x,Smalltown Boy,Bronski Beat,The Age of Consent,favorites_archive,135.00,221.00,58.00,69.00,94.00,4A,2,2026-07-12T21:43:14.942Z,https://open.spotify.com/track/5vmRQ3zELMLUQPo2FLQ76x
85,7vOLJwP5O0woITaIQWOoUX,Why,Bronski Beat,The Age of Consent,favorites_archive,138.00,196.00,78.00,57.00,61.00,4A,2,2026-07-12T21:43:21.200Z,https://open.spotify.com/track/7vOLJwP5O0woITaIQWOoUX
86,4XaButfzRGK9aK8NN28Ie0,Horns,Bryce Fox,Horns,favorites_archive,156.00,157.00,75.00,49.00,33.00,2B,2,2026-07-18T05:17:43.601Z,https://open.spotify.com/track/4XaButfzRGK9aK8NN28Ie0
87,20TOJbuP4XyGBEFbwB8Vbm,Beaches In Tennessee,Cage The Elephant,Beaches In Tennessee,currently_listening,114.00,221.00,91.00,68.00,62.00,9A,2,2026-07-19T22:57:52.863Z,https://open.spotify.com/track/20TOJbuP4XyGBEFbwB8Vbm
88,1HrMWH5GUdK6Yi94rbANJA,Cola,"CamelPhat,Elderbrook",Cola,favorites_archive,122.00,189.00,74.00,71.00,44.00,2B,2,2026-07-18T05:17:43.611Z,https://open.spotify.com/track/1HrMWH5GUdK6Yi94rbANJA
89,1Yi8XPnCPoimWwqxwm3uz9,Longshot,Catfish and the Bottlemen,Longshot,favorites_archive,103.00,172.00,77.00,48.00,47.00,9B,2,2026-07-18T05:17:43.569Z,https://open.spotify.com/track/1Yi8XPnCPoimWwqxwm3uz9
90,1Au3FoCGdYXtecmFc5s2l1,Coincide,Catfish and the Bottlemen,The Balance,favorites_archive,140.00,180.00,86.00,50.00,44.00,11A,2,2026-07-13T00:27:01.041Z,https://open.spotify.com/track/1Au3FoCGdYXtecmFc5s2l1
91,21slhimb1blAmvpjq0l8rh,Conversation,Catfish and the Bottlemen,The Balance,favorites_archive,99.00,174.00,89.00,50.00,35.00,1B,2,2026-07-13T00:25:01.073Z,https://open.spotify.com/track/21slhimb1blAmvpjq0l8rh
92,3LirkthakHFNj98PIO9oan,Mission,Catfish and the Bottlemen,The Balance,favorites_archive,128.00,165.00,84.00,40.00,41.00,1A,2,2026-07-13T00:24:25.168Z,https://open.spotify.com/track/3LirkthakHFNj98PIO9oan
93,1B241LRKmK6qDDTZfUajmm,Cocoon,Catfish and the Bottlemen,The Balcony,favorites_archive,133.00,169.00,91.00,45.00,33.00,6A,2,2026-07-18T04:51:26.362Z,https://open.spotify.com/track/1B241LRKmK6qDDTZfUajmm
94,5ykbOijJEfRhuo2Td1m0Qd,7,Catfish and the Bottlemen,The Ride,favorites_archive,155.00,152.00,71.00,53.00,28.00,6B,2,2026-07-12T04:38:34.978Z,https://open.spotify.com/track/5ykbOijJEfRhuo2Td1m0Qd
95,1kDc700KN1jUerY6t09FNm,Oxygen,Catfish and the Bottlemen,The Ride,currently_listening,125.00,159.00,84.00,47.00,28.00,12A,2,2026-07-12T01:05:55.622Z,https://open.spotify.com/track/1kDc700KN1jUerY6t09FNm
96,6ThVbNunEIjQxRNn0gk6Yg,Red,Catfish and the Bottlemen,The Ride,currently_listening,135.00,156.00,85.00,54.00,17.00,6A,2,2026-07-12T01:00:46.874Z,https://open.spotify.com/track/6ThVbNunEIjQxRNn0gk6Yg
97,6aBmVhShJV8rY9YAh4xxo6,Shadow On The Sea,CHAMPS,The Hard Interchange,currently_listening,110.00,245.00,81.00,83.00,81.00,9A,2,2026-07-12T01:06:16.689Z,https://open.spotify.com/track/6aBmVhShJV8rY9YAh4xxo6
98,4iLqG9SeJSnt0cSPICSjxv,Attention,Charlie Puth,Attention,skip_for_now,100.00,218.00,63.00,77.00,78.00,2A,2,2026-07-18T04:37:59.933Z,https://open.spotify.com/track/4iLqG9SeJSnt0cSPICSjxv
99,65eRcjlStTnk8opG5eIQ8Z,25 or 6 to 4,Chicago,Chicago IX: Chicago's Greatest Hits,skip_for_now,148.00,225.00,87.00,61.00,77.00,9B,2,2026-07-19T22:57:52.895Z,https://open.spotify.com/track/65eRcjlStTnk8opG5eIQ8Z
100,5j4hSQH0KaAc8f6cimnXIT,Fire Away,Chris Stapleton,Traveller,favorites_archive,116.00,104.00,30.00,56.00,18.00,11B,2,2026-07-12T20:39:45.849Z,https://open.spotify.com/track/5j4hSQH0KaAc8f6cimnXIT
101,4ODBthPIrDroujDxRS7cWu,GREAT LAKES,cleopatrick,BUMMER,currently_listening,75.00,176.00,79.00,45.00,52.00,2B,2,2026-07-12T00:57:56.210Z,https://open.spotify.com/track/4ODBthPIrDroujDxRS7cWu
102,35Bv4QuokBrmWya208VcK2,SCARING ME,cleopatrick,DOOM,currently_listening,135.00,139.00,66.00,59.00,14.00,12A,2,2026-07-12T01:02:56.176Z,https://open.spotify.com/track/35Bv4QuokBrmWya208VcK2
103,1nUC2uuKUl49tDwQ1m4A1J,BURNER PHONE,cleopatrick,SCRAP,currently_listening,136.00,181.00,91.00,44.00,46.00,9A,2,2026-07-12T00:50:09.565Z,https://open.spotify.com/track/1nUC2uuKUl49tDwQ1m4A1J
104,1b91Hfg3v9vxqkAxRZCSEc,The Way It Was,Coast Modern,The Way It Was,currently_listening,80.00,199.00,75.00,60.00,64.00,12B,2,2026-07-18T04:37:59.917Z,https://open.spotify.com/track/1b91Hfg3v9vxqkAxRZCSEc
105,5fP4gyPutyvVQ6Vx2vjyAZ,Can We Hang On,Cold War Kids,Can We Hang On ?,skip_for_now,75.00,174.00,76.00,53.00,45.00,10B,2,2026-07-18T04:37:59.892Z,https://open.spotify.com/track/5fP4gyPutyvVQ6Vx2vjyAZ
106,5aramQ0GUxy5EMs7XI94GP,Hospital Beds - Live Rising,Cold War Kids,Hospital Beds (Live Rising),skip_for_now,98.00,140.00,48.00,45.00,47.00,12B,2,2026-07-13T00:54:29.486Z,https://open.spotify.com/track/5aramQ0GUxy5EMs7XI94GP
107,3IXRdLsQib8m0hBbQpe7T8,Hang Me Up To Dry,Cold War Kids,Robbers & Cowards,favorites_archive,93.00,208.00,92.00,51.00,65.00,8A,2,2026-07-19T23:29:09.362Z,https://open.spotify.com/track/3IXRdLsQib8m0hBbQpe7T8
108,4Zhnwb8jvP09aIRAzQMG08,Hospital Beds,Cold War Kids,Robbers & Cowards,currently_listening,96.00,134.00,67.00,54.00,13.00,11B,2,2026-07-19T22:57:52.875Z,https://open.spotify.com/track/4Zhnwb8jvP09aIRAzQMG08
109,5aJiAeG0x2dxYeE7ac2xhl,So Tied Up,"Cold War Kids,Bishop Briggs",So Tied Up,skip_for_now,105.00,233.00,90.00,59.00,84.00,5A,2,2026-07-18T04:37:59.878Z,https://open.spotify.com/track/5aJiAeG0x2dxYeE7ac2xhl
110,4I1P0QQcNEaWXstahyUaPp,Universal Mind Control (UMC),Common,Go! Common Classics,currently_listening,120.00,249.00,90.00,85.00,74.00,3B,2,2026-07-19T22:57:52.903Z,https://open.spotify.com/track/4I1P0QQcNEaWXstahyUaPp
111,5DiXcVovI0FcY2s0icWWUu,Mr. Jones,Counting Crows,August And Everything After,favorites_archive,142.00,213.00,82.00,58.00,73.00,8B,2,2026-07-18T05:17:43.630Z,https://open.spotify.com/track/5DiXcVovI0FcY2s0icWWUu
112,3qsLiIMrQAq12sY3kWAoWm,Low Life,Crobot,Motherbrain,skip_for_now,76.00,222.00,91.00,55.00,76.00,2B,2,2026-07-18T04:56:11.489Z,https://open.spotify.com/track/3qsLiIMrQAq12sY3kWAoWm
113,2YB7LLj8xZcd4pDs0UBM6i,Don't Speak,Culture Wars,Don't Speak,currently_listening,154.00,177.00,90.00,40.00,47.00,1A,2,2026-07-13T00:06:27.145Z,https://open.spotify.com/track/2YB7LLj8xZcd4pDs0UBM6i
114,1NOjGNiE6rh8ybXW182pCh,Typical Ways,Culture Wars,Typical Ways,currently_listening,123.00,243.00,74.00,72.00,97.00,4A,2,2026-07-13T00:24:07.939Z,https://open.spotify.com/track/1NOjGNiE6rh8ybXW182pCh
115,1zZcEoMG3ZEUU6hEPyPXh5,Candles,Daughter,His Young Heart EP,favorites_archive,156.00,102.00,46.00,41.00,15.00,2B,2,2026-07-18T01:43:52.453Z,https://open.spotify.com/track/1zZcEoMG3ZEUU6hEPyPXh5
116,7bQfNecR1k52fPVQiZq0dJ,Landfill,Daughter,His Young Heart EP,favorites_archive,126.00,153.00,49.00,61.00,43.00,10A,2,2026-07-18T02:04:22.357Z,https://open.spotify.com/track/7bQfNecR1k52fPVQiZq0dJ
117,20aDJhWpujO3SaS11eZ3PW,Amsterdam,Daughter,If You Leave,skip_for_now,131.00,133.00,49.00,60.00,24.00,8A,2,2026-07-18T01:43:52.463Z,https://open.spotify.com/track/20aDJhWpujO3SaS11eZ3PW
118,0RHCkpiQtUcC6aEhjhLL1D,Human,Daughter,If You Leave,skip_for_now,160.00,193.00,86.00,51.00,56.00,3B,2,2026-07-18T01:43:52.461Z,https://open.spotify.com/track/0RHCkpiQtUcC6aEhjhLL1D
119,1WHo8i7PAnlk6EElCRUhuQ,Lifeforms,Daughter,If You Leave,skip_for_now,154.00,68.00,24.00,38.00,6.00,10A,2,2026-07-18T01:43:52.460Z,https://open.spotify.com/track/1WHo8i7PAnlk6EElCRUhuQ
120,1drUAdX3NY4dTieuxdedLY,Smother,Daughter,If You Leave,favorites_archive,125.00,77.00,14.00,51.00,12.00,3B,2,2026-07-18T02:04:22.358Z,https://open.spotify.com/track/1drUAdX3NY4dTieuxdedLY
121,6Ge8hGFQucHiGmy9BZbMQj,Still,Daughter,If You Leave,favorites_archive,115.00,104.00,40.00,49.00,15.00,9A,2,2026-07-18T01:43:52.459Z,https://open.spotify.com/track/6Ge8hGFQucHiGmy9BZbMQj
122,16BwvRjOxOmLKXVPmNjNDT,Tomorrow,Daughter,If You Leave,skip_for_now,129.00,90.00,44.00,27.00,19.00,10A,2,2026-07-18T01:43:52.460Z,https://open.spotify.com/track/16BwvRjOxOmLKXVPmNjNDT
123,3aOcEH9JUJoi5lGAYW9Wsf,Touch,Daughter,If You Leave,favorites_archive,144.00,90.00,46.00,26.00,18.00,6A,2,2026-07-18T01:43:52.462Z,https://open.spotify.com/track/3aOcEH9JUJoi5lGAYW9Wsf
124,35qDBpLRDvhz0az6Ib0hw4,Winter,Daughter,If You Leave,currently_listening,119.00,136.00,58.00,56.00,22.00,4A,2,2026-07-18T02:05:37.540Z,https://open.spotify.com/track/35qDBpLRDvhz0az6Ib0hw4
125,1vyrrrnb7182SL6iOMor3O,Youth,Daughter,If You Leave,favorites_archive,147.00,131.00,54.00,40.00,37.00,8B,2,2026-07-18T02:04:22.359Z,https://open.spotify.com/track/1vyrrrnb7182SL6iOMor3O
126,1I1Ujc1QLzEgJCxyDXmHmr,A Hole In The Earth,Daughter,Music From Before The Storm,favorites_archive,85.00,117.00,56.00,43.00,18.00,8B,2,2026-07-18T01:43:52.486Z,https://open.spotify.com/track/1I1Ujc1QLzEgJCxyDXmHmr
127,0grO1Y8vkaJqWu4im2fZy2,All I Wanted,Daughter,Music From Before The Storm,favorites_archive,166.00,81.00,19.00,51.00,11.00,3B,2,2026-07-18T01:43:52.482Z,https://open.spotify.com/track/0grO1Y8vkaJqWu4im2fZy2
128,3gtL2E6j0vJb1LLtkphfMm,Burn It Down,Daughter,Music From Before The Storm,currently_listening,98.00,140.00,73.00,46.00,21.00,12A,2,2026-07-18T01:43:52.475Z,https://open.spotify.com/track/3gtL2E6j0vJb1LLtkphfMm
129,5I25m3L32KCpo7WNdBSNL3,Flaws,Daughter,Music From Before The Storm,skip_for_now,129.00,79.00,39.00,36.00,4.00,9B,2,2026-07-18T01:43:52.476Z,https://open.spotify.com/track/5I25m3L32KCpo7WNdBSNL3
130,2zfeZ4DJBn5uqbnaVyqYmS,Glass,Daughter,Music From Before The Storm,skip_for_now,112.00,103.00,52.00,45.00,6.00,10B,2,2026-07-18T01:43:52.474Z,https://open.spotify.com/track/2zfeZ4DJBn5uqbnaVyqYmS
131,6J6J9y7uKkdoLbKTCerX91,Hope,Daughter,Music From Before The Storm,skip_for_now,95.00,101.00,60.00,35.00,6.00,11B,2,2026-07-18T01:43:52.477Z,https://open.spotify.com/track/6J6J9y7uKkdoLbKTCerX91
132,1ziAdbTzyLDOLbLU7XSIJW,The Right Way Around,Daughter,Music From Before The Storm,skip_for_now,132.00,116.00,30.00,61.00,25.00,3B,2,2026-07-18T01:43:52.477Z,https://open.spotify.com/track/1ziAdbTzyLDOLbLU7XSIJW
133,6JR4oAmtvyMyitscEqJet2,Witches,Daughter,Music From Before The Storm,currently_listening,131.00,90.00,39.00,43.00,8.00,8A,2,2026-07-18T01:43:52.480Z,https://open.spotify.com/track/6JR4oAmtvyMyitscEqJet2
134,60wP3TZcl0sOFVfWrbADui,Not Enough,Daughter,Not Enough,favorites_archive,77.00,184.00,66.00,53.00,65.00,8B,2,2026-07-18T01:46:07.272Z,https://open.spotify.com/track/60wP3TZcl0sOFVfWrbADui
135,4FUeeRJtq9auvjKm1za40S,Alone / With You,Daughter,Not To Disappear,favorites_archive,81.00,145.00,54.00,45.00,46.00,10A,2,2026-07-18T01:43:52.469Z,https://open.spotify.com/track/4FUeeRJtq9auvjKm1za40S
136,2X8DqCikgiVk3214hbHEpz,Doing The Right Thing,Daughter,Not To Disappear,favorites_archive,136.00,118.00,65.00,41.00,12.00,5A,2,2026-07-18T01:43:52.466Z,https://open.spotify.com/track/2X8DqCikgiVk3214hbHEpz
137,0WXqirpUQC71A7BpoHBd20,Fossa,Daughter,Not To Disappear,currently_listening,176.00,110.00,81.00,16.00,13.00,9B,2,2026-07-18T02:04:22.364Z,https://open.spotify.com/track/0WXqirpUQC71A7BpoHBd20
138,7IvZkmjsAW9t2QutuajQmo,How,Daughter,Not To Disappear,skip_for_now,160.00,121.00,64.00,26.00,31.00,10B,2,2026-07-18T01:43:52.468Z,https://open.spotify.com/track/7IvZkmjsAW9t2QutuajQmo
139,2pqbYs6WujMwox9pQiePDC,Made Of Stone,Daughter,Not To Disappear,skip_for_now,81.00,58.00,33.00,17.00,8.00,10B,2,2026-07-18T01:43:52.473Z,https://open.spotify.com/track/2pqbYs6WujMwox9pQiePDC
140,5IPsPU8j0JENW8rDyPErdl,Mothers,Daughter,Not To Disappear,favorites_archive,136.00,96.00,45.00,37.00,14.00,10B,2,2026-07-18T02:05:10.689Z,https://open.spotify.com/track/5IPsPU8j0JENW8rDyPErdl
141,6SIwsg4DZx79ECsFgl6Xje,New Ways,Daughter,Not To Disappear,currently_listening,114.00,111.00,51.00,45.00,15.00,10B,2,2026-07-18T02:04:22.361Z,https://open.spotify.com/track/6SIwsg4DZx79ECsFgl6Xje
142,26Ggcaz8arFAehpsfFTiRj,No Care,Daughter,Not To Disappear,skip_for_now,162.00,199.00,95.00,44.00,60.00,4A,2,2026-07-18T01:43:52.470Z,https://open.spotify.com/track/26Ggcaz8arFAehpsfFTiRj
143,05jFhbrKpgEOURy9gkWRTa,Numbers,Daughter,Not To Disappear,currently_listening,130.00,129.00,76.00,27.00,26.00,11A,2,2026-07-18T02:04:22.362Z,https://open.spotify.com/track/05jFhbrKpgEOURy9gkWRTa
144,61WG9Kz4xn03UrDkvg4vzN,To Belong,Daughter,Not To Disappear,skip_for_now,99.00,145.00,81.00,23.00,41.00,4A,2,2026-07-18T01:43:52.471Z,https://open.spotify.com/track/61WG9Kz4xn03UrDkvg4vzN
145,7la7uGsVc8YVnOWPmQyEcz,Run,Daughter,Smother,favorites_archive,92.00,117.00,40.00,51.00,26.00,6A,2,2026-07-18T01:43:52.479Z,https://open.spotify.com/track/7la7uGsVc8YVnOWPmQyEcz
146,2fgMcXCUP0yf2pXOAmYXRB,(Missed Calls),Daughter,Stereo Mind Game,skip_for_now,69.00,81.00,23.00,41.00,17.00,3B,2,2026-07-18T01:43:52.496Z,https://open.spotify.com/track/2fgMcXCUP0yf2pXOAmYXRB
147,2LadlqFWLPRJAQu3PEe9CN,Be On Your Way,Daughter,Stereo Mind Game,favorites_archive,102.00,127.00,57.00,47.00,23.00,9A,2,2026-07-18T01:43:52.488Z,https://open.spotify.com/track/2LadlqFWLPRJAQu3PEe9CN
148,0FaTDETtzCRxYIf3noMnsF,Dandelion,Daughter,Stereo Mind Game,currently_listening,158.00,178.00,63.00,55.00,60.00,10A,2,2026-07-18T01:43:52.490Z,https://open.spotify.com/track/0FaTDETtzCRxYIf3noMnsF
149,14iMoEpgyNjJ3y7bYJ9TTG,Future Lover,Daughter,Stereo Mind Game,favorites_archive,158.00,212.00,70.00,59.00,83.00,9A,2,2026-07-18T01:43:52.494Z,https://open.spotify.com/track/14iMoEpgyNjJ3y7bYJ9TTG
150,3LKSRV0wMzYTnuGJvwLYrs,Isolation,Daughter,Stereo Mind Game,skip_for_now,95.00,93.00,15.00,61.00,17.00,1B,2,2026-07-18T01:43:52.496Z,https://open.spotify.com/track/3LKSRV0wMzYTnuGJvwLYrs
151,0Gqw2VCa5wtCibC22niG39,Neptune,Daughter,Stereo Mind Game,skip_for_now,84.00,94.00,44.00,37.00,13.00,8A,2,2026-07-18T01:43:52.491Z,https://open.spotify.com/track/0Gqw2VCa5wtCibC22niG39
152,2tLLgIhHr3AFv0etCbjth2,Party,Daughter,Stereo Mind Game,currently_listening,100.00,211.00,60.00,74.00,77.00,4B,2,2026-07-18T01:43:52.489Z,https://open.spotify.com/track/2tLLgIhHr3AFv0etCbjth2
153,3yYPoZq0fsQ6d5iLvraz72,To Rage,Daughter,Stereo Mind Game,skip_for_now,98.00,150.00,60.00,55.00,35.00,10B,2,2026-07-18T01:43:52.497Z,https://open.spotify.com/track/3yYPoZq0fsQ6d5iLvraz72
154,1ygQqVSkR8A9DO5UQrWPqx,The End,Daughter,The End,skip_for_now,129.00,137.00,69.00,47.00,21.00,11B,2,2026-07-18T01:43:52.473Z,https://open.spotify.com/track/1ygQqVSkR8A9DO5UQrWPqx
155,0P42eWQvmNe6I453EkicVo,Home,Daughter,Wild Youth EP,favorites_archive,104.00,135.00,43.00,67.00,25.00,6A,2,2026-07-18T02:04:22.352Z,https://open.spotify.com/track/0P42eWQvmNe6I453EkicVo
156,2r28VvWB0kMA3o4epSlcJG,Love,Daughter,Wild Youth EP,favorites_archive,134.00,117.00,44.00,56.00,17.00,12B,2,2026-07-18T02:04:22.356Z,https://open.spotify.com/track/2r28VvWB0kMA3o4epSlcJG
157,7H8fBamGUheu0DSpp3pj03,Medicine,Daughter,Wild Youth EP,favorites_archive,93.00,77.00,31.00,24.00,22.00,5B,2,2026-07-18T05:08:15.143Z,https://open.spotify.com/track/7H8fBamGUheu0DSpp3pj03
158,54jvLVojOWiQRubRfKmZ2k,.intoodeep,Dead Poet Society,-!- (Deluxe),currently_listening,125.00,177.00,68.00,60.00,49.00,4B,2,2026-07-13T00:22:03.826Z,https://open.spotify.com/track/54jvLVojOWiQRubRfKmZ2k
159,4pEU0NT64oiem9lDT7nuJn,Running In Circles,Dead Poet Society,FISSION,currently_listening,142.00,210.00,84.00,62.00,64.00,5B,2,2026-07-13T00:05:05.420Z,https://open.spotify.com/track/4pEU0NT64oiem9lDT7nuJn
160,3Myb5tcPivRHsoz1jw8GKr,Codes and Keys,Death Cab for Cutie,Codes and Keys,favorites_archive,119.00,191.00,87.00,57.00,47.00,8B,2,2026-07-12T06:34:45.039Z,https://open.spotify.com/track/3Myb5tcPivRHsoz1jw8GKr
161,7DkTneByAopqOjXFG6XlZK,No Room in Frame,Death Cab for Cutie,Kintsugi,favorites_archive,125.00,180.00,72.00,64.00,44.00,12B,2,2026-07-12T06:34:57.790Z,https://open.spotify.com/track/7DkTneByAopqOjXFG6XlZK
162,5iRv1aH4eNai45KfhjtJ6n,When the Love is Gone,Des Rocs,When the Love is Gone,currently_listening,141.00,172.00,81.00,44.00,47.00,9A,2,2026-07-12T00:37:32.646Z,https://open.spotify.com/track/5iRv1aH4eNai45KfhjtJ6n
163,1FDsndZHpeX6Nvv5tzv8rd,Between The Words,"Devault,Matt Maeson",Stay,currently_listening,172.00,156.00,69.00,63.00,24.00,1A,2,2026-07-18T05:17:43.615Z,https://open.spotify.com/track/1FDsndZHpeX6Nvv5tzv8rd
164,6VeZUUTHx67EmtTM4682eA,If You Could Talk,Dexter and The Moonrocks,If You Could Talk,currently_listening,188.00,174.00,62.00,58.00,54.00,3A,2,2026-07-19T22:57:52.874Z,https://open.spotify.com/track/6VeZUUTHx67EmtTM4682eA
165,5Ar7TB13XZYF6sDb6RoyWz,Fish Paste,Die Antwoord,$O$,favorites_archive,95.00,198.00,49.00,87.00,62.00,2B,2,2026-07-13T09:06:03.540Z,https://open.spotify.com/track/5Ar7TB13XZYF6sDb6RoyWz
166,3bd1f4vkL6NMwL4BRV31wA,Ugly Boy,Die Antwoord,Donker Mag,favorites_archive,102.00,210.00,67.00,83.00,60.00,3A,2,2026-07-12T23:57:17.969Z,https://open.spotify.com/track/3bd1f4vkL6NMwL4BRV31wA
167,4B5lSnWRFiJx8XghHeTJhc,ZAMA ZAMA,Die Antwoord,ZAMA ZAMA,currently_listening,175.00,213.00,83.00,76.00,54.00,3B,2,2026-07-12T23:57:03.017Z,https://open.spotify.com/track/4B5lSnWRFiJx8XghHeTJhc
168,2bKhIGdMdcqCqQ2ZhSv5nE,Middle,"DJ Snake,Bipolar Sunshine",Middle,skip_for_now,105.00,151.00,74.00,56.00,21.00,11B,2,2026-07-18T01:03:51.377Z,https://open.spotify.com/track/2bKhIGdMdcqCqQ2ZhSv5nE
169,1tNJrcVe6gwLEiZCtprs1u,3 Nights,Dominic Fike,"Don't Forget About Me, Demos",favorites_archive,152.00,222.00,52.00,82.00,88.00,6A,2,2026-07-18T05:17:43.572Z,https://open.spotify.com/track/1tNJrcVe6gwLEiZCtprs1u
170,1SocftHhtuqF7k83eUhHiz,Babydoll,Dominic Fike,"Don't Forget About Me, Demos",favorites_archive,168.00,221.00,60.00,76.00,85.00,6A,2,2026-07-18T05:17:43.558Z,https://open.spotify.com/track/1SocftHhtuqF7k83eUhHiz
171,0lO1yt6M1l1OAs80M3vEfM,King of Everything,Dominic Fike,"Don't Forget About Me, Demos",favorites_archive,167.00,168.00,47.00,64.00,57.00,7B,2,2026-07-18T05:18:04.764Z,https://open.spotify.com/track/0lO1yt6M1l1OAs80M3vEfM
172,4jtyUzZm9WLc2AdaJ1dso7,0 To 100 / The Catch Up,Drake,0 To 100 / The Catch Up,currently_listening,177.00,178.00,72.00,56.00,50.00,10A,2,2026-07-19T22:57:52.908Z,https://open.spotify.com/track/4jtyUzZm9WLc2AdaJ1dso7
173,5qeLeyIWCPe1FpdJLQTUDW,The Wild Boys,Duran Duran,Decade,favorites_archive,116.00,217.00,84.00,74.00,59.00,10A,2,2026-07-12T00:42:16.930Z,https://open.spotify.com/track/5qeLeyIWCPe1FpdJLQTUDW
174,0yfNXxlyXdmP0ue1iJijx1,Come Undone,Duran Duran,Duran Duran,currently_listening,174.00,204.00,79.00,54.00,71.00,4B,2,2026-07-12T00:41:35.815Z,https://open.spotify.com/track/0yfNXxlyXdmP0ue1iJijx1
175,0wokCRaKD0zPNhMRXAgVsr,Ordinary World,Duran Duran,Duran Duran,currently_listening,140.00,152.00,65.00,47.00,40.00,12A,2,2026-07-12T00:40:14.931Z,https://open.spotify.com/track/0wokCRaKD0zPNhMRXAgVsr
176,1t2Hq2WIBcZINOEnK6mdJG,Save Tonight,Eagle-Eye Cherry,Desireless,skip_for_now,120.00,182.00,69.00,55.00,58.00,8B,2,2026-07-18T05:17:43.633Z,https://open.spotify.com/track/1t2Hq2WIBcZINOEnK6mdJG
177,0FE9t6xYkqWXU2ahLh6D8X,Shape of You,Ed Sheeran,Shape of You,skip_for_now,96.00,241.00,65.00,83.00,93.00,12A,2,2026-07-18T04:51:26.357Z,https://open.spotify.com/track/0FE9t6xYkqWXU2ahLh6D8X
178,0xCA70t1ZA4fa9UOE0lIJm,I'm a Mess,Ed Sheeran,x (Deluxe Edition),favorites_archive,139.00,142.00,38.00,70.00,34.00,5B,2,2026-07-18T04:51:26.383Z,https://open.spotify.com/track/0xCA70t1ZA4fa9UOE0lIJm
179,62N9FbD1RdoEJ8f3KTIPyZ,Fresh Blood,Eels,Hombre Lobo,favorites_archive,96.00,232.00,92.00,67.00,73.00,8B,2,2026-07-18T04:51:26.386Z,https://open.spotify.com/track/62N9FbD1RdoEJ8f3KTIPyZ
180,2XTFxS6tjPzRslHheCtAJf,SUGAR,Elba Rose,SUGAR,currently_listening,164.00,171.00,54.00,70.00,47.00,4A,2,2026-07-13T00:02:29.615Z,https://open.spotify.com/track/2XTFxS6tjPzRslHheCtAJf
181,6FDtusHKRJdlHLApla3VSa,Capricorn,Elderbrook,Capricorn,favorites_archive,121.00,255.00,85.00,83.00,87.00,1B,2,2026-07-18T05:17:43.576Z,https://open.spotify.com/track/6FDtusHKRJdlHLApla3VSa
182,2bqWo67hUC1mXH3HycjtOj,Staring at the Sun,"Elderbrook,Rules",Staring at the Sun,save_for_later,123.00,118.00,74.00,37.00,7.00,4B,2,2026-07-19T22:57:52.878Z,https://open.spotify.com/track/2bqWo67hUC1mXH3HycjtOj
183,1AQlvpcPh79BKnoKe1E6Nw,Hot Goblin,Em Beihold,Hot Goblin,currently_listening,123.00,193.00,68.00,79.00,46.00,9A,2,2026-07-12T23:53:56.731Z,https://open.spotify.com/track/1AQlvpcPh79BKnoKe1E6Nw
184,0dyWQoMOU9oERL6c9vxtRp,25 To Life,Eminem,Recovery,favorites_archive,80.00,199.00,93.00,70.00,36.00,1A,2,2026-07-13T01:00:09.359Z,https://open.spotify.com/track/0dyWQoMOU9oERL6c9vxtRp
185,4SE4yewyGpOYfxfx59Yjc5,Cinderella Man,Eminem,Recovery,currently_listening,86.00,228.00,91.00,68.00,69.00,4B,2,2026-07-13T01:00:50.387Z,https://open.spotify.com/track/4SE4yewyGpOYfxfx59Yjc5
186,0ZqWBTU1EkdVPAMwQgfKiv,Going Through Changes,Eminem,Recovery,currently_listening,86.00,191.00,90.00,69.00,32.00,8B,2,2026-07-13T00:51:34.964Z,https://open.spotify.com/track/0ZqWBTU1EkdVPAMwQgfKiv
187,7Ie9W94M7OjPoZVV216Xus,Not Afraid,Eminem,Recovery,currently_listening,115.00,248.00,95.00,86.00,67.00,5A,2,2026-07-13T00:55:18.336Z,https://open.spotify.com/track/7Ie9W94M7OjPoZVV216Xus
188,5Ve4qBYAThGLTOva0hhoTa,So Bad,Eminem,Recovery,currently_listening,81.00,235.00,81.00,77.00,77.00,3B,2,2026-07-13T01:01:30.160Z,https://open.spotify.com/track/5Ve4qBYAThGLTOva0hhoTa
189,0sHW1jXe6Sou3437gJQNGA,Space Bound,Eminem,Recovery,currently_listening,142.00,206.00,89.00,67.00,50.00,8B,2,2026-07-13T01:00:25.038Z,https://open.spotify.com/track/0sHW1jXe6Sou3437gJQNGA
190,3IaAYtmN8T0YIYVqnxNnVz,Bad Guy,Eminem,The Marshall Mathers LP2 (Deluxe),currently_listening,83.00,165.00,80.00,50.00,35.00,8B,2,2026-07-12T20:18:57.734Z,https://open.spotify.com/track/3IaAYtmN8T0YIYVqnxNnVz
191,1mavQ4WCzXSeL2Dm5DS4GQ,Legacy,Eminem,The Marshall Mathers LP2 (Deluxe),currently_listening,164.00,209.00,90.00,66.00,53.00,8A,2,2026-07-12T20:21:43.634Z,https://open.spotify.com/track/1mavQ4WCzXSeL2Dm5DS4GQ
192,6or1bKJiZ06IlK0vFvY75k,Rap God,Eminem,The Marshall Mathers LP2 (Deluxe),skip_for_now,148.00,218.00,84.00,71.00,63.00,9B,2,2026-07-12T20:22:31.340Z,https://open.spotify.com/track/6or1bKJiZ06IlK0vFvY75k
193,6dJRP4pXk4SOzWfhfHL3Or,So Much Better,Eminem,The Marshall Mathers LP2 (Deluxe),skip_for_now,85.00,220.00,86.00,72.00,62.00,3A,2,2026-07-12T20:19:52.239Z,https://open.spotify.com/track/6dJRP4pXk4SOzWfhfHL3Or
194,3stOygN0I7CIvkEB2LJGbv,Survival,Eminem,The Marshall Mathers LP2 (Deluxe),currently_listening,176.00,180.00,90.00,46.00,44.00,10B,2,2026-07-12T00:44:27.605Z,https://open.spotify.com/track/3stOygN0I7CIvkEB2LJGbv
195,4dfAUJI1QesmK5HfK9gtYs,Wicked Ways,Eminem,The Marshall Mathers LP2 (Deluxe),currently_listening,138.00,163.00,79.00,71.00,13.00,4A,2,2026-07-13T00:47:33.160Z,https://open.spotify.com/track/4dfAUJI1QesmK5HfK9gtYs
196,01zPnSlKCw9WLbY0kvNep0,Desperation,"Eminem,Jamie N Commons",The Marshall Mathers LP2 (Deluxe),currently_listening,144.00,229.00,92.00,71.00,66.00,10B,2,2026-07-13T00:47:10.751Z,https://open.spotify.com/track/01zPnSlKCw9WLbY0kvNep0
197,66h8hB4In6t725WtAPL23J,Talkin’ 2 Myself,"Eminem,Kobe Honeycutt",Recovery,currently_listening,180.00,187.00,96.00,42.00,49.00,9A,2,2026-07-13T00:47:57.866Z,https://open.spotify.com/track/66h8hB4In6t725WtAPL23J
198,7bHT9osSq1rwT2yaImzqCi,No Love,"Eminem,Lil Wayne",Recovery,currently_listening,129.00,178.00,93.00,52.00,33.00,1B,2,2026-07-13T01:01:21.040Z,https://open.spotify.com/track/7bHT9osSq1rwT2yaImzqCi
199,7kNlRLC9PEH8nXMVawssMx,Won't Back Down,"Eminem,P!nk",Recovery,currently_listening,180.00,177.00,95.00,48.00,34.00,10B,2,2026-07-13T00:48:09.388Z,https://open.spotify.com/track/7kNlRLC9PEH8nXMVawssMx
200,15JINEqzVMv3SvJTAXAKED,Love The Way You Lie,"Eminem,Rihanna",Recovery,favorites_archive,87.00,232.00,93.00,75.00,64.00,6B,2,2026-07-12T21:30:29.881Z,https://open.spotify.com/track/15JINEqzVMv3SvJTAXAKED
201,4WgvTITBJbEfCJHguiE7QS,The Monster,"Eminem,Rihanna",The Marshall Mathers LP2 (Deluxe),currently_listening,110.00,226.00,85.00,78.00,63.00,12A,2,2026-07-13T00:46:56.806Z,https://open.spotify.com/track/4WgvTITBJbEfCJHguiE7QS
202,7hiBhOh4s8G0xmGYBAjyuw,Beautiful Pain,"Eminem,Sia",The Marshall Mathers LP2 (Deluxe),currently_listening,165.00,190.00,82.00,68.00,40.00,10A,2,2026-07-13T00:47:20.341Z,https://open.spotify.com/track/7hiBhOh4s8G0xmGYBAjyuw
203,6KRi6CBUitENJB4HQbSVSD,Escape,Enrique Iglesias,Escape,favorites_archive,126.00,251.00,85.00,78.00,88.00,1B,2,2026-07-12T06:52:25.797Z,https://open.spotify.com/track/6KRi6CBUitENJB4HQbSVSD
204,1TfqLAPs4K3s2rJMoCokcS,Sweet Dreams (Are Made of This) - 2005 Remaster,"Eurythmics,Annie Lennox,Dave Stewart",Sweet Dreams (Are Made Of This),favorites_archive,125.00,228.00,71.00,69.00,88.00,5A,2,2026-07-12T21:42:53.731Z,https://open.spotify.com/track/1TfqLAPs4K3s2rJMoCokcS
205,0W3s3j1W9wejcPzZH3Ka58,5AM,Ex:Re,Ex:Re,favorites_archive,122.00,100.00,25.00,68.00,7.00,9A,2,2026-07-18T01:43:52.504Z,https://open.spotify.com/track/0W3s3j1W9wejcPzZH3Ka58
206,65AnZpYJ8mlZCa02MxWLnG,Crushing,Ex:Re,Ex:Re,skip_for_now,178.00,150.00,52.00,47.00,51.00,1A,2,2026-07-18T01:43:52.499Z,https://open.spotify.com/track/65AnZpYJ8mlZCa02MxWLnG
207,5CqOJDUTd5gi8YvenNg1Sa,Liar,Ex:Re,Ex:Re,skip_for_now,82.00,101.00,25.00,47.00,29.00,4A,2,2026-07-18T02:04:22.365Z,https://open.spotify.com/track/5CqOJDUTd5gi8YvenNg1Sa
208,2y4Tj9DliQQC5MV5pLSXTq,My Heart,Ex:Re,Ex:Re,skip_for_now,138.00,165.00,100.00,51.00,14.00,12A,2,2026-07-18T01:43:52.505Z,https://open.spotify.com/track/2y4Tj9DliQQC5MV5pLSXTq
209,0citn8Zfhpkpip4rwhlrAq,New York,Ex:Re,Ex:Re,skip_for_now,162.00,78.00,21.00,42.00,15.00,11A,2,2026-07-18T01:43:52.500Z,https://open.spotify.com/track/0citn8Zfhpkpip4rwhlrAq
210,6OekrDohNUa6lMUQ6UWy1l,Romance,Ex:Re,Ex:Re,favorites_archive,121.00,183.00,64.00,71.00,48.00,11B,2,2026-07-18T01:43:52.501Z,https://open.spotify.com/track/6OekrDohNUa6lMUQ6UWy1l
211,1N4lStTVZN8KUD2d6SvimV,The Dazzler,Ex:Re,Ex:Re,favorites_archive,133.00,137.00,21.00,77.00,39.00,11B,2,2026-07-18T01:43:52.501Z,https://open.spotify.com/track/1N4lStTVZN8KUD2d6SvimV
212,6VoVG0X8ToU27bWyAXduJb,Too Sad,Ex:Re,Ex:Re,favorites_archive,61.00,99.00,23.00,65.00,11.00,12A,2,2026-07-18T01:43:52.502Z,https://open.spotify.com/track/6VoVG0X8ToU27bWyAXduJb
213,3OkUiHa9aiUor3HphYw7CH,Where the Time Went,Ex:Re,Ex:Re,favorites_archive,100.00,97.00,12.00,57.00,28.00,2B,2,2026-07-18T01:43:52.498Z,https://open.spotify.com/track/3OkUiHa9aiUor3HphYw7CH
214,08rkQly80pDeIvY2uQKC2z,5AM,"Ex:Re,Josephine Stephenson,12 Ensemble",Ex:Re with 12 Ensemble,skip_for_now,117.00,47.00,12.00,30.00,5.00,9A,2,2026-07-18T01:43:52.511Z,https://open.spotify.com/track/08rkQly80pDeIvY2uQKC2z
215,6NIJhiLIEUssFDBJBi2rR6,My Heart,"Ex:Re,Josephine Stephenson,12 Ensemble",Ex:Re with 12 Ensemble,skip_for_now,87.00,37.00,20.00,12.00,5.00,12A,2,2026-07-18T01:43:52.512Z,https://open.spotify.com/track/6NIJhiLIEUssFDBJBi2rR6
216,5M4cvsIfpAIzFcFHtDvcb3,Romance,"Ex:Re,Josephine Stephenson,12 Ensemble",Ex:Re with 12 Ensemble,skip_for_now,58.00,42.00,18.00,12.00,12.00,11B,2,2026-07-18T01:43:52.508Z,https://open.spotify.com/track/5M4cvsIfpAIzFcFHtDvcb3
217,622oH8Sm9hZaR9wiLracO1,The Dazzler,"Ex:Re,Josephine Stephenson,12 Ensemble",Ex:Re with 12 Ensemble,skip_for_now,134.00,47.00,16.00,20.00,11.00,11B,2,2026-07-18T01:43:52.508Z,https://open.spotify.com/track/622oH8Sm9hZaR9wiLracO1
218,634BbZtRlgkpWZIX3ytEbi,Too Sad,"Ex:Re,Josephine Stephenson,12 Ensemble",Ex:Re with 12 Ensemble,skip_for_now,113.00,38.00,8.00,26.00,4.00,12A,2,2026-07-18T01:43:52.509Z,https://open.spotify.com/track/634BbZtRlgkpWZIX3ytEbi
219,5BgjyxVWI11cH36rzCIkh9,Where the Time Went,"Ex:Re,Josephine Stephenson,12 Ensemble",Ex:Re with 12 Ensemble,skip_for_now,97.00,80.00,19.00,40.00,21.00,3B,2,2026-07-18T01:43:52.506Z,https://open.spotify.com/track/5BgjyxVWI11cH36rzCIkh9
220,3y4LxiYMgDl4RethdzpmNe,Breathe,Faith Hill,Breathe,favorites_archive,137.00,131.00,50.00,53.00,28.00,9B,2,2026-07-12T20:35:46.122Z,https://open.spotify.com/track/3y4LxiYMgDl4RethdzpmNe
221,56Wj9lMKPQD2pRJyabYiez,Cold Light,Fenech-Soler,Cold Light,skip_for_now,112.00,155.00,80.00,54.00,21.00,10A,2,2026-07-18T04:37:59.932Z,https://open.spotify.com/track/56Wj9lMKPQD2pRJyabYiez
222,0d909fyTumkG4JgC7kxTCm,Electric Bones,Findlay,Electric Bones,favorites_archive,95.00,214.00,88.00,59.00,67.00,3B,2,2026-07-18T05:17:43.604Z,https://open.spotify.com/track/0d909fyTumkG4JgC7kxTCm
223,6JH9yWhgbm0y9iAJhCslNc,Handlebars,Flobots,Fight With Tools,currently_listening,142.00,179.00,57.00,70.00,52.00,7B,2,2026-07-12T19:48:14.811Z,https://open.spotify.com/track/6JH9yWhgbm0y9iAJhCslNc
224,31ABtQJdfloNaGz7ZhXaN5,King,Florence + The Machine,Dance Fever,favorites_archive,106.00,127.00,45.00,73.00,9.00,11A,2,2026-07-12T00:53:12.953Z,https://open.spotify.com/track/31ABtQJdfloNaGz7ZhXaN5
225,7tMF8Anyf7oIqQZSxE17do,Everybody Scream,Florence + The Machine,Everybody Scream,currently_listening,120.00,136.00,70.00,56.00,10.00,10A,2,2026-07-15T20:34:47.818Z,https://open.spotify.com/track/7tMF8Anyf7oIqQZSxE17do
226,6EfZCB2wudriyD1vDjuAZ9,Bird Song,Florence + The Machine,Lungs (Deluxe Edition),favorites_archive,120.00,124.00,53.00,46.00,25.00,8B,2,2026-07-12T01:02:33.977Z,https://open.spotify.com/track/6EfZCB2wudriyD1vDjuAZ9
227,4tUOFydV4QoeqZOIoxzHNk,Blinding,Florence + The Machine,Lungs (Deluxe Edition),currently_listening,108.00,157.00,79.00,51.00,27.00,8A,2,2026-07-15T20:34:59.495Z,https://open.spotify.com/track/4tUOFydV4QoeqZOIoxzHNk
228,3bENrkfntz1ugrsi8yzT9C,Falling,Florence + The Machine,Lungs (Deluxe Edition),favorites_archive,113.00,84.00,33.00,43.00,8.00,7A,2,2026-07-12T21:25:53.348Z,https://open.spotify.com/track/3bENrkfntz1ugrsi8yzT9C
229,32CpKhS5v5SFgfbXmdpsi7,Hospital Beds,Florence + The Machine,Lungs (Deluxe Edition),favorites_archive,96.00,144.00,46.00,67.00,31.00,10A,2,2026-07-15T20:34:33.792Z,https://open.spotify.com/track/32CpKhS5v5SFgfbXmdpsi7
230,3GS8qG28p2RF6M7S5rFdx5,Howl,Florence + The Machine,Lungs (Deluxe Edition),favorites_archive,130.00,172.00,85.00,58.00,29.00,8B,2,2026-07-12T21:45:15.613Z,https://open.spotify.com/track/3GS8qG28p2RF6M7S5rFdx5
231,3Dls79P2lgOM92yBQDalMZ,Swimming,Florence + The Machine,Lungs (Deluxe Edition),currently_listening,109.00,160.00,86.00,40.00,34.00,8A,2,2026-07-15T20:35:19.231Z,https://open.spotify.com/track/3Dls79P2lgOM92yBQDalMZ
232,5gmJlzd7GyggoqLedD7vKV,Hollow,"Flume,Emma Louise",Palaces,save_for_later,105.00,161.00,58.00,53.00,50.00,4A,2,2026-07-13T00:33:22.688Z,https://open.spotify.com/track/5gmJlzd7GyggoqLedD7vKV
233,61b8dII0C3ybIRdQY6dl3d,Caffeine,Foreign Air,Caffeine,favorites_archive,95.00,168.00,63.00,63.00,42.00,3B,2,2026-07-18T05:17:43.580Z,https://open.spotify.com/track/61b8dII0C3ybIRdQY6dl3d
234,6uMn0YHwWVAz5B0BgaBizM,Better for It,Foreign Air,For the Light,favorites_archive,80.00,131.00,63.00,53.00,15.00,1A,2,2026-07-18T05:17:43.577Z,https://open.spotify.com/track/6uMn0YHwWVAz5B0BgaBizM
235,5l8oNQsDDPNFUIV5M4lzRJ,Free Animal,Foreign Air,Free Animal,favorites_archive,80.00,155.00,58.00,58.00,39.00,4A,2,2026-07-18T04:51:26.344Z,https://open.spotify.com/track/5l8oNQsDDPNFUIV5M4lzRJ
236,5lZJxYTRlmSP7DTvcHRfbE,Illusion,Foreign Air,Good Morning Stranger,currently_listening,84.00,171.00,59.00,56.00,56.00,1A,2,2026-07-13T00:23:18.516Z,https://open.spotify.com/track/5lZJxYTRlmSP7DTvcHRfbE
237,06KTcf9q6ef0rEYPgjOKl3,In the Shadows,Foreign Air,In the Shadows,skip_for_now,116.00,151.00,76.00,60.00,15.00,8B,2,2026-07-18T05:17:43.556Z,https://open.spotify.com/track/06KTcf9q6ef0rEYPgjOKl3
238,0KseHCMXqZZkoKn4UJfWlO,Smile,Foreign Air,Smile (Remix),save_for_later,100.00,181.00,65.00,59.00,57.00,8B,2,2026-07-13T00:25:49.357Z,https://open.spotify.com/track/0KseHCMXqZZkoKn4UJfWlO
239,00aEvruq9NQRUzYMn1rEPs,The Therapist,Foreign Air,The Therapist,favorites_archive,92.00,182.00,85.00,60.00,37.00,9A,2,2026-07-18T05:17:43.555Z,https://open.spotify.com/track/00aEvruq9NQRUzYMn1rEPs
240,0ionYKqaYZPg9FSwPlqqmr,Wake Me Up,Foreign Air,Wake Me Up,favorites_archive,178.00,146.00,92.00,23.00,31.00,3A,2,2026-07-18T05:17:43.555Z,https://open.spotify.com/track/0ionYKqaYZPg9FSwPlqqmr
241,0Hsc0sIaxOxXBZbT3ms2oj,In The Wee Small Hours Of The Morning - Remastered 1998,Frank Sinatra,In The Wee Small Hours,favorites_archive,118.00,45.00,9.00,29.00,7.00,8B,2,2026-07-12T21:33:19.119Z,https://open.spotify.com/track/0Hsc0sIaxOxXBZbT3ms2oj
242,0jXRQSoOA01VTmrVIDbhtm,Shh,Frou Frou,Details,currently_listening,131.00,179.00,80.00,65.00,34.00,11A,2,2026-07-12T21:06:23.271Z,https://open.spotify.com/track/0jXRQSoOA01VTmrVIDbhtm
243,7EiZI6JVHllARrX9PUvAdX,Low Life,"Future,The Weeknd",EVOL,skip_for_now,144.00,115.00,33.00,72.00,10.00,4B,2,2026-07-18T05:17:43.625Z,https://open.spotify.com/track/7EiZI6JVHllARrX9PUvAdX
244,7L5yUAQfKSm5ydJRjPx5Ok,Better (feat. Wiz Khalifa),"GASHI,Wiz Khalifa",Brooklyn Cowboy,currently_listening,83.00,139.00,66.00,64.00,9.00,3A,2,2026-07-19T22:57:52.957Z,https://open.spotify.com/track/7L5yUAQfKSm5ydJRjPx5Ok
245,7Eb9i3xmiLuY5MiY6AhzzL,Last One To Know,Gavin Adcock,Last One To Know,favorites_archive,102.00,202.00,66.00,78.00,58.00,4B,2,2026-07-12T21:35:05.019Z,https://open.spotify.com/track/7Eb9i3xmiLuY5MiY6AhzzL
246,22YvUcGzVLjtK3u2fSMAZr,Need To,Gavin Adcock,Own Worst Enemy,favorites_archive,146.00,170.00,40.00,77.00,53.00,10B,2,2026-07-12T21:34:14.414Z,https://open.spotify.com/track/22YvUcGzVLjtK3u2fSMAZr
247,0L9pdiL79AX0NnX3sOZOSk,A Trick of the Tail,Genesis,A Trick of the Tail,save_for_later,122.00,150.00,27.00,66.00,57.00,12A,2,2026-07-19T23:11:15.129Z,https://open.spotify.com/track/0L9pdiL79AX0NnX3sOZOSk
248,7DwXVzYDo6GNSiEw3GGC1M,Ripples,Genesis,A Trick of the Tail,save_for_later,139.00,59.00,19.00,28.00,12.00,11A,2,2026-07-19T23:11:02.177Z,https://open.spotify.com/track/7DwXVzYDo6GNSiEw3GGC1M
249,0aeUuMypcIbr5y2oQUKyBV,No Reply at All - 2007 Remaster,Genesis,Abacab (2007 Remaster),save_for_later,128.00,242.00,94.00,69.00,79.00,10B,2,2026-07-19T23:11:57.763Z,https://open.spotify.com/track/0aeUuMypcIbr5y2oQUKyBV
250,5p2BuFWxvBRxBT8lPmn5yF,Heathaze - 2007 Remaster,Genesis,Duke (2007 Remaster),save_for_later,107.00,107.00,53.00,33.00,21.00,2A,2,2026-07-19T23:11:38.595Z,https://open.spotify.com/track/5p2BuFWxvBRxBT8lPmn5yF
251,5zADxJhJEzuOstzcUtXlXv,Supper's Ready - 2007 Stereo Mix,Genesis,Foxtrot (2007 Stereo Mix),save_for_later,147.00,109.00,61.00,34.00,14.00,9A,2,2026-07-19T23:14:05.764Z,https://open.spotify.com/track/5zADxJhJEzuOstzcUtXlXv
252,6evW6QebqwF51x6ucJxyYO,Time Table - 2007 Stereo Mix,Genesis,Foxtrot (2007 Stereo Mix),save_for_later,167.00,125.00,49.00,39.00,37.00,4B,2,2026-07-19T23:13:57.816Z,https://open.spotify.com/track/6evW6QebqwF51x6ucJxyYO
253,14AI8Qt9giIa8uzek1I24O,Home by the Sea - 2007 Remaster,Genesis,Genesis (2007 Remaster),currently_listening,129.00,189.00,72.00,61.00,56.00,9A,2,2026-07-19T23:10:24.567Z,https://open.spotify.com/track/14AI8Qt9giIa8uzek1I24O
254,59UvYGlOJaphdjt6jGKX5O,It's Gonna Get Better - 2007 Remaster,Genesis,Genesis (2007 Remaster),currently_listening,83.00,181.00,59.00,59.00,63.00,10B,2,2026-07-18T04:58:32.034Z,https://open.spotify.com/track/59UvYGlOJaphdjt6jGKX5O
255,1G9jeUXQNewsKfYPAMdLPj,Second Home by the Sea - 2007 Remaster,Genesis,Genesis (2007 Remaster),save_for_later,102.00,171.00,78.00,47.00,46.00,9A,2,2026-07-19T23:10:21.110Z,https://open.spotify.com/track/1G9jeUXQNewsKfYPAMdLPj
256,6lp7cHPQtQyBlpOj0Uzs7B,Silver Rainbow - 2007 Remaster,Genesis,Genesis (2007 Remaster),save_for_later,102.00,174.00,88.00,50.00,36.00,7B,2,2026-07-19T23:10:45.874Z,https://open.spotify.com/track/6lp7cHPQtQyBlpOj0Uzs7B
257,4P0uyibZjcXZLVeNOHBd8Q,In Too Deep - 2007 Remaster,Genesis,Invisible Touch (2007 Remaster),currently_listening,104.00,139.00,42.00,67.00,30.00,4B,2,2026-07-18T04:56:52.535Z,https://open.spotify.com/track/4P0uyibZjcXZLVeNOHBd8Q
258,2Gr7Fvwzc3xP8R7xkUSMTR,For Absent Friends,Genesis,Nursery Cryme,save_for_later,139.00,89.00,4.00,49.00,36.00,10B,2,2026-07-19T23:13:16.280Z,https://open.spotify.com/track/2Gr7Fvwzc3xP8R7xkUSMTR
259,2p7RcVGykyXz4xQZVuY6SZ,Harold the Barrel,Genesis,Nursery Cryme,currently_listening,118.00,163.00,67.00,66.00,30.00,3A,2,2026-07-19T23:13:44.990Z,https://open.spotify.com/track/2p7RcVGykyXz4xQZVuY6SZ
260,1WDaN2MGhYmdQI1Osx7h6Q,The Musical Box,Genesis,Nursery Cryme,save_for_later,147.00,83.00,28.00,26.00,29.00,11A,2,2026-07-19T23:13:07.818Z,https://open.spotify.com/track/1WDaN2MGhYmdQI1Osx7h6Q
261,1h3kqAwEqF5Tk15dsy5gZ1,Dance on a Volcano - Live in Paris,Genesis,Seconds Out (Live),save_for_later,127.00,146.00,52.00,35.00,59.00,5B,2,2026-07-19T23:09:21.990Z,https://open.spotify.com/track/1h3kqAwEqF5Tk15dsy5gZ1
262,2nHKSoU1OHlEGy7uc3owB8,Los Endos - Live in Paris,Genesis,Seconds Out (Live),save_for_later,87.00,127.00,76.00,29.00,22.00,10B,2,2026-07-19T23:08:46.337Z,https://open.spotify.com/track/2nHKSoU1OHlEGy7uc3owB8
263,5k9PWIkHRCKtWYeHWIWmSh,Squonk - Live in Paris,Genesis,Seconds Out (Live),save_for_later,89.00,112.00,54.00,44.00,14.00,11B,2,2026-07-19T23:08:54.849Z,https://open.spotify.com/track/5k9PWIkHRCKtWYeHWIWmSh
264,6UpMG6BDOd5xecMTu5r3sj,Firth of Fifth - 2007 Stereo Mix,Genesis,Selling England by the Pound (2007 Stereo Mix),currently_listening,86.00,118.00,61.00,27.00,30.00,1B,2,2026-07-19T23:07:48.940Z,https://open.spotify.com/track/6UpMG6BDOd5xecMTu5r3sj
265,31VLSfg86NJN74rUHQi7e8,I Know What I Like (In Your Wardrobe) - 2007 Stereo Mix,Genesis,Selling England by the Pound (2007 Stereo Mix),currently_listening,85.00,164.00,82.00,49.00,33.00,10B,2,2026-07-18T04:56:24.106Z,https://open.spotify.com/track/31VLSfg86NJN74rUHQi7e8
266,38sIGnmCyfHtVxfZMIR2N6,Cuckoo Cocoon - 2025 Remaster,Genesis,The Lamb Lies Down On Broadway (50th Anniversary Deluxe Edition),save_for_later,81.00,96.00,23.00,39.00,34.00,9A,2,2026-07-19T23:21:35.737Z,https://open.spotify.com/track/38sIGnmCyfHtVxfZMIR2N6
267,2wnIWZiOBo6OhxHS7SHkwF,In the Cage - 2025 Remaster,Genesis,The Lamb Lies Down On Broadway (50th Anniversary Deluxe Edition),save_for_later,135.00,130.00,65.00,36.00,29.00,1B,2,2026-07-19T23:21:44.019Z,https://open.spotify.com/track/2wnIWZiOBo6OhxHS7SHkwF
268,3kJfwXimSnNMa4KFO3jixZ,The Carpet Crawlers - 2025 Remaster,Genesis,The Lamb Lies Down On Broadway (50th Anniversary Deluxe Edition),save_for_later,144.00,97.00,42.00,27.00,28.00,10B,2,2026-07-19T23:21:54.308Z,https://open.spotify.com/track/3kJfwXimSnNMa4KFO3jixZ
269,1gyQods9V876YtT0YBu1N1,The Lamb Lies Down on Broadway - 2025 Remaster,Genesis,The Lamb Lies Down On Broadway (50th Anniversary Deluxe Edition),save_for_later,117.00,131.00,81.00,38.00,12.00,12B,2,2026-07-19T23:15:00.113Z,https://open.spotify.com/track/1gyQods9V876YtT0YBu1N1
270,2lvM9dA12IIqBVU2aF5MaV,Looking For Someone,Genesis,Trespass,currently_listening,163.00,89.00,31.00,31.00,27.00,2B,2,2026-07-19T23:12:16.304Z,https://open.spotify.com/track/2lvM9dA12IIqBVU2aF5MaV
271,667vmbQnUl1Jzf3tZkIt2a,The Knife,Genesis,Trespass,currently_listening,142.00,111.00,55.00,29.00,27.00,3B,2,2026-07-19T23:12:56.798Z,https://open.spotify.com/track/667vmbQnUl1Jzf3tZkIt2a
272,1N8bYACb8qyW2F53whKkDP,White Mountain,Genesis,Trespass,save_for_later,92.00,57.00,28.00,22.00,7.00,7A,2,2026-07-19T23:12:36.060Z,https://open.spotify.com/track/1N8bYACb8qyW2F53whKkDP
273,0No5Hr1LxZjJHGsQSTy2bm,I Can't Dance - 2007 Remaster,Genesis,We Can't Dance (2007 Remaster),favorites_archive,108.00,235.00,53.00,91.00,91.00,5B,2,2026-07-12T21:29:45.082Z,https://open.spotify.com/track/0No5Hr1LxZjJHGsQSTy2bm
274,0foadg5Kw7LQlCOjchP49d,Afterglow - 2007 Remaster,Genesis,Wind & Wuthering (2007 Remaster),save_for_later,128.00,91.00,60.00,23.00,8.00,9B,2,2026-07-19T23:14:27.355Z,https://open.spotify.com/track/0foadg5Kw7LQlCOjchP49d
275,1Pn1Ndq0W9SUw1kPq0Jj68,I Hate Everyone,Get Set Go,Ordinary World,favorites_archive,157.00,180.00,77.00,38.00,65.00,2B,2,2026-07-18T05:17:43.626Z,https://open.spotify.com/track/1Pn1Ndq0W9SUw1kPq0Jj68
276,3USxtqRwSYz57Ewm6wWRMp,Heat Waves,Glass Animals,Dreamland,favorites_archive,81.00,182.00,53.00,76.00,53.00,1B,2,2026-07-12T21:05:00.878Z,https://open.spotify.com/track/3USxtqRwSYz57Ewm6wWRMp
277,3ApAsbQP7d5GlFwwdExaTY,Poplar St,Glass Animals,How To Be A Human Being,favorites_archive,69.00,128.00,45.00,57.00,26.00,9A,2,2026-07-12T01:06:56.705Z,https://open.spotify.com/track/3ApAsbQP7d5GlFwwdExaTY
278,5C5gvDZsl6d8bh89URfKHr,Pork Soda,Glass Animals,How To Be A Human Being,favorites_archive,96.00,198.00,66.00,70.00,62.00,9B,2,2026-07-13T00:00:24.798Z,https://open.spotify.com/track/5C5gvDZsl6d8bh89URfKHr
279,1LPGwuFgIzbJoShfDdw7MY,Youth,Glass Animals,How To Be A Human Being,currently_listening,96.00,216.00,72.00,65.00,79.00,8A,2,2026-07-12T01:21:01.952Z,https://open.spotify.com/track/1LPGwuFgIzbJoShfDdw7MY
280,6Lto2Xj8y0U2bes2hmRMZu,Wonderful Nothing,Glass Animals,I Love You So F***ing Much,favorites_archive,89.00,162.00,49.00,65.00,48.00,11A,2,2026-07-12T23:52:35.055Z,https://open.spotify.com/track/6Lto2Xj8y0U2bes2hmRMZu
281,2cKBRXAja8JIgF2gSmrMke,Life Itself,Glass Animals,Life Itself,skip_for_now,112.00,199.00,62.00,70.00,67.00,3B,2,2026-07-18T04:37:59.910Z,https://open.spotify.com/track/2cKBRXAja8JIgF2gSmrMke
282,0WYqT1IvPzmKNNzR8mgIQs,Love Lockdown,Glass Animals,Pools,currently_listening,120.00,142.00,36.00,77.00,29.00,1B,2,2026-07-12T00:46:36.033Z,https://open.spotify.com/track/0WYqT1IvPzmKNNzR8mgIQs
283,1yshfaUkaAletecfWFVgtS,Gooey - Gilligan Moss Remix,"Glass Animals,Gilligan Moss",Remixes,skip_for_now,110.00,140.00,70.00,58.00,12.00,10A,2,2026-07-12T23:50:21.016Z,https://open.spotify.com/track/1yshfaUkaAletecfWFVgtS
284,25dJMz1RMvCjoodJ2jI6BV,MOONWALKIN',GLU,MY DEMONS EP,save_for_later,144.00,157.00,58.00,56.00,43.00,12A,2,2026-07-13T00:33:32.368Z,https://open.spotify.com/track/25dJMz1RMvCjoodJ2jI6BV
285,1xbP92TbLVfUlS2BtkTidi,HOW TO BE A LOVER,Goldie Boutilier,HOW TO BE A LOVER,currently_listening,107.00,204.00,55.00,86.00,63.00,11A,2,2026-07-19T22:57:52.902Z,https://open.spotify.com/track/1xbP92TbLVfUlS2BtkTidi
286,3CSFlbSdp8AFjEn66eYlPt,Always & Forever,Grace Mitchell,Design,skip_for_now,127.00,206.00,79.00,58.00,69.00,3A,2,2026-07-18T04:51:26.373Z,https://open.spotify.com/track/3CSFlbSdp8AFjEn66eYlPt
287,0LSzBkkQZZkwV656r6etLg,Bury Me Face Down,grandson,Bury Me Face Down,skip_for_now,142.00,118.00,63.00,39.00,16.00,12A,2,2026-07-18T04:37:59.900Z,https://open.spotify.com/track/0LSzBkkQZZkwV656r6etLg
288,20UffSyFaybW0xW04IhSbL,Kiss Bang,grandson,Kiss Bang,favorites_archive,79.00,147.00,83.00,32.00,32.00,11A,2,2026-07-18T04:37:59.871Z,https://open.spotify.com/track/20UffSyFaybW0xW04IhSbL
289,7LbfuQVct78YoghmoPtsQ8,Casey Jones - 2013 Remaster,Grateful Dead,Workingman's Dead,favorites_archive,100.00,191.00,41.00,67.00,83.00,8B,2,2026-07-12T06:33:30.602Z,https://open.spotify.com/track/7LbfuQVct78YoghmoPtsQ8
290,7EbsWLCPQ9pjpQf6hYmKYi,Hostage,Griffin Oskar,Hostage,skip_for_now,121.00,175.00,54.00,71.00,50.00,8B,2,2026-07-18T04:37:59.930Z,https://open.spotify.com/track/7EbsWLCPQ9pjpQf6hYmKYi
291,6HJxf2Vnveoo5Hm7sZ7qOp,Crash,Gwen Stefani,Love. Angel. Music. Baby. (Deluxe Version),favorites_archive,126.00,265.00,93.00,79.00,93.00,11B,2,2026-07-12T20:37:56.939Z,https://open.spotify.com/track/6HJxf2Vnveoo5Hm7sZ7qOp
292,3TP8KZt9tJGyeBRVyDysp9,Better If Worse,"HAFFWAY,Matt Maeson",Better If Worse (with Matt Maeson),currently_listening,124.00,183.00,81.00,54.00,48.00,11A,2,2026-07-12T00:51:24.416Z,https://open.spotify.com/track/3TP8KZt9tJGyeBRVyDysp9
293,7GB9nHKwwLs9mdbjErqK4H,Gone,HAIM,I quit,currently_listening,105.00,184.00,84.00,49.00,51.00,6B,2,2026-07-13T00:20:33.216Z,https://open.spotify.com/track/7GB9nHKwwLs9mdbjErqK4H
294,2BBb3UMJBNlofpC25pbSp4,Call Me In The Afternoon,Half Moon Run,Spotify Sessions,skip_for_now,89.00,207.00,95.00,51.00,61.00,3B,2,2026-07-18T04:51:26.363Z,https://open.spotify.com/track/2BBb3UMJBNlofpC25pbSp4
295,20MWkJVeqKnWf0rGFJJqRY,"I am not a woman, I'm a god",Halsey,"If I Can’t Have Love, I Want Power (Deluxe)",currently_listening,180.00,174.00,70.00,52.00,52.00,11A,2,2026-07-13T09:09:34.035Z,https://open.spotify.com/track/20MWkJVeqKnWf0rGFJJqRY
296,5M6rPUAupuapjfHUy1W11Z,Holy Water,Hembree,Holy Water,skip_for_now,140.00,165.00,82.00,48.00,35.00,4A,2,2026-07-18T04:37:59.884Z,https://open.spotify.com/track/5M6rPUAupuapjfHUy1W11Z
297,74RBxG1kzNOYOgDGn5RO8S,Greenback Boogie,Ima Robot,Greenback Boogie,favorites_archive,143.00,137.00,54.00,55.00,28.00,6B,2,2026-07-12T19:47:20.144Z,https://open.spotify.com/track/74RBxG1kzNOYOgDGn5RO8S
298,7mMlbJlXXo2mRtQ4R9sIzD,Hide and Seek,Imogen Heap,Speak for Yourself,favorites_archive,121.00,71.00,17.00,45.00,9.00,11B,2,2026-07-12T21:05:52.122Z,https://open.spotify.com/track/7mMlbJlXXo2mRtQ4R9sIzD
299,1ShxNSFFxy1rSbnopgYpvx,Loneliest,Incubus,8,currently_listening,138.00,159.00,57.00,64.00,38.00,12A,2,2026-07-13T00:32:42.381Z,https://open.spotify.com/track/1ShxNSFFxy1rSbnopgYpvx
300,2cRPkU3kkSK93bd65uLqzk,Smoking Gun,"Inpatient,Ren,Chris Webby",Smoking Gun,save_for_later,93.00,183.00,36.00,79.00,68.00,2B,2,2026-07-13T00:18:14.442Z,https://open.spotify.com/track/2cRPkU3kkSK93bd65uLqzk
301,15TRZ6Lpfts7Oowxh7Ic8a,Losing Keys,Jack Johnson,Sleep Through The Static,favorites_archive,73.00,95.00,8.00,69.00,18.00,8B,2,2026-07-12T21:33:57.938Z,https://open.spotify.com/track/15TRZ6Lpfts7Oowxh7Ic8a
302,3SD7hc30MJdcSadQgHUBWl,In the Morning,JADED,In the Morning (Remixes),favorites_archive,124.00,227.00,89.00,76.00,62.00,9B,2,2026-07-18T05:17:43.614Z,https://open.spotify.com/track/3SD7hc30MJdcSadQgHUBWl
303,3GjXdHjA4Aa1Lz9fA63fVI,Long Time Coming,Jagwar Twin,Subject To Flooding,currently_listening,148.00,175.00,79.00,49.00,47.00,11A,2,2026-07-18T05:17:43.566Z,https://open.spotify.com/track/3GjXdHjA4Aa1Lz9fA63fVI
304,1IqFh00G2kvvMm8pRMpehA,Me and Bobby McGee,Janis Joplin,Pearl (Legacy Edition),skip_for_now,93.00,155.00,46.00,43.00,66.00,10B,2,2026-07-19T22:57:52.899Z,https://open.spotify.com/track/1IqFh00G2kvvMm8pRMpehA
305,4OI0mQIFAvlHFm2PPSOG0R,Did You Get My Message,Jason Mraz,Mr. A-Z,favorites_archive,170.00,193.00,75.00,53.00,65.00,3B,2,2026-07-12T06:39:23.979Z,https://open.spotify.com/track/4OI0mQIFAvlHFm2PPSOG0R
306,2igwFfvr1OAGX9SKDCPBwO,Empire State Of Mind,"JAŸ-Z,Alicia Keys",The Blueprint 3,skip_for_now,174.00,226.00,96.00,49.00,81.00,1B,2,2026-07-19T22:57:52.910Z,https://open.spotify.com/track/2igwFfvr1OAGX9SKDCPBwO
307,637A7SaHyjxQEHyUMb30hx,Off That,"JAŸ-Z,Drake",The Blueprint 3,skip_for_now,111.00,230.00,93.00,56.00,81.00,3B,2,2026-07-19T22:57:52.909Z,https://open.spotify.com/track/637A7SaHyjxQEHyUMb30hx
308,37jTPJgwCCmIGMPB45jrPV,Holy Grail,"JAŸ-Z,Justin Timberlake",Magna Carta... Holy Grail,currently_listening,145.00,137.00,53.00,68.00,16.00,7A,2,2026-07-19T22:57:52.911Z,https://open.spotify.com/track/37jTPJgwCCmIGMPB45jrPV
309,6JFLZH9vCzgqnUToBdiHQb,Gotta Have It,"JAŸ-Z,Kanye West",Watch The Throne,currently_listening,150.00,164.00,57.00,74.00,33.00,12B,2,2026-07-19T22:57:52.912Z,https://open.spotify.com/track/6JFLZH9vCzgqnUToBdiHQb
310,6IE4ozG51DjyY5Iuh82hqn,Murder To Excellence,"JAŸ-Z,Kanye West",Watch The Throne,currently_listening,87.00,197.00,82.00,57.00,58.00,3B,2,2026-07-19T22:57:52.915Z,https://open.spotify.com/track/6IE4ozG51DjyY5Iuh82hqn
311,1auxYwYrFRqZP7t3s7w4um,Ni**as In Paris,"JAŸ-Z,Kanye West",Watch The Throne,skip_for_now,140.00,243.00,86.00,79.00,78.00,3B,2,2026-07-18T05:20:01.149Z,https://open.spotify.com/track/1auxYwYrFRqZP7t3s7w4um
312,2eqOjSC8dY1iFrQiJGPDOX,Who Gon Stop Me,"JAŸ-Z,Kanye West",Watch The Throne,currently_listening,134.00,170.00,73.00,59.00,38.00,5A,2,2026-07-19T22:57:52.914Z,https://open.spotify.com/track/2eqOjSC8dY1iFrQiJGPDOX
313,4bDPr2VAjcfgUDmN9dGOC3,Why I Love You,"JAŸ-Z,Kanye West,Mr Hudson",Watch The Throne,currently_listening,123.00,166.00,81.00,48.00,37.00,7B,2,2026-07-19T22:57:52.917Z,https://open.spotify.com/track/4bDPr2VAjcfgUDmN9dGOC3
314,14I61w6cyYUHiV2n28IYdP,Otis,"JAŸ-Z,Kanye West,Otis Redding",Watch The Throne,skip_for_now,95.00,181.00,63.00,75.00,43.00,6A,2,2026-07-19T22:57:52.913Z,https://open.spotify.com/track/14I61w6cyYUHiV2n28IYdP
315,4ljDnzzqwnRIynr1g55um4,On To The Next One,"JAŸ-Z,Swizz Beatz",The Blueprint 3,currently_listening,117.00,205.00,91.00,55.00,59.00,3A,2,2026-07-19T22:57:52.906Z,https://open.spotify.com/track/4ljDnzzqwnRIynr1g55um4
316,0un6V0wfo3eTYOfYeMF8cC,Tonight I Feel Like Kafka,Jealous of the Birds,Parma Violets,skip_for_now,116.00,136.00,30.00,71.00,35.00,3A,2,2026-07-18T04:37:59.891Z,https://open.spotify.com/track/0un6V0wfo3eTYOfYeMF8cC
317,6VeZ970uI0Yi6sjBgyFBrp,Cheeseburger In Paradise,Jimmy Buffett,Son Of A Son Of A Sailor,favorites_archive,140.00,236.00,69.00,70.00,97.00,10B,2,2026-07-12T06:05:58.412Z,https://open.spotify.com/track/6VeZ970uI0Yi6sjBgyFBrp
318,5QEQzpnXj0eNkgiBFX1C7g,Simple & Sweet,Jon Bellion,Simple & Sweet,skip_for_now,76.00,152.00,36.00,46.00,70.00,2B,2,2026-07-18T04:51:26.376Z,https://open.spotify.com/track/5QEQzpnXj0eNkgiBFX1C7g
319,3nEotpBFeXq0OJstuHzwDP,God Needs The Devil,Jonah Kagen,God Needs The Devil,favorites_archive,81.00,137.00,53.00,55.00,29.00,8A,2,2026-07-12T19:44:39.228Z,https://open.spotify.com/track/3nEotpBFeXq0OJstuHzwDP
320,1Ki5PqMFMTKQfjB1uet9pG,You Again,Jonah Kagen,You Again,currently_listening,120.00,170.00,64.00,55.00,51.00,3B,2,2026-07-13T00:21:42.721Z,https://open.spotify.com/track/1Ki5PqMFMTKQfjB1uet9pG
321,4y3OI86AEP6PQoDE6olYhO,Sucker,Jonas Brothers,Sucker,skip_for_now,138.00,252.00,73.00,84.00,95.00,12A,2,2026-07-18T05:17:43.562Z,https://open.spotify.com/track/4y3OI86AEP6PQoDE6olYhO
322,4yvgL1k1WkuSEHkMPhDF5X,Interzone - 2019 Digital Master,Joy Division,Unknown Pleasures,save_for_later,156.00,198.00,78.00,47.00,73.00,11B,2,2026-07-13T00:02:01.033Z,https://open.spotify.com/track/4yvgL1k1WkuSEHkMPhDF5X
323,1HIV7KpOnHL32AKth0l1eU,Shadowplay - 2019 Digital Master,Joy Division,Unknown Pleasures,save_for_later,145.00,130.00,77.00,42.00,11.00,11B,2,2026-07-13T00:01:35.249Z,https://open.spotify.com/track/1HIV7KpOnHL32AKth0l1eU
324,5fbQCQt91LsVgXusFS0CCD,Disorder - 2007 Remaster,Joy Division,Unknown Pleasures (Collector's Edition),currently_listening,85.00,186.00,80.00,32.00,74.00,3A,2,2026-07-13T00:01:14.458Z,https://open.spotify.com/track/5fbQCQt91LsVgXusFS0CCD
325,3k3FEwVuaokMi13Ud4nnYm,Blood In The Cut,K.Flay,Crush Me,favorites_archive,130.00,207.00,66.00,77.00,64.00,10A,2,2026-07-18T05:17:43.581Z,https://open.spotify.com/track/3k3FEwVuaokMi13Ud4nnYm
326,5pWG3jP50z7LiL7z9WZsjM,High Enough,K.Flay,High Enough,favorites_archive,133.00,153.00,63.00,42.00,48.00,8B,2,2026-07-18T04:37:59.868Z,https://open.spotify.com/track/5pWG3jP50z7LiL7z9WZsjM
327,2b8RCiPb2rtG5AQ1FwyUZX,Come Baby Come,K7,Swing Batta Swing,favorites_archive,106.00,211.00,73.00,83.00,55.00,10B,2,2026-07-12T20:36:39.709Z,https://open.spotify.com/track/2b8RCiPb2rtG5AQ1FwyUZX
328,722tgOgdIbNe3BEyLnejw4,Black Skinhead,Kanye West,Yeezus,skip_for_now,130.00,191.00,81.00,77.00,33.00,3B,2,2026-07-18T05:17:43.625Z,https://open.spotify.com/track/722tgOgdIbNe3BEyLnejw4
329,0m3Ze0cy8qBHSsV2exAfCw,Amazing,"Kanye West,Jeezy",808s & Heartbreak,favorites_archive,146.00,164.00,55.00,59.00,50.00,4B,2,2026-07-12T00:45:42.409Z,https://open.spotify.com/track/0m3Ze0cy8qBHSsV2exAfCw
330,455AfCsOhhLPRc68sE01D8,Last Friday Night (T.G.I.F.),Katy Perry,Teenage Dream: The Complete Confection,skip_for_now,126.00,222.00,81.00,65.00,76.00,2A,2,2026-07-18T04:51:26.372Z,https://open.spotify.com/track/455AfCsOhhLPRc68sE01D8
331,34x6hEJgGAOQvmlMql5Ige,Danger Zone - From  Top Gun  Original Soundtrack,Kenny Loggins,"Yesterday, Today, Tomorrow - The Greatest Hits Of Kenny Loggins",favorites_archive,157.00,209.00,90.00,54.00,65.00,2A,2,2026-07-18T05:17:43.608Z,https://open.spotify.com/track/34x6hEJgGAOQvmlMql5Ige
332,4bFOo0IbTRXQBXNWEpGxXX,King Wizard,Kid Cudi,Indicud,favorites_archive,140.00,171.00,61.00,72.00,38.00,4B,2,2026-07-19T22:57:52.939Z,https://open.spotify.com/track/4bFOo0IbTRXQBXNWEpGxXX
333,1U70qs2xkXUNUUJTvlg0J2,Lord Of The Sad And Lonely,Kid Cudi,Indicud,skip_for_now,95.00,188.00,78.00,72.00,38.00,12A,2,2026-07-19T22:57:52.940Z,https://open.spotify.com/track/1U70qs2xkXUNUUJTvlg0J2
334,0jUie9UEhrUFWo683TC3KW,Unfuckwittable,Kid Cudi,Indicud,favorites_archive,188.00,169.00,83.00,56.00,30.00,6B,2,2026-07-19T22:57:52.938Z,https://open.spotify.com/track/0jUie9UEhrUFWo683TC3KW
335,6GSMozgAebBmuM2hCV15H3,Ashin’ Kusher,Kid Cudi,Man On The Moon II: The Legend Of Mr. Rager,favorites_archive,93.00,208.00,64.00,86.00,58.00,6B,2,2026-07-19T22:57:52.932Z,https://open.spotify.com/track/6GSMozgAebBmuM2hCV15H3
336,2GtaNlidzvK3hY78kCdsHa,Marijuana,Kid Cudi,Man On The Moon II: The Legend Of Mr. Rager,skip_for_now,141.00,161.00,40.00,67.00,54.00,1A,2,2026-07-19T22:57:52.930Z,https://open.spotify.com/track/2GtaNlidzvK3hY78kCdsHa
337,6hPSal3ragmfUt1I5mKZjn,Mojo So Dope,Kid Cudi,Man On The Moon II: The Legend Of Mr. Rager,favorites_archive,180.00,225.00,79.00,61.00,85.00,11A,2,2026-07-19T22:57:52.931Z,https://open.spotify.com/track/6hPSal3ragmfUt1I5mKZjn
338,393MDhe62s8hbH8ETrlxe5,Mr. Rager,Kid Cudi,Man On The Moon II: The Legend Of Mr. Rager,favorites_archive,102.00,198.00,73.00,67.00,58.00,9B,2,2026-07-19T22:57:52.936Z,https://open.spotify.com/track/393MDhe62s8hbH8ETrlxe5
339,0Epl79nHvdyTdZRAiWpJah,REVOFEV,Kid Cudi,Man On The Moon II: The Legend Of Mr. Rager,currently_listening,69.00,153.00,54.00,61.00,38.00,10A,2,2026-07-19T22:57:52.929Z,https://open.spotify.com/track/0Epl79nHvdyTdZRAiWpJah
340,4yCuBvbBvoJ9eVE7QB2Rkg,The Mood,Kid Cudi,Man On The Moon II: The Legend Of Mr. Rager,skip_for_now,120.00,237.00,83.00,86.00,68.00,9A,2,2026-07-19T22:57:52.933Z,https://open.spotify.com/track/4yCuBvbBvoJ9eVE7QB2Rkg
341,03MWa1FMygR3RrQoQytsjS,Cudi Zone,Kid Cudi,Man On The Moon: The End Of Day (Deluxe),currently_listening,135.00,200.00,69.00,71.00,60.00,8A,2,2026-07-19T22:57:52.924Z,https://open.spotify.com/track/03MWa1FMygR3RrQoQytsjS
342,5wfllwdjglyQislkskYLBv,Day 'N' Nite (nightmare),Kid Cudi,Man On The Moon: The End Of Day (Deluxe),skip_for_now,138.00,212.00,44.00,88.00,80.00,10A,2,2026-07-19T22:57:52.922Z,https://open.spotify.com/track/5wfllwdjglyQislkskYLBv
343,78T9DulqSBWqkaxczcGBfk,Man On The Moon,Kid Cudi,Man On The Moon: The End Of Day (Deluxe),skip_for_now,91.00,181.00,66.00,65.00,50.00,8B,2,2026-07-19T22:57:52.927Z,https://open.spotify.com/track/78T9DulqSBWqkaxczcGBfk
344,0RXspLL7GwiGm9KIDdT0ma,Simple As...,Kid Cudi,Man On The Moon: The End Of Day (Deluxe),currently_listening,95.00,205.00,74.00,80.00,51.00,3B,2,2026-07-19T22:57:52.920Z,https://open.spotify.com/track/0RXspLL7GwiGm9KIDdT0ma
345,6xeTNdPnP5imNgDzFMfVfD,Solo Dolo (Nightmare),Kid Cudi,Man On The Moon: The End Of Day (Deluxe),skip_for_now,79.00,182.00,45.00,77.00,60.00,6A,2,2026-07-19T22:57:52.921Z,https://open.spotify.com/track/6xeTNdPnP5imNgDzFMfVfD
346,0rFpcfF0YfvFUYsl99Bw9d,Soundtrack 2 My Life,Kid Cudi,Man On The Moon: The End Of Day (Deluxe),currently_listening,86.00,168.00,76.00,48.00,44.00,8A,2,2026-07-19T22:57:52.918Z,https://open.spotify.com/track/0rFpcfF0YfvFUYsl99Bw9d
347,1RUTIdTnFs8lHSc0Zr4UJB,Up Up & Away,Kid Cudi,Man On The Moon: The End Of Day (Deluxe),skip_for_now,120.00,213.00,88.00,66.00,59.00,3A,2,2026-07-19T22:57:52.926Z,https://open.spotify.com/track/1RUTIdTnFs8lHSc0Zr4UJB
348,6R4flNWy1pWkjzwg3TCDlM,MANIAC,"Kid Cudi,Cage,St. Vincent",Man On The Moon II: The Legend Of Mr. Rager,currently_listening,150.00,161.00,66.00,52.00,43.00,4A,2,2026-07-19T22:57:52.935Z,https://open.spotify.com/track/6R4flNWy1pWkjzwg3TCDlM
349,5QemHQxj7PRkrw8lJl2W7C,Scott Mescudi Vs. The World,"Kid Cudi,CeeLo Green",Man On The Moon II: The Legend Of Mr. Rager,skip_for_now,109.00,208.00,72.00,78.00,58.00,10A,2,2026-07-19T22:57:52.928Z,https://open.spotify.com/track/5QemHQxj7PRkrw8lJl2W7C
350,6XkuklKiHYVTlVvWlTgQYP,Erase Me - Main,"Kid Cudi,Kanye West",Man On The Moon II: The Legend Of Mr. Rager,skip_for_now,186.00,217.00,63.00,69.00,85.00,11B,2,2026-07-19T22:57:52.933Z,https://open.spotify.com/track/6XkuklKiHYVTlVvWlTgQYP
351,7dZAPeA3Of5j5Vaef0DQ6M,Make Her Say,"Kid Cudi,Kanye West,Common",Man On The Moon: The End Of Day (Deluxe),currently_listening,99.00,210.00,71.00,93.00,46.00,3A,2,2026-07-19T22:57:52.919Z,https://open.spotify.com/track/7dZAPeA3Of5j5Vaef0DQ6M
352,20bJBbPapGQ4bqs0YcA9xY,Just What I Am,"Kid Cudi,King Chip",Indicud,skip_for_now,140.00,195.00,95.00,65.00,35.00,3B,2,2026-07-19T22:57:52.938Z,https://open.spotify.com/track/20bJBbPapGQ4bqs0YcA9xY
353,2XQKestqcKNAxnmo5hh3Yo,These Worries,"Kid Cudi,Mary J. Blige",Man On The Moon II: The Legend Of Mr. Rager,currently_listening,88.00,137.00,61.00,57.00,19.00,1B,2,2026-07-19T22:57:52.937Z,https://open.spotify.com/track/2XQKestqcKNAxnmo5hh3Yo
354,6MtKObWYda2qnNIpJI21uD,Pursuit Of Happiness (Nightmare),"Kid Cudi,MGMT,Ratatat",Man On The Moon: The End Of Day (Deluxe),skip_for_now,115.00,153.00,61.00,63.00,29.00,8B,2,2026-07-19T22:57:52.925Z,https://open.spotify.com/track/6MtKObWYda2qnNIpJI21uD
355,3HG3QFERdP3Q1b6VGahwWs,Alive (Nightmare),"Kid Cudi,Ratatat",Man On The Moon: The End Of Day (Deluxe),currently_listening,102.00,223.00,82.00,71.00,70.00,11A,2,2026-07-19T22:57:52.923Z,https://open.spotify.com/track/3HG3QFERdP3Q1b6VGahwWs
356,3QWjljChcOMkRDYSzF33Qr,Whippin,"Kiiara,Felix Snow",Whippin (feat. Felix Snow),skip_for_now,83.00,204.00,50.00,87.00,67.00,4A,2,2026-07-18T04:51:26.352Z,https://open.spotify.com/track/3QWjljChcOMkRDYSzF33Qr
357,0ntQJM78wzOLVeCUAW7Y45,Sex on Fire,Kings of Leon,Only By The Night,skip_for_now,153.00,182.00,91.00,54.00,37.00,11B,2,2026-07-18T04:51:26.371Z,https://open.spotify.com/track/0ntQJM78wzOLVeCUAW7Y45
358,09TSAykx6dM7ml7oX5mrbn,Damage Done,Kita Alexander,Damage Done,skip_for_now,118.00,192.00,48.00,75.00,69.00,11A,2,2026-07-18T05:17:43.578Z,https://open.spotify.com/track/09TSAykx6dM7ml7oX5mrbn
359,5DIBVDJOHh7djepAjKHWCO,Heart Like A Truck,Lainey Wilson,Bell Bottom Country,favorites_archive,140.00,161.00,63.00,59.00,39.00,11B,2,2026-07-13T00:35:28.354Z,https://open.spotify.com/track/5DIBVDJOHh7djepAjKHWCO
360,4jZWeEaLCnwYtLnVEN6BYV,Blue Jeans,Lana Del Rey,Born To Die,favorites_archive,118.00,190.00,84.00,56.00,50.00,5B,2,2026-07-12T06:35:51.434Z,https://open.spotify.com/track/4jZWeEaLCnwYtLnVEN6BYV
361,2Y115i0IhELJhyyftvoSFt,Dark Paradise,Lana Del Rey,Born To Die - The Paradise Edition,favorites_archive,120.00,168.00,65.00,60.00,43.00,12A,2,2026-07-13T00:29:38.598Z,https://open.spotify.com/track/2Y115i0IhELJhyyftvoSFt
362,24jvD83UgLmrdGjhWTFslY,Video Games,Lana Del Rey,Born To Die - The Paradise Edition,currently_listening,73.00,67.00,25.00,24.00,18.00,11A,2,2026-07-13T00:57:19.346Z,https://open.spotify.com/track/24jvD83UgLmrdGjhWTFslY
363,5fpZBXuorlUCC9SP6LVuw3,West Coast,Lana Del Rey,Ultraviolence,favorites_archive,123.00,158.00,59.00,53.00,46.00,11A,2,2026-07-13T00:33:12.376Z,https://open.spotify.com/track/5fpZBXuorlUCC9SP6LVuw3
364,6SkGAtFv38tQjouh7UeNpu,Where The Silence Goes,LEAP,One Million Pieces,save_for_later,170.00,178.00,91.00,47.00,40.00,9B,2,2026-07-13T00:24:42.662Z,https://open.spotify.com/track/6SkGAtFv38tQjouh7UeNpu
365,0hCB0YR03f6AmQaHbwWDe8,Whole Lotta Love - 1990 Remaster,Led Zeppelin,Led Zeppelin II (1994 Remaster),favorites_archive,90.00,173.00,90.00,41.00,42.00,11B,2,2026-07-18T04:51:26.367Z,https://open.spotify.com/track/0hCB0YR03f6AmQaHbwWDe8
366,4DJwdQDai9DLYBL9TNrEDo,Girl On TV,LFO,LFO,favorites_archive,96.00,176.00,72.00,69.00,35.00,9A,2,2026-07-12T19:42:31.502Z,https://open.spotify.com/track/4DJwdQDai9DLYBL9TNrEDo
367,7MdEJ3bjnxslNiG8CHvOnq,6 Minutes,LFO,Life Is Good,favorites_archive,145.00,221.00,86.00,63.00,72.00,9B,2,2026-07-12T04:37:36.513Z,https://open.spotify.com/track/7MdEJ3bjnxslNiG8CHvOnq
368,3uD4aRM8QoEAAhwpOke7QU,Every Other Time - Radio Edit & Album Version,LFO,Life Is Good,favorites_archive,104.00,233.00,92.00,69.00,72.00,1B,2,2026-07-12T06:54:28.930Z,https://open.spotify.com/track/3uD4aRM8QoEAAhwpOke7QU
369,6u7jPi22kF8CTQ3rb9DHE7,Old Town Road - Remix,"Lil Nas X,Billy Ray Cyrus",Old Town Road,favorites_archive,136.00,214.00,62.00,88.00,64.00,2B,2,2026-07-18T05:17:43.564Z,https://open.spotify.com/track/6u7jPi22kF8CTQ3rb9DHE7
370,5jv3QxL0MFswzM1UJ2qQJM,How Many Licks,"Lil' Kim,Sisqo",The Notorious K.I.M.,favorites_archive,105.00,228.00,85.00,78.00,65.00,3A,2,2026-07-18T04:37:59.880Z,https://open.spotify.com/track/5jv3QxL0MFswzM1UJ2qQJM
371,2gSVKxPDww9Eep5rdvtdem,My Way,Limp Bizkit,Chocolate Starfish And The Hot Dog Flavored Water,currently_listening,97.00,205.00,86.00,58.00,61.00,2B,2,2026-07-12T23:58:25.531Z,https://open.spotify.com/track/2gSVKxPDww9Eep5rdvtdem
372,23DZLSxCK6kM8FF2RlzKDl,You're No Good,Linda Ronstadt,Heart Like A Wheel,skip_for_now,105.00,182.00,52.00,67.00,63.00,4B,2,2026-07-19T22:57:52.900Z,https://open.spotify.com/track/23DZLSxCK6kM8FF2RlzKDl
373,6aCBjSb87RizdH8lVBIRW7,Good Things Go,Linkin Park,From Zero,currently_listening,127.00,161.00,76.00,54.00,31.00,7A,2,2026-07-12T00:50:56.473Z,https://open.spotify.com/track/6aCBjSb87RizdH8lVBIRW7
374,6n8TMVyFKoUmDc4apxceRD,Breaking the Habit,Linkin Park,Meteora,currently_listening,100.00,204.00,87.00,58.00,59.00,9A,2,2026-07-12T23:56:26.616Z,https://open.spotify.com/track/6n8TMVyFKoUmDc4apxceRD
375,4Yf5bqU3NK4kNOypcrLYwU,Faint,Linkin Park,Meteora,currently_listening,135.00,214.00,98.00,55.00,61.00,12B,2,2026-07-12T00:53:51.344Z,https://open.spotify.com/track/4Yf5bqU3NK4kNOypcrLYwU
376,2PnlsTsOTLE5jnBnNe2K0A,The Emptiness Machine,Linkin Park,The Emptiness Machine,currently_listening,184.00,215.00,87.00,47.00,81.00,9B,2,2026-07-12T00:59:20.587Z,https://open.spotify.com/track/2PnlsTsOTLE5jnBnNe2K0A
377,6Wx88Mv6b9ofjKMKkdwOJd,New Divide,Linkin Park,Transformers: Revenge Of The Fallen The Album,currently_listening,118.00,168.00,81.00,49.00,38.00,4A,2,2026-07-12T01:01:12.414Z,https://open.spotify.com/track/6Wx88Mv6b9ofjKMKkdwOJd
378,6Ol1COvQbsEaYmdTLtV7rg,City Of Sin,Linus Young,City Of Sin,save_for_later,80.00,148.00,46.00,63.00,39.00,6A,2,2026-07-18T04:51:26.388Z,https://open.spotify.com/track/6Ol1COvQbsEaYmdTLtV7rg
379,3SKH53SPQbEnZR4cJPVaz2,Messy,Lola Young,Messy,favorites_archive,111.00,200.00,55.00,80.00,65.00,11B,2,2026-07-12T21:31:49.850Z,https://open.spotify.com/track/3SKH53SPQbEnZR4cJPVaz2
380,6aOBqxcTsUrtPM2cx5GYum,Smoke and Mirrors,Luna Bay,Smoke and Mirrors,skip_for_now,102.00,123.00,61.00,47.00,15.00,12A,2,2026-07-18T04:37:59.902Z,https://open.spotify.com/track/6aOBqxcTsUrtPM2cx5GYum
381,50M2QjfSM82wkJ1d0iV4mh,Daydreamin' (feat. Jill Scott),"Lupe Fiasco,Jill Scott",Lupe Fiasco's Food & Liquor,skip_for_now,81.00,189.00,74.00,53.00,62.00,4A,2,2026-07-19T22:57:52.941Z,https://open.spotify.com/track/50M2QjfSM82wkJ1d0iV4mh
382,4u3aErjHkwVqqdyfNDMyJ1,I Know Places,Lykke Li,Wounded Rhymes,favorites_archive,102.00,53.00,11.00,37.00,5.00,6A,2,2026-07-18T04:51:26.390Z,https://open.spotify.com/track/4u3aErjHkwVqqdyfNDMyJ1
383,0Ps4Eh6SQjeLnubbCsQTDD,Little Bit,Lykke Li,Youth Novels,favorites_archive,120.00,226.00,74.00,82.00,70.00,9B,2,2026-07-18T04:51:26.390Z,https://open.spotify.com/track/0Ps4Eh6SQjeLnubbCsQTDD
384,6kfZ93lVSdav6RinRVEWDa,Wake Up,Mac Miller,Best Day Ever (5th Anniversary Remastered Edition),currently_listening,109.00,216.00,78.00,74.00,64.00,9A,2,2026-07-19T22:57:52.944Z,https://open.spotify.com/track/6kfZ93lVSdav6RinRVEWDa
385,6AjXmTomWUWZ6Za0X6ypjl,Knock Knock,Mac Miller,K.I.D.S. (Deluxe),currently_listening,109.00,209.00,93.00,68.00,48.00,9A,2,2026-07-19T22:57:52.943Z,https://open.spotify.com/track/6AjXmTomWUWZ6Za0X6ypjl
386,1RcCApDP3AP7bAm81iYsJ3,Loud,Mac Miller,Macadelic,skip_for_now,140.00,176.00,87.00,64.00,25.00,3B,2,2026-07-19T22:57:52.942Z,https://open.spotify.com/track/1RcCApDP3AP7bAm81iYsJ3
387,7HiW7iuKc5AcEcS1NNhHqP,Stonecold,machineheart,Stonecold,favorites_archive,94.00,114.00,37.00,62.00,15.00,9B,2,2026-07-18T04:37:59.929Z,https://open.spotify.com/track/7HiW7iuKc5AcEcS1NNhHqP
388,3850dYVgOFIXJh5U4BFEWH,Hung Up,Madonna,Confessions on a Dance Floor,favorites_archive,125.00,171.00,65.00,65.00,41.00,8A,2,2026-07-13T00:26:21.635Z,https://open.spotify.com/track/3850dYVgOFIXJh5U4BFEWH
389,4JVjcbILBGcbxlZN0VKl9z,Empty Promises,Mainland,Empty Promises,skip_for_now,180.00,177.00,71.00,49.00,57.00,10A,2,2026-07-18T04:37:59.921Z,https://open.spotify.com/track/4JVjcbILBGcbxlZN0VKl9z
390,5fvbLe4bIfFR4B5iB2EQSe,Just A Feeling,Maroon 5,Hands All Over,favorites_archive,150.00,151.00,62.00,60.00,29.00,5B,2,2026-07-13T00:32:57.054Z,https://open.spotify.com/track/5fvbLe4bIfFR4B5iB2EQSe
391,5koY5cw48AQ4EooGDqwUaZ,Runaway,Maroon 5,Hands All Over (Deluxe),favorites_archive,100.00,209.00,84.00,66.00,59.00,10A,2,2026-07-18T04:37:59.906Z,https://open.spotify.com/track/5koY5cw48AQ4EooGDqwUaZ
392,1EQoBUXD7EApSye8jmJTTg,Better That We Break,Maroon 5,It Won't Be Soon Before Long.,skip_for_now,80.00,151.00,61.00,52.00,38.00,8B,2,2026-07-18T05:17:43.628Z,https://open.spotify.com/track/1EQoBUXD7EApSye8jmJTTg
393,0Bw6iiL5mYvq5I8VCaspqG,Goodnight Goodnight,Maroon 5,It Won't Be Soon Before Long.,favorites_archive,95.00,156.00,70.00,59.00,27.00,10B,2,2026-07-18T05:17:43.629Z,https://open.spotify.com/track/0Bw6iiL5mYvq5I8VCaspqG
394,6RFxg84B3wA2zUs9RrVOTZ,Not Falling Apart,Maroon 5,It Won't Be Soon Before Long.,favorites_archive,120.00,189.00,71.00,76.00,42.00,9B,2,2026-07-18T05:17:43.632Z,https://open.spotify.com/track/6RFxg84B3wA2zUs9RrVOTZ
395,5b2aMqcSeAMlDptX6EjE7m,Lucky Strike,Maroon 5,Overexposed (Deluxe),favorites_archive,144.00,184.00,74.00,67.00,43.00,10A,2,2026-07-12T21:30:41.208Z,https://open.spotify.com/track/5b2aMqcSeAMlDptX6EjE7m
396,4IvgQX4Q9QEThOCpWkuMqE,Tickets,Maroon 5,Overexposed (Deluxe),favorites_archive,120.00,259.00,82.00,80.00,97.00,9A,2,2026-07-18T05:20:13.496Z,https://open.spotify.com/track/4IvgQX4Q9QEThOCpWkuMqE
397,2RjpDxBii8EvC6p6wxwCSz,Harder To Breathe,Maroon 5,Songs About Jane,favorites_archive,150.00,254.00,91.00,66.00,97.00,12A,2,2026-07-18T05:17:43.629Z,https://open.spotify.com/track/2RjpDxBii8EvC6p6wxwCSz
398,2bL2gyO6kBdLkNSkxXNh6x,Animals,Maroon 5,V,favorites_archive,190.00,135.00,74.00,28.00,33.00,9A,2,2026-07-12T20:17:10.910Z,https://open.spotify.com/track/2bL2gyO6kBdLkNSkxXNh6x
399,52yOf7Ls1u5AO3cFIzQ58m,Cold,"Maroon 5,Future",Cold,favorites_archive,100.00,187.00,71.00,70.00,46.00,8A,2,2026-07-18T04:37:59.881Z,https://open.spotify.com/track/52yOf7Ls1u5AO3cFIzQ58m
400,5kDJvxVwV5JY1DpCrQRhRk,English Town,Matchbox Twenty,North (Deluxe Edition),favorites_archive,115.00,166.00,70.00,62.00,34.00,8A,2,2026-07-13T00:27:56.500Z,https://open.spotify.com/track/5kDJvxVwV5JY1DpCrQRhRk
401,4t86vQyqJuck4tAn9eIzHH,Bank On The Funeral,Matt Maeson,Bank On The Funeral,favorites_archive,177.00,78.00,30.00,29.00,19.00,2B,2,2026-07-18T05:17:43.568Z,https://open.spotify.com/track/4t86vQyqJuck4tAn9eIzHH
402,5a0z3YMeIkXwvJxja3gdy9,Downstairs,Matt Maeson,Downstairs,favorites_archive,137.00,139.00,49.00,65.00,25.00,2B,2,2026-07-12T20:58:06.585Z,https://open.spotify.com/track/5a0z3YMeIkXwvJxja3gdy9
403,1C1PabZfidunDI3xEj0D0H,Get Happy,Matt Maeson,Get Happy,favorites_archive,168.00,164.00,87.00,42.00,35.00,11B,2,2026-07-12T19:42:08.120Z,https://open.spotify.com/track/1C1PabZfidunDI3xEj0D0H
404,6UWmNaS12bUJzFBuQB6e7j,Grave Digger,Matt Maeson,Grave Digger,favorites_archive,140.00,137.00,44.00,56.00,37.00,11A,2,2026-07-18T04:37:59.899Z,https://open.spotify.com/track/6UWmNaS12bUJzFBuQB6e7j
405,2IGEPotTBIcmxM5SOFot6V,Lonely As You,Matt Maeson,Never Had to Leave,favorites_archive,172.00,200.00,69.00,55.00,76.00,7B,2,2026-07-13T00:14:37.614Z,https://open.spotify.com/track/2IGEPotTBIcmxM5SOFot6V
406,72HVBW3f3TF2p8aCP1h1Nu,My Hand/Lawless Dream,Matt Maeson,Never Had to Leave,currently_listening,113.00,137.00,56.00,56.00,25.00,6B,2,2026-07-18T04:43:27.816Z,https://open.spotify.com/track/72HVBW3f3TF2p8aCP1h1Nu
407,6Lx4J5IvSfGn0qRUxPupV5,The Hearse - Stripped,Matt Maeson,The Hearse (Stripped),skip_for_now,156.00,114.00,34.00,43.00,37.00,10A,2,2026-07-18T05:17:43.617Z,https://open.spotify.com/track/6Lx4J5IvSfGn0qRUxPupV5
408,1OV5oUwrL4iw0UTfZy3pGe,Cringe,Matt Maeson,Who Killed Matt Maeson,favorites_archive,126.00,160.00,47.00,73.00,40.00,7B,2,2026-07-12T20:38:14.939Z,https://open.spotify.com/track/1OV5oUwrL4iw0UTfZy3pGe
409,4Xx0J00u90QvnG3rwz4Itp,Adderall,Max Frost,Adderall,favorites_archive,100.00,213.00,89.00,68.00,56.00,2B,2,2026-07-18T04:37:59.918Z,https://open.spotify.com/track/4Xx0J00u90QvnG3rwz4Itp
410,17zIpOrDoEDcPvS34i5t3I,Wrong,"MAX,Lil Uzi Vert",Wrong,skip_for_now,140.00,160.00,56.00,61.00,43.00,8B,2,2026-07-18T04:51:26.378Z,https://open.spotify.com/track/17zIpOrDoEDcPvS34i5t3I
411,1HtrQWNpyEbGMEiwCjmPdi,Curbstomp,MEG MYERS,Daughter in the Choir,currently_listening,123.00,153.00,67.00,68.00,18.00,6A,2,2026-07-12T01:07:34.246Z,https://open.spotify.com/track/1HtrQWNpyEbGMEiwCjmPdi
412,0TkKxuAP37iUqSzQMi3CsL,Poison,MEG MYERS,Daughter in the Choir,currently_listening,123.00,200.00,65.00,71.00,64.00,8B,2,2026-07-12T00:49:28.747Z,https://open.spotify.com/track/0TkKxuAP37iUqSzQMi3CsL
413,2GvtgZIVoPbFrpG659ggUD,Desire,MEG MYERS,Make a Shadow,favorites_archive,132.00,140.00,61.00,62.00,17.00,9B,2,2026-07-18T04:51:26.369Z,https://open.spotify.com/track/2GvtgZIVoPbFrpG659ggUD
414,3xN4BIFz9spIZ0NIHTKFGC,Feather,MEG MYERS,Sorry,currently_listening,150.00,124.00,58.00,51.00,15.00,10A,2,2026-07-13T00:31:42.468Z,https://open.spotify.com/track/3xN4BIFz9spIZ0NIHTKFGC
415,47wC5QlTE6UrHKMOz2PrP2,I Really Want You to Hate Me,MEG MYERS,Sorry,favorites_archive,124.00,153.00,54.00,68.00,31.00,6A,2,2026-07-12T00:53:33.696Z,https://open.spotify.com/track/47wC5QlTE6UrHKMOz2PrP2
416,5sjEQjDkEYOr1RB6n5acXD,Lemon Eyes,MEG MYERS,Sorry,favorites_archive,140.00,200.00,57.00,78.00,65.00,8B,2,2026-07-18T04:51:26.379Z,https://open.spotify.com/track/5sjEQjDkEYOr1RB6n5acXD
417,5tb5fb5moizAdu3Z6jljn2,Make a Shadow,MEG MYERS,Sorry,currently_listening,134.00,145.00,42.00,73.00,30.00,11A,2,2026-07-13T00:33:47.175Z,https://open.spotify.com/track/5tb5fb5moizAdu3Z6jljn2
418,2wZBb1r0BYixj88W9VsrTl,Motel,MEG MYERS,Sorry,currently_listening,80.00,153.00,74.00,50.00,29.00,8B,2,2026-07-13T00:35:03.970Z,https://open.spotify.com/track/2wZBb1r0BYixj88W9VsrTl
419,22MuigRpnwPjbAtUSTexb8,Jealous Sea,MEG MYERS,Take Me To The Disco,currently_listening,79.00,137.00,64.00,53.00,20.00,11A,2,2026-07-13T00:31:55.654Z,https://open.spotify.com/track/22MuigRpnwPjbAtUSTexb8
420,3XMyREykeptNpvd0tE75xw,Numb,MEG MYERS,Take Me To The Disco,favorites_archive,82.00,149.00,69.00,51.00,29.00,7B,2,2026-07-13T00:35:50.990Z,https://open.spotify.com/track/3XMyREykeptNpvd0tE75xw
421,6s3aITK4gMINveYvaD7qxs,Take Me To The Disco,MEG MYERS,Take Me To The Disco,currently_listening,87.00,124.00,56.00,48.00,20.00,5A,2,2026-07-13T00:32:19.134Z,https://open.spotify.com/track/6s3aITK4gMINveYvaD7qxs
422,2UdCAgl9eX9VevTzo4Rbyn,The Death Of Me,MEG MYERS,Take Me To The Disco,currently_listening,140.00,184.00,87.00,56.00,41.00,4B,2,2026-07-12T01:04:28.233Z,https://open.spotify.com/track/2UdCAgl9eX9VevTzo4Rbyn
423,4z2xy1UYMu70xCkWudeL96,Gimme Sympathy,Metric,Fantasies,currently_listening,139.00,145.00,89.00,45.00,11.00,11B,2,2026-07-12T21:03:29.844Z,https://open.spotify.com/track/4z2xy1UYMu70xCkWudeL96
424,6cc4X3CBJhdPbARRbyaJkP,Help I'm Alive - BYNX Rework,"Metric,BYNX",Help I'm Alive (BYNX Rework),currently_listening,140.00,194.00,76.00,77.00,41.00,11A,2,2026-07-13T00:54:40.812Z,https://open.spotify.com/track/6cc4X3CBJhdPbARRbyaJkP
425,7KX65PC1UZuImsUInThbav,Cold Little Heart - Radio Edit,Michael Kiwanuka,Cold Little Heart (Radio Edit),favorites_archive,110.00,187.00,58.00,63.00,66.00,6A,2,2026-07-18T05:17:43.605Z,https://open.spotify.com/track/7KX65PC1UZuImsUInThbav
426,7oOEFDLSQscl0uGulnIEmG,Love & Hate,Michael Kiwanuka,Love & Hate,skip_for_now,170.00,130.00,49.00,28.00,53.00,6A,2,2026-07-18T05:17:43.616Z,https://open.spotify.com/track/7oOEFDLSQscl0uGulnIEmG
427,0JXXNGljqupsJaZsgSbMZV,Sure Thing,Miguel,All I Want Is You,favorites_archive,81.00,179.00,61.00,68.00,50.00,10A,2,2026-07-18T04:37:59.930Z,https://open.spotify.com/track/0JXXNGljqupsJaZsgSbMZV
428,6yHczwGhD6R0Mh1fe6IHkG,Genghis Khan,Miike Snow,Genghis Khan,skip_for_now,94.00,195.00,84.00,70.00,41.00,8B,2,2026-07-18T01:03:51.370Z,https://open.spotify.com/track/6yHczwGhD6R0Mh1fe6IHkG
429,0EE1wyppif56kWOdETvVsg,Devil Devil,MILCK,Devil Devil,skip_for_now,142.00,121.00,39.00,54.00,28.00,3B,2,2026-07-18T01:04:49.176Z,https://open.spotify.com/track/0EE1wyppif56kWOdETvVsg
430,0fHZirprNSLEc1OLs1OiwL,Blossom,Milky Chance,Blossom (Deluxe),favorites_archive,120.00,228.00,68.00,75.00,85.00,12B,2,2026-07-18T04:37:59.865Z,https://open.spotify.com/track/0fHZirprNSLEc1OLs1OiwL
431,7bAQMATn7EjiNNlS409S51,Doing Good,Milky Chance,Doing Good,favorites_archive,98.00,217.00,73.00,71.00,73.00,8A,2,2026-07-18T05:17:43.549Z,https://open.spotify.com/track/7bAQMATn7EjiNNlS409S51
432,6vemhd0tPB9kQhlgHWxVXE,Fuck Machine,Mindless Self Indulgence,How I Learned to Stop Giving a Shit and Love Mindless Self Indulgence,currently_listening,151.00,206.00,97.00,60.00,49.00,4A,2,2026-07-13T00:06:47.231Z,https://open.spotify.com/track/6vemhd0tPB9kQhlgHWxVXE
433,3yP1J5mOJ8MvifFoNjA3Lx,Taste It,Modern Alibi,American Radio,currently_listening,145.00,204.00,88.00,57.00,59.00,7A,2,2026-07-13T00:02:52.016Z,https://open.spotify.com/track/3yP1J5mOJ8MvifFoNjA3Lx
434,7fa34IepKo01jV34GTMxQC,Third Side of the Moon,Modest Mouse,An Eraser And A Maze,currently_listening,171.00,180.00,71.00,48.00,61.00,12B,2,2026-07-12T23:49:12.605Z,https://open.spotify.com/track/7fa34IepKo01jV34GTMxQC
435,7kV2X1k53MtgkLpz5PKDe6,Us & Them,MONA,In the Middle,favorites_archive,167.00,159.00,85.00,35.00,39.00,5B,2,2026-07-18T04:37:59.922Z,https://open.spotify.com/track/7kV2X1k53MtgkLpz5PKDe6
436,3sh0NSn2Eq1ERtTRmITZze,home,MORGXN,home,skip_for_now,100.00,222.00,67.00,67.00,88.00,1B,2,2026-07-18T04:51:26.347Z,https://open.spotify.com/track/3sh0NSn2Eq1ERtTRmITZze
437,6bON0csSf7G4LDsUrBwQ54,Dirty Love,Mt. Joy,Mt. Joy,favorites_archive,125.00,187.00,44.00,77.00,66.00,4A,2,2026-07-12T06:47:27.958Z,https://open.spotify.com/track/6bON0csSf7G4LDsUrBwQ54
438,7vZ9v4c0ft0ro30awMw32V,Cryogen,Muse,The Wow! Signal,save_for_later,133.00,185.00,96.00,39.00,50.00,9B,2,2026-07-13T00:07:57.445Z,https://open.spotify.com/track/7vZ9v4c0ft0ro30awMw32V
439,2ssHVnC8IEkQouNXfPDfAe,Hexagons,Muse,The Wow! Signal,save_for_later,141.00,123.00,80.00,18.00,25.00,9A,2,2026-07-13T00:08:10.832Z,https://open.spotify.com/track/2ssHVnC8IEkQouNXfPDfAe
440,1JIffDQIhTeOeqYW66uu9e,The Dark Forest,Muse,The Wow! Signal,save_for_later,127.00,147.00,88.00,40.00,19.00,8B,2,2026-07-13T00:08:17.600Z,https://open.spotify.com/track/1JIffDQIhTeOeqYW66uu9e
441,15y1BArk8UmePx9hqQDh42,The Sickness In You & I,Muse,The Wow! Signal,save_for_later,84.00,153.00,85.00,37.00,31.00,10B,2,2026-07-13T00:08:24.692Z,https://open.spotify.com/track/15y1BArk8UmePx9hqQDh42
442,5OLvTcn4P3pZQ4erbwg6ro,Unravelling,Muse,The Wow! Signal,save_for_later,88.00,183.00,83.00,54.00,46.00,9B,2,2026-07-13T00:08:30.176Z,https://open.spotify.com/track/5OLvTcn4P3pZQ4erbwg6ro
443,1fBl642IhJOE5U319Gy2Go,Animal,Neon Trees,Habits,favorites_archive,148.00,205.00,83.00,48.00,74.00,7B,2,2026-07-12T19:36:02.721Z,https://open.spotify.com/track/1fBl642IhJOE5U319Gy2Go
444,2iUmqdfGZcHIhS3b9E9EWq,Everybody Talks,Neon Trees,Picture Show,favorites_archive,155.00,211.00,92.00,47.00,72.00,4B,2,2026-07-12T19:36:24.538Z,https://open.spotify.com/track/2iUmqdfGZcHIhS3b9E9EWq
445,1Sca7ILWxXYzWL2WhJtPtI,Hot Boy Things,Nick Hissom,Hot Boy Things,save_for_later,118.00,245.00,70.00,82.00,93.00,11A,2,2026-07-19T21:32:34.338Z,https://open.spotify.com/track/1Sca7ILWxXYzWL2WhJtPtI
446,7xbF5Nf1iKYmwvD9EWhJav,Fever To The Form,Nick Mulvey,Fever To The Form,favorites_archive,142.00,110.00,53.00,34.00,23.00,5A,2,2026-07-18T04:51:26.381Z,https://open.spotify.com/track/7xbF5Nf1iKYmwvD9EWhJav
447,0EJfFBsTiTDqariX5cZfrC,Carl Sagan,Night Moves,Carl Sagan,favorites_archive,118.00,167.00,73.00,47.00,47.00,1A,2,2026-07-18T01:03:51.371Z,https://open.spotify.com/track/0EJfFBsTiTDqariX5cZfrC
448,5XsAH0jVF3Dhk1PsEq3vLl,Breaking Free,Night Riots,Breaking Free,skip_for_now,166.00,184.00,87.00,45.00,52.00,9B,2,2026-07-18T04:51:26.349Z,https://open.spotify.com/track/5XsAH0jVF3Dhk1PsEq3vLl
449,618DIJLSOg5ffmXaFFRsnv,Fangs,Night Riots,Fangs,skip_for_now,145.00,183.00,85.00,52.00,46.00,9B,2,2026-07-18T04:51:26.337Z,https://open.spotify.com/track/618DIJLSOg5ffmXaFFRsnv
450,2Zh6bWnTExBlouGC6PK5Kt,Talk To Me,Nightly,Honest,skip_for_now,93.00,181.00,81.00,55.00,45.00,8B,2,2026-07-18T04:51:26.348Z,https://open.spotify.com/track/2Zh6bWnTExBlouGC6PK5Kt
451,3mNecsYFb6LQg7822DPXCP,Absolutely (Story of a Girl) - Radio Mix,Nine Days,The Madding Crowd,favorites_archive,96.00,208.00,94.00,48.00,66.00,9B,2,2026-07-12T20:10:48.415Z,https://open.spotify.com/track/3mNecsYFb6LQg7822DPXCP
452,58eQPs5CDTS7wITft4Klta,Mr. Bojangles - Remastered,Nitty Gritty Dirt Band,Uncle Charlie And His Dog Teddy (Remastered),skip_for_now,155.00,146.00,57.00,46.00,43.00,10B,2,2026-07-19T22:57:52.901Z,https://open.spotify.com/track/58eQPs5CDTS7wITft4Klta
453,2Cp5exQvEWphydFc11pxO6,Undercover,No Doubt,Push And Shove,favorites_archive,136.00,183.00,82.00,50.00,51.00,12A,2,2026-07-12T06:37:19.773Z,https://open.spotify.com/track/2Cp5exQvEWphydFc11pxO6
454,3yn01PcU95PTbiZ3xvop2j,Call Your Mom,Noah Kahan,Stick Season (We'll All Be Here Forever),skip_for_now,172.00,87.00,22.00,49.00,16.00,8B,2,2026-07-19T22:57:52.892Z,https://open.spotify.com/track/3yn01PcU95PTbiZ3xvop2j
455,3A5rfmGdSmfcNqIURUJt4z,All I Need Is You,NOMARKMORE,Exhibition Number Zero,currently_listening,176.00,166.00,53.00,47.00,66.00,1A,2,2026-07-13T00:22:25.554Z,https://open.spotify.com/track/3A5rfmGdSmfcNqIURUJt4z
456,5N7Cdi5Te9E3rejjuyRwll,Your Chaos,NOMARKMORE,Exhibition Number Zero,currently_listening,124.00,184.00,45.00,74.00,65.00,2B,2,2026-07-12T00:37:10.726Z,https://open.spotify.com/track/5N7Cdi5Te9E3rejjuyRwll
457,5jGxeAkNbep75x8JLeb52H,Upside Down & Inside Out,OK Go,Hungry Ghosts,currently_listening,93.00,192.00,82.00,56.00,54.00,8B,2,2026-07-13T00:09:04.517Z,https://open.spotify.com/track/5jGxeAkNbep75x8JLeb52H
458,4wcBRRpIfesgcyUtis7PEg,"1 step forward, 3 steps back",Olivia Rodrigo,SOUR,favorites_archive,169.00,109.00,20.00,47.00,42.00,10B,2,2026-07-12T20:09:38.183Z,https://open.spotify.com/track/4wcBRRpIfesgcyUtis7PEg
459,0A2d4khGCCkWJS0SAZNxoP,Real,Olly Alexander (Years & Years),Communion (Deluxe),save_for_later,114.00,190.00,59.00,74.00,57.00,8B,2,2026-07-18T05:17:43.610Z,https://open.spotify.com/track/0A2d4khGCCkWJS0SAZNxoP
460,1NrJYpdAi7uosDRPmSYrsG,Apologize,OneRepublic,Dreaming Out Loud,favorites_archive,118.00,183.00,74.00,59.00,50.00,4B,2,2026-07-18T05:17:43.627Z,https://open.spotify.com/track/1NrJYpdAi7uosDRPmSYrsG
461,2tpWsVSb9UEmDRxAl1zhX1,Counting Stars,OneRepublic,Native,favorites_archive,122.00,184.00,71.00,66.00,47.00,12A,2,2026-07-12T20:37:38.402Z,https://open.spotify.com/track/2tpWsVSb9UEmDRxAl1zhX1
462,4QeoDcR16IHpmmgFGQDrCp,No Vacancy,OneRepublic,No Vacancy,skip_for_now,100.00,193.00,73.00,72.00,48.00,7B,2,2026-07-18T04:51:26.356Z,https://open.spotify.com/track/4QeoDcR16IHpmmgFGQDrCp
463,7kAykEQsPsC67ML8qQmOSW,Dream,OneRepublic,Oh My My,skip_for_now,105.00,195.00,64.00,76.00,55.00,10A,2,2026-07-18T04:51:26.364Z,https://open.spotify.com/track/7kAykEQsPsC67ML8qQmOSW
464,0mjAU3yKR1QnXnHtjGJqTM,Rescue Me,OneRepublic,Rescue Me,skip_for_now,121.00,201.00,61.00,76.00,64.00,9B,2,2026-07-18T05:17:43.560Z,https://open.spotify.com/track/0mjAU3yKR1QnXnHtjGJqTM
465,0KdwmtG44yIDpyie4b0jCn,Wherever I Go,OneRepublic,Wherever I Go,skip_for_now,100.00,158.00,70.00,55.00,33.00,3A,2,2026-07-18T04:51:26.376Z,https://open.spotify.com/track/0KdwmtG44yIDpyie4b0jCn
466,4nSrvWuCRK5yzY4K5iksAr,Play Nice,Pacific Air,Stop Talking (Spotify Exclusive),favorites_archive,109.00,175.00,73.00,61.00,41.00,4B,2,2026-07-13T00:25:12.809Z,https://open.spotify.com/track/4nSrvWuCRK5yzY4K5iksAr
467,4jozjPDv6YVVDmDqDQqyTf,Always,Panama,Always EP (Deluxe Edition),skip_for_now,116.00,181.00,76.00,61.00,44.00,4A,2,2026-07-18T04:51:26.389Z,https://open.spotify.com/track/4jozjPDv6YVVDmDqDQqyTf
468,2arL1Kf2JBS7ms00JAz4w0,Help,Papa Roach,Help,currently_listening,92.00,171.00,92.00,51.00,28.00,10B,2,2026-07-18T04:37:59.921Z,https://open.spotify.com/track/2arL1Kf2JBS7ms00JAz4w0
469,5916POJDlPQRBbe1SJc7uK,Good Girl,Paris Paloma,Good Girl,currently_listening,129.00,166.00,77.00,62.00,27.00,9B,2,2026-07-12T23:49:33.893Z,https://open.spotify.com/track/5916POJDlPQRBbe1SJc7uK
470,4B0cJGASxVICLW2AsBZhiE,LABOUR - the cacophony,Paris Paloma,LABOUR (the cacophony),currently_listening,168.00,161.00,79.00,53.00,29.00,10A,2,2026-07-12T01:01:26.723Z,https://open.spotify.com/track/4B0cJGASxVICLW2AsBZhiE
471,2NEJSUekQg1nVvTI0ctJeA,Stem the Flow,Paris Paloma,Stem the Flow,save_for_later,129.00,166.00,86.00,57.00,23.00,11B,2,2026-07-12T01:25:07.634Z,https://open.spotify.com/track/2NEJSUekQg1nVvTI0ctJeA
472,1oaQPvbue475MuCBHEtlUJ,Her Eyes,Pat Monahan,Last Of Seven,favorites_archive,96.00,191.00,75.00,60.00,56.00,6A,2,2026-07-12T21:05:19.473Z,https://open.spotify.com/track/1oaQPvbue475MuCBHEtlUJ
473,4foA1v3lrbL0nG1unF5aYX,Talk To Me,Peaches,I Feel Cream,favorites_archive,118.00,206.00,56.00,95.00,55.00,2B,2,2026-07-12T06:37:49.547Z,https://open.spotify.com/track/4foA1v3lrbL0nG1unF5aYX
474,06IZo6f9idHrryBnFoyoHd,Boys Wanna Be Her,Peaches,Impeach My Bush,favorites_archive,139.00,201.00,51.00,78.00,72.00,10B,2,2026-07-12T21:43:59.653Z,https://open.spotify.com/track/06IZo6f9idHrryBnFoyoHd
475,4fmEeHYRXtjw6y1aYogjBH,A Hard Lesson (Dark-Side Mix),Peter Gabriel,A Hard Lesson (Dark-Side Mix),save_for_later,103.00,150.00,63.00,69.00,18.00,8B,2,2026-07-19T23:25:32.541Z,https://open.spotify.com/track/4fmEeHYRXtjw6y1aYogjBH
476,1gnaGdYFoXxReEwDchsaSx,I Belong to the Sky (Dark-Side Mix),Peter Gabriel,I Belong to the Sky (Dark-Side Mix),save_for_later,104.00,191.00,69.00,70.00,52.00,3B,2,2026-07-19T23:25:25.886Z,https://open.spotify.com/track/1gnaGdYFoXxReEwDchsaSx
477,1CM1wOqD2AIjt2MWd31LV2,Solsbury Hill,Peter Gabriel,Peter Gabriel 1: Car (Remastered Version),favorites_archive,102.00,179.00,63.00,68.00,48.00,1B,2,2026-07-19T23:24:39.800Z,https://open.spotify.com/track/1CM1wOqD2AIjt2MWd31LV2
478,4TVnzZW8dIPjMjg5e8gKhH,Games Without Frontiers,Peter Gabriel,Peter Gabriel 3: Melt (Remastered Version),currently_listening,96.00,238.00,72.00,74.00,92.00,2B,2,2026-07-13T07:02:38.391Z,https://open.spotify.com/track/4TVnzZW8dIPjMjg5e8gKhH
479,6m3yuXdLzDTgwJ1y1VnNaH,I Don't Remember,Peter Gabriel,Peter Gabriel 3: Melt (Remastered Version),currently_listening,116.00,215.00,85.00,73.00,57.00,3B,2,2026-07-19T23:24:23.517Z,https://open.spotify.com/track/6m3yuXdLzDTgwJ1y1VnNaH
480,0jngaR7DQWMye5yYn7fzqd,No Self Control,Peter Gabriel,Peter Gabriel 3: Melt (Remastered Version),currently_listening,111.00,190.00,71.00,67.00,52.00,4A,2,2026-07-19T23:23:59.080Z,https://open.spotify.com/track/0jngaR7DQWMye5yYn7fzqd
481,6B2vTF4zhKdR4v4RDXkz3G,Shock The Monkey,Peter Gabriel,Peter Gabriel 4: Security (Remastered Version),favorites_archive,148.00,236.00,66.00,78.00,92.00,8B,2,2026-07-19T23:25:07.263Z,https://open.spotify.com/track/6B2vTF4zhKdR4v4RDXkz3G
482,1SqdCJsKsRgQ8qEzjLtmPm,The Rhythm Of The Heat,Peter Gabriel,Peter Gabriel 4: Security (Remastered Version),save_for_later,81.00,138.00,40.00,39.00,59.00,12B,2,2026-07-19T23:24:57.453Z,https://open.spotify.com/track/1SqdCJsKsRgQ8qEzjLtmPm
483,2bMMLLcRmr90rRuJfZudC3,Put the Bucket Down (Dark-Side Mix),Peter Gabriel,Put the Bucket Down (Dark-Side Mix),save_for_later,116.00,169.00,57.00,73.00,39.00,4A,2,2026-07-19T23:25:47.059Z,https://open.spotify.com/track/2bMMLLcRmr90rRuJfZudC3
484,6IuOHB4yZcU935GKqT1K6I,Big Time - 2012 Remaster,Peter Gabriel,So (25th Anniversary Deluxe Edition),save_for_later,116.00,256.00,88.00,72.00,96.00,2B,2,2026-07-19T23:23:15.707Z,https://open.spotify.com/track/6IuOHB4yZcU935GKqT1K6I
485,1wKkRvZnuVde5OYhKwTMeY,Don't Give Up - 2012 Remaster,Peter Gabriel,So (25th Anniversary Deluxe Edition),favorites_archive,161.00,116.00,26.00,54.00,36.00,5B,2,2026-07-19T23:22:58.060Z,https://open.spotify.com/track/1wKkRvZnuVde5OYhKwTMeY
486,5bg1GtXTNoVM2Nzv4ORAKP,In Your Eyes - 2012 Remaster,Peter Gabriel,So (25th Anniversary Deluxe Edition),favorites_archive,89.00,190.00,65.00,62.00,63.00,10B,2,2026-07-19T23:23:48.641Z,https://open.spotify.com/track/5bg1GtXTNoVM2Nzv4ORAKP
487,3RpKyeQWrZFwX2fomsq2Y8,Red Rain - 2012 Remaster,Peter Gabriel,So (25th Anniversary Deluxe Edition),currently_listening,113.00,168.00,74.00,56.00,38.00,8B,2,2026-07-13T02:38:30.132Z,https://open.spotify.com/track/3RpKyeQWrZFwX2fomsq2Y8
488,4AUS8KNz7zX8XFu9L38GT0,Sledgehammer - 2012 Remaster,Peter Gabriel,So (25th Anniversary Deluxe Edition),save_for_later,96.00,179.00,68.00,64.00,47.00,4B,2,2026-07-19T23:22:44.938Z,https://open.spotify.com/track/4AUS8KNz7zX8XFu9L38GT0
489,2claYrMjdarDxaKBO7ppTG,We Do What We're Told (Milgram's 37) - 2012 Remaster,Peter Gabriel,So (25th Anniversary Deluxe Edition),favorites_archive,151.00,112.00,39.00,50.00,23.00,10B,2,2026-07-19T23:23:31.308Z,https://open.spotify.com/track/2claYrMjdarDxaKBO7ppTG
490,4HaatQPq9qWTY7xhCFbBB6,Till Your Mind Is Shining (Dark-Side Mix),Peter Gabriel,Till Your Mind Is Shining (Dark-Side Mix),save_for_later,163.00,209.00,62.00,73.00,74.00,12A,2,2026-07-19T23:25:39.857Z,https://open.spotify.com/track/4HaatQPq9qWTY7xhCFbBB6
491,3HErXAS9DiVd8C9x6CJTYd,Attaway,Phantogram,Memory Of A Day,currently_listening,112.00,147.00,78.00,52.00,17.00,4A,2,2026-07-13T00:34:44.379Z,https://open.spotify.com/track/3HErXAS9DiVd8C9x6CJTYd
492,15me96DL7o7XC4kctKRTjT,All A Mystery,Phantogram,Memory Of A Day (Deluxe),currently_listening,204.00,118.00,66.00,29.00,23.00,10B,2,2026-07-13T00:37:13.679Z,https://open.spotify.com/track/15me96DL7o7XC4kctKRTjT
493,28iw1FqJf6Vnfl2Fcu9rBh,Same Old Blues,Phantogram,Three,skip_for_now,122.00,152.00,71.00,58.00,23.00,11A,2,2026-07-18T04:51:26.343Z,https://open.spotify.com/track/28iw1FqJf6Vnfl2Fcu9rBh
494,3rchbdfMJ48si8MqFRs6wP,You're Mine,Phantogram,Three,skip_for_now,119.00,171.00,77.00,67.00,27.00,3A,2,2026-07-18T04:51:26.353Z,https://open.spotify.com/track/3rchbdfMJ48si8MqFRs6wP
495,2IWtloZYQDcP8Ashwx8QEF,Black Out Days,Phantogram,Voices,currently_listening,92.00,177.00,80.00,54.00,43.00,9A,2,2026-07-18T04:37:59.895Z,https://open.spotify.com/track/2IWtloZYQDcP8Ashwx8QEF
496,5imUTBF35uIoABlV9g9da2,Fall In Love,Phantogram,Voices,favorites_archive,188.00,147.00,86.00,34.00,27.00,7A,2,2026-07-18T04:37:59.911Z,https://open.spotify.com/track/5imUTBF35uIoABlV9g9da2
497,3tj5523lMxVh6TjcAb1tdS,The Day You Died,Phantogram,Voices,currently_listening,142.00,210.00,88.00,61.00,61.00,4A,2,2026-07-18T04:37:59.896Z,https://open.spotify.com/track/3tj5523lMxVh6TjcAb1tdS
498,6kkeV4q6GJscwNcpdjwApo,Black Out Days - Leo Justi Remix,"Phantogram,Danny Brown,Leo Justi",Black Out Days (Leo Justi Remix),skip_for_now,194.00,172.00,86.00,47.00,39.00,9B,2,2026-07-12T00:38:43.631Z,https://open.spotify.com/track/6kkeV4q6GJscwNcpdjwApo
499,6MjfEIHOMW6MaDO3LpFcmW,In the Air Tonight - 2015 Remaster,Phil Collins,Face Value (2016 Remaster),favorites_archive,189.00,100.00,24.00,45.00,31.00,8B,2,2026-07-19T23:26:16.871Z,https://open.spotify.com/track/6MjfEIHOMW6MaDO3LpFcmW
500,5zE9OJvFz9VYJJoz8MQkoG,The Roof Is Leaking - 2015 Remaster,Phil Collins,Face Value (2016 Remaster),save_for_later,181.00,61.00,7.00,32.00,22.00,2A,2,2026-07-19T23:26:33.005Z,https://open.spotify.com/track/5zE9OJvFz9VYJJoz8MQkoG
501,18AXbzPzBS8Y3AkgSxzJPb,In The Air Tonight - 2015 Remastered,Phil Collins,Face Value (Deluxe Editon),favorites_archive,190.00,99.00,24.00,45.00,30.00,8B,2,2026-07-13T02:40:15.307Z,https://open.spotify.com/track/18AXbzPzBS8Y3AkgSxzJPb
502,5lByBSHBTVvhz6rAEkmrc6,"Do You Know, Do You Care? - 2016 Remaster",Phil Collins,"Hello, I Must Be Going (2016 Remaster)",save_for_later,111.00,150.00,76.00,52.00,22.00,1B,2,2026-07-19T23:27:17.489Z,https://open.spotify.com/track/5lByBSHBTVvhz6rAEkmrc6
503,65aiZMNuOKvP34ZK5XQmV8,I Don't Care Anymore - 2016 Remaster,Phil Collins,"Hello, I Must Be Going (2016 Remaster)",favorites_archive,140.00,161.00,43.00,71.00,47.00,1B,2,2026-07-19T23:26:48.271Z,https://open.spotify.com/track/65aiZMNuOKvP34ZK5XQmV8
504,3iwy6SFYKp1g6HfVr9oEAI,Like China - 2016 Remaster,Phil Collins,"Hello, I Must Be Going (2016 Remaster)",save_for_later,128.00,240.00,85.00,73.00,82.00,8A,2,2026-07-19T23:27:05.515Z,https://open.spotify.com/track/3iwy6SFYKp1g6HfVr9oEAI
505,24IdPCimVnJJDRuB5YSDiS,I Don't Care Anymore - 2016 Remaster,Phil Collins,"Hello, I Must Be Going! (Deluxe Edition)",favorites_archive,140.00,156.00,42.00,70.00,44.00,1B,2,2026-07-13T02:40:01.120Z,https://open.spotify.com/track/24IdPCimVnJJDRuB5YSDiS
506,63CHa6rmamv9OsehkRD8oz,Against All Odds (Take a Look at Me Now) - 2016 Remaster,Phil Collins,The Singles (Expanded),favorites_archive,116.00,119.00,50.00,58.00,11.00,3B,2,2026-07-19T23:27:54.632Z,https://open.spotify.com/track/63CHa6rmamv9OsehkRD8oz
507,5LYJ631w9ps5h9tdvac7yP,Easy Lover,"Philip Bailey,Phil Collins",Chinese Wall (Expanded Edition),save_for_later,129.00,259.00,92.00,74.00,93.00,3B,2,2026-07-15T20:43:14.128Z,https://open.spotify.com/track/5LYJ631w9ps5h9tdvac7yP
508,68hYdj3GepWm2R202KhJT7,1901,Phoenix,Wolfgang Amadeus Phoenix,favorites_archive,144.00,214.00,83.00,60.00,71.00,8B,2,2026-07-12T04:32:58.705Z,https://open.spotify.com/track/68hYdj3GepWm2R202KhJT7
509,0vFOzaXqZHahrZp6enQwQb,Money,Pink Floyd,The Dark Side of the Moon,favorites_archive,126.00,180.00,54.00,47.00,79.00,10A,2,2026-07-12T21:41:46.724Z,https://open.spotify.com/track/0vFOzaXqZHahrZp6enQwQb
510,3TO7bbrUKrOSPGRTB5MeCz,Time,Pink Floyd,The Dark Side of the Moon,favorites_archive,120.00,120.00,48.00,36.00,36.00,11B,2,2026-07-12T21:40:37.765Z,https://open.spotify.com/track/3TO7bbrUKrOSPGRTB5MeCz
511,4gMgiXfqyzZLMhsksGmbQV,"Another Brick in the Wall, Pt. 2",Pink Floyd,The Wall,favorites_archive,104.00,180.00,39.00,69.00,72.00,8B,2,2026-07-12T21:41:12.437Z,https://open.spotify.com/track/4gMgiXfqyzZLMhsksGmbQV
512,5HNCy40Ni5BZJFw1TKzRsC,Comfortably Numb,Pink Floyd,The Wall,favorites_archive,127.00,101.00,37.00,47.00,17.00,10A,2,2026-07-12T21:41:24.410Z,https://open.spotify.com/track/5HNCy40Ni5BZJFw1TKzRsC
513,5HAjss9faCAowGY8dM24r6,Is There Anybody Out There,Pink Floyd,The Wall,favorites_archive,119.00,42.00,7.00,31.00,4.00,8A,2,2026-07-12T21:40:59.701Z,https://open.spotify.com/track/5HAjss9faCAowGY8dM24r6
514,6pnwfWyaWjQiHCKTiZLItr,Shine On You Crazy Diamond (Pts. 1-5),Pink Floyd,Wish You Were Here,save_for_later,138.00,59.00,29.00,26.00,4.00,6A,2,2026-07-19T22:57:52.896Z,https://open.spotify.com/track/6pnwfWyaWjQiHCKTiZLItr
515,21j1PsCiTaO8ZW88UZrh3A,Shine On You Crazy Diamond (Pts. 6-9),Pink Floyd,Wish You Were Here,save_for_later,136.00,90.00,49.00,29.00,12.00,6A,2,2026-07-19T22:57:52.897Z,https://open.spotify.com/track/21j1PsCiTaO8ZW88UZrh3A
516,6mFkJmJqdDVQ1REhVfGgd1,Wish You Were Here,Pink Floyd,Wish You Were Here,favorites_archive,123.00,112.00,26.00,48.00,38.00,9B,2,2026-07-12T03:19:21.552Z,https://open.spotify.com/track/6mFkJmJqdDVQ1REhVfGgd1
517,6MWtB6iiXyIwun0YzU6DFP,Wow,Post Malone,Wow.,favorites_archive,100.00,176.00,54.00,83.00,39.00,10A,2,2026-07-18T05:17:43.563Z,https://open.spotify.com/track/6MWtB6iiXyIwun0YzU6DFP
518,7w57O4o0xCTn9YpKuaPZDd,The Great Beyond,R.E.M.,In Time: The Best Of R.E.M. 1988-2003,favorites_archive,110.00,126.00,75.00,33.00,18.00,6B,2,2026-07-12T01:20:47.119Z,https://open.spotify.com/track/7w57O4o0xCTn9YpKuaPZDd
519,0YJ9FWWHn9EfnN0lHwbzvV,Jigsaw Falling Into Place,Radiohead,In Rainbows,favorites_archive,166.00,210.00,83.00,46.00,81.00,10A,2,2026-07-12T21:08:29.154Z,https://open.spotify.com/track/0YJ9FWWHn9EfnN0lHwbzvV
520,2a6ehG2BKj0TQr3MBh81Q7,Rules,Rafferty,Rules,favorites_archive,137.00,202.00,86.00,63.00,53.00,3A,2,2026-07-18T04:37:59.884Z,https://open.spotify.com/track/2a6ehG2BKj0TQr3MBh81Q7
521,68bLpWhZivilbacdheOIQz,White Flower,Rafferty,White Flower - EP,currently_listening,143.00,193.00,83.00,50.00,60.00,10A,2,2026-07-13T00:03:07.982Z,https://open.spotify.com/track/68bLpWhZivilbacdheOIQz
522,5jpT2b5gkbfaGIfMsXoKK6,100 Summers,Rainbow Kitten Surprise,bones,currently_listening,167.00,164.00,71.00,51.00,42.00,2B,2,2026-07-12T20:47:42.550Z,https://open.spotify.com/track/5jpT2b5gkbfaGIfMsXoKK6
523,7p64m8lgMpuTl00Gd6T9gx,bones,Rainbow Kitten Surprise,bones,currently_listening,208.00,185.00,82.00,47.00,56.00,1B,2,2026-07-12T20:46:31.674Z,https://open.spotify.com/track/7p64m8lgMpuTl00Gd6T9gx
524,5l8ylBEHHYL62w5HfjB3JF,Dang,Rainbow Kitten Surprise,bones,currently_listening,148.00,181.00,94.00,55.00,32.00,12B,2,2026-07-12T20:49:34.045Z,https://open.spotify.com/track/5l8ylBEHHYL62w5HfjB3JF
525,7DTAZBykDP2m8LkYehrwhl,Friendly Fire,Rainbow Kitten Surprise,bones,currently_listening,135.00,162.00,70.00,54.00,38.00,7B,2,2026-07-12T20:43:13.257Z,https://open.spotify.com/track/7DTAZBykDP2m8LkYehrwhl
526,50GOcJ4oPhKmUxcdiqWBqx,Hell Nah,Rainbow Kitten Surprise,bones,currently_listening,170.00,160.00,72.00,48.00,40.00,3B,2,2026-07-12T01:10:39.237Z,https://open.spotify.com/track/50GOcJ4oPhKmUxcdiqWBqx
527,3aMmkUThZiT8ynSTh5Xntk,King,Rainbow Kitten Surprise,bones,save_for_later,154.00,204.00,93.00,55.00,56.00,9B,2,2026-07-12T20:48:16.975Z,https://open.spotify.com/track/3aMmkUThZiT8ynSTh5Xntk
528,7vBs57yYONIjmlLFXjTazJ,Murder,Rainbow Kitten Surprise,bones,save_for_later,141.00,132.00,57.00,59.00,16.00,3B,2,2026-07-15T20:37:53.968Z,https://open.spotify.com/track/7vBs57yYONIjmlLFXjTazJ
529,3CpTESaweBfLB3VM2gwyOM,Stars,Rainbow Kitten Surprise,bones,currently_listening,156.00,166.00,70.00,66.00,30.00,6B,2,2026-07-15T20:36:51.669Z,https://open.spotify.com/track/3CpTESaweBfLB3VM2gwyOM
530,5UEmz6KnGST4pSznrAPuJx,Texas Hold‘em,Rainbow Kitten Surprise,bones,save_for_later,184.00,163.00,64.00,55.00,44.00,2B,2,2026-07-15T20:38:05.019Z,https://open.spotify.com/track/5UEmz6KnGST4pSznrAPuJx
531,50kY9njISacBSyPLyR8cwk,Tropics,Rainbow Kitten Surprise,bones,save_for_later,169.00,170.00,73.00,51.00,46.00,4B,2,2026-07-15T20:38:12.656Z,https://open.spotify.com/track/50kY9njISacBSyPLyR8cwk
532,1y3NV3N99VoSP4crdkbog7,Drop Stop Roll,Rainbow Kitten Surprise,Drop Stop Roll,favorites_archive,105.00,177.00,67.00,73.00,37.00,4B,2,2026-07-12T20:52:08.784Z,https://open.spotify.com/track/1y3NV3N99VoSP4crdkbog7
533,2YQJCYnf4Ab1wS5bA89nHE,Holy War,Rainbow Kitten Surprise,Holy War,favorites_archive,150.00,106.00,29.00,56.00,21.00,6A,2,2026-07-12T20:52:36.774Z,https://open.spotify.com/track/2YQJCYnf4Ab1wS5bA89nHE
534,5vyt44455ipNNVSYq8fYY7,Fever Pitch,Rainbow Kitten Surprise,"How to: Friend, Love, Freefall",favorites_archive,110.00,167.00,59.00,79.00,29.00,4A,2,2026-07-12T20:51:55.247Z,https://open.spotify.com/track/5vyt44455ipNNVSYq8fYY7
535,0hJS3EHWC4uL9sJ52ErpoN,Hide,Rainbow Kitten Surprise,"How to: Friend, Love, Freefall",save_for_later,115.00,179.00,50.00,80.00,49.00,12B,2,2026-07-15T20:35:57.090Z,https://open.spotify.com/track/0hJS3EHWC4uL9sJ52ErpoN
536,474uVhyGgK5MtY9gMcDgGl,It's Called: Freefall,Rainbow Kitten Surprise,"How to: Friend, Love, Freefall",favorites_archive,98.00,154.00,52.00,74.00,28.00,10B,2,2026-07-12T20:43:30.567Z,https://open.spotify.com/track/474uVhyGgK5MtY9gMcDgGl
537,1TDdYSYLIXMJ4EiKO6ZCYk,Mission to Mars,Rainbow Kitten Surprise,"How to: Friend, Love, Freefall",save_for_later,160.00,160.00,48.00,69.00,43.00,9B,2,2026-07-15T20:36:03.008Z,https://open.spotify.com/track/1TDdYSYLIXMJ4EiKO6ZCYk
538,6fc51JZVE0Yijdi6RuoLFv,Painkillers,Rainbow Kitten Surprise,"How to: Friend, Love, Freefall",save_for_later,115.00,124.00,41.00,75.00,8.00,9B,2,2026-07-15T20:36:10.095Z,https://open.spotify.com/track/6fc51JZVE0Yijdi6RuoLFv
539,16ro1is6DmDKkarlJMBbzV,When It Lands,Rainbow Kitten Surprise,"How to: Friend, Love, Freefall",currently_listening,120.00,158.00,48.00,73.00,37.00,4A,2,2026-07-13T06:59:02.302Z,https://open.spotify.com/track/16ro1is6DmDKkarlJMBbzV
540,5ApWY94jYEG9mMtgEMV1tT,LOL,Rainbow Kitten Surprise,Love Hate Music Box,favorites_archive,137.00,180.00,52.00,81.00,47.00,3B,2,2026-07-12T20:43:44.272Z,https://open.spotify.com/track/5ApWY94jYEG9mMtgEMV1tT
541,7a2UznTMFRCL7c1sscXDEv,SVO,Rainbow Kitten Surprise,Love Hate Music Box,currently_listening,76.00,138.00,49.00,59.00,30.00,2B,2,2026-07-13T00:57:33.581Z,https://open.spotify.com/track/7a2UznTMFRCL7c1sscXDEv
542,2Ojr742JINM4QEOk7vQGEh,Never Have I Ever,Rainbow Kitten Surprise,Never Have I Ever,currently_listening,130.00,195.00,71.00,68.00,56.00,12A,2,2026-07-12T20:53:16.031Z,https://open.spotify.com/track/2Ojr742JINM4QEOk7vQGEh
543,4aeW1xk0D7GDiuAdR04FXz,Our Song,Rainbow Kitten Surprise,Our Song,currently_listening,96.00,190.00,71.00,66.00,53.00,9B,2,2026-07-12T20:43:58.027Z,https://open.spotify.com/track/4aeW1xk0D7GDiuAdR04FXz
544,3u1f75MWE7gsMhZ4bBaZ4U,All's Well That Ends,Rainbow Kitten Surprise,RKS,favorites_archive,120.00,129.00,48.00,63.00,18.00,12B,2,2026-07-12T03:20:02.637Z,https://open.spotify.com/track/3u1f75MWE7gsMhZ4bBaZ4U
545,0mq0kQzH9624p7ZGJq2QPd,Bare Bones,Rainbow Kitten Surprise,RKS,save_for_later,115.00,107.00,17.00,74.00,16.00,9B,2,2026-07-12T20:55:07.177Z,https://open.spotify.com/track/0mq0kQzH9624p7ZGJq2QPd
546,0ZAbupc7jAQpG9IxojQ3s3,Cocaine Jesus,Rainbow Kitten Surprise,RKS,favorites_archive,120.00,134.00,36.00,82.00,16.00,10B,2,2026-07-12T20:41:18.331Z,https://open.spotify.com/track/0ZAbupc7jAQpG9IxojQ3s3
547,02ag51uxrMyesCjFZvGkGQ,Cold Love,Rainbow Kitten Surprise,RKS,favorites_archive,115.00,111.00,26.00,62.00,23.00,7B,2,2026-07-12T20:41:29.438Z,https://open.spotify.com/track/02ag51uxrMyesCjFZvGkGQ
548,4N6mfzZarbwBGfRoAFzt8e,Counting Cards,Rainbow Kitten Surprise,RKS,favorites_archive,110.00,167.00,59.00,76.00,32.00,8A,2,2026-07-12T20:40:47.439Z,https://open.spotify.com/track/4N6mfzZarbwBGfRoAFzt8e
549,0M2qo3471lo6vo91qHM5Ub,Goodnight Chicago,Rainbow Kitten Surprise,RKS,currently_listening,120.00,129.00,37.00,72.00,20.00,10B,2,2026-07-15T20:36:33.645Z,https://open.spotify.com/track/0M2qo3471lo6vo91qHM5Ub
550,4SnapLE1VPRbqrYo1aPuYa,Lady Lie,Rainbow Kitten Surprise,RKS,currently_listening,132.00,121.00,30.00,59.00,32.00,8A,2,2026-07-12T20:52:52.910Z,https://open.spotify.com/track/4SnapLE1VPRbqrYo1aPuYa
551,3wWEuiTXp26PM2yZY98Yb4,Run,Rainbow Kitten Surprise,RKS,currently_listening,78.00,142.00,62.00,35.00,45.00,3A,2,2026-07-12T20:53:30.006Z,https://open.spotify.com/track/3wWEuiTXp26PM2yZY98Yb4
552,00vlCXriiYxfO1AZoRJKec,The Comedown,Rainbow Kitten Surprise,RKS,save_for_later,115.00,166.00,54.00,81.00,31.00,9B,2,2026-07-15T20:38:22.472Z,https://open.spotify.com/track/00vlCXriiYxfO1AZoRJKec
553,2uUqZJKpvWR43KgMM7FCBK,Wasted,Rainbow Kitten Surprise,RKS,currently_listening,126.00,195.00,60.00,78.00,57.00,7B,2,2026-07-12T20:44:47.347Z,https://open.spotify.com/track/2uUqZJKpvWR43KgMM7FCBK
554,6Ey1C21IUiGRBPOeal2qMc,American Hero,Rainbow Kitten Surprise,Seven + Mary,favorites_archive,125.00,140.00,53.00,70.00,17.00,9A,2,2026-07-12T20:41:05.011Z,https://open.spotify.com/track/6Ey1C21IUiGRBPOeal2qMc
555,5VJe8OKFcPBBjNEAPUeDuJ,Devil Like Me,Rainbow Kitten Surprise,Seven + Mary,favorites_archive,123.00,187.00,63.00,68.00,56.00,10B,2,2026-07-12T20:39:06.586Z,https://open.spotify.com/track/5VJe8OKFcPBBjNEAPUeDuJ
556,0uQxV7ysuBPhbfUkW1WOCp,First Class,Rainbow Kitten Surprise,Seven + Mary,favorites_archive,90.00,111.00,34.00,55.00,22.00,3B,2,2026-07-12T20:41:48.433Z,https://open.spotify.com/track/0uQxV7ysuBPhbfUkW1WOCp
557,63GEVDE0TPzHCkeb6wV6jo,Hey Pretty Momma,Rainbow Kitten Surprise,Seven + Mary,favorites_archive,79.00,90.00,32.00,40.00,18.00,9A,2,2026-07-12T20:52:29.324Z,https://open.spotify.com/track/63GEVDE0TPzHCkeb6wV6jo
558,3RRQunWUTx2XpmmbcdhBc7,Mr. Redundant,Rainbow Kitten Surprise,Seven + Mary,currently_listening,120.00,132.00,31.00,84.00,17.00,8B,2,2026-07-13T09:03:31.451Z,https://open.spotify.com/track/3RRQunWUTx2XpmmbcdhBc7
559,5fC26gOszFNhmkjrqItnBc,Seven,Rainbow Kitten Surprise,Seven + Mary,currently_listening,136.00,136.00,53.00,64.00,19.00,10B,2,2026-07-12T20:44:14.227Z,https://open.spotify.com/track/5fC26gOszFNhmkjrqItnBc
560,4uA1caRo0SsSEXeRlY3VtB,Shameful Company,Rainbow Kitten Surprise,Seven + Mary,currently_listening,130.00,143.00,46.00,70.00,27.00,8B,2,2026-07-12T20:44:34.157Z,https://open.spotify.com/track/4uA1caRo0SsSEXeRlY3VtB
561,03mN5X7xFtv6uuBGsB43aY,Sixteen,Rainbow Kitten Surprise,Sixteen,currently_listening,143.00,199.00,85.00,52.00,62.00,3B,2,2026-07-12T20:53:43.272Z,https://open.spotify.com/track/03mN5X7xFtv6uuBGsB43aY
562,1nR4y4D5imW4jQfPV3TCd2,Devil Like Me - Audiotree Live Version,"Rainbow Kitten Surprise,Audiotree",Rainbow Kitten Surprise on Audiotree Live,skip_for_now,118.00,152.00,38.00,80.00,34.00,9A,2,2026-07-12T20:55:21.361Z,https://open.spotify.com/track/1nR4y4D5imW4jQfPV3TCd2
563,5RsUlxLto4NZbhJpqJbHfN,Jessie's Girl,Rick Springfield,Working Class Dog,favorites_archive,132.00,238.00,83.00,73.00,82.00,10B,2,2026-07-18T04:51:48.651Z,https://open.spotify.com/track/5RsUlxLto4NZbhJpqJbHfN
564,1z9kQ14XBSN0r2v6fx4IdG,Diamonds,Rihanna,Unapologetic (Edited Version),favorites_archive,92.00,167.00,71.00,56.00,40.00,10A,2,2026-07-12T06:36:30.108Z,https://open.spotify.com/track/1z9kQ14XBSN0r2v6fx4IdG
565,4vAZENziBL8AGYqudd9Zj8,Elephants,Riley Pearce,Elephants,favorites_archive,112.00,141.00,43.00,67.00,31.00,5B,2,2026-07-18T05:17:43.578Z,https://open.spotify.com/track/4vAZENziBL8AGYqudd9Zj8
566,6voIJ7OWwRabSZDC77D5Hp,Trouble’s Coming,Royal Blood,Typhoons,currently_listening,112.00,228.00,69.00,78.00,81.00,12A,2,2026-07-12T23:52:54.815Z,https://open.spotify.com/track/6voIJ7OWwRabSZDC77D5Hp
567,54TaGh2JKs1pO9daXNXI5q,Fly By Night,Rush,Fly By Night,skip_for_now,139.00,178.00,70.00,50.00,58.00,9B,2,2026-07-19T22:57:52.894Z,https://open.spotify.com/track/54TaGh2JKs1pO9daXNXI5q
568,3QZ7uX97s82HFYSmQUAN1D,Tom Sawyer,Rush,Moving Pictures (2011 Remaster),skip_for_now,88.00,211.00,90.00,54.00,67.00,11B,2,2026-07-19T22:57:52.893Z,https://open.spotify.com/track/3QZ7uX97s82HFYSmQUAN1D
569,1GwVi2ceNb8dMFA3DZGnnY,On the Way Down,Ryan Cabrera,Take It All Away (U.S. Version),skip_for_now,95.00,189.00,85.00,50.00,54.00,3B,2,2026-07-18T04:51:26.375Z,https://open.spotify.com/track/1GwVi2ceNb8dMFA3DZGnnY
570,6Qs4SXO9dwPj5GKvVOv8Ki,Dancing With A Stranger,"Sam Smith,Normani",Dancing With A Stranger (with Normani),skip_for_now,103.00,161.00,52.00,74.00,35.00,4B,2,2026-07-18T05:17:43.558Z,https://open.spotify.com/track/6Qs4SXO9dwPj5GKvVOv8Ki
571,4eTIe5eqds88bA9ua6p5p6,Fine Again,Seether,Disclaimer,currently_listening,176.00,166.00,86.00,44.00,36.00,11A,2,2026-07-12T23:55:35.643Z,https://open.spotify.com/track/4eTIe5eqds88bA9ua6p5p6
572,1aItKhUXwDGVNQIMdsEv5u,Fake It,Seether,Finding Beauty In Negative Spaces (Bonus Track Version),currently_listening,132.00,221.00,95.00,61.00,65.00,4B,2,2026-07-12T23:55:49.912Z,https://open.spotify.com/track/1aItKhUXwDGVNQIMdsEv5u
573,0aYQsp1vZZcX0JBEJvKF7N,Words As Weapons,Seether,Isolate And Medicate (Deluxe Edition),currently_listening,110.00,210.00,90.00,59.00,61.00,4A,2,2026-07-12T00:56:14.660Z,https://open.spotify.com/track/0aYQsp1vZZcX0JBEJvKF7N
574,1LoriJC05IrHIDwj3q0KC1,Hands To Myself,Selena Gomez,Revival (Deluxe),favorites_archive,111.00,176.00,51.00,81.00,44.00,4A,2,2026-07-18T04:51:26.377Z,https://open.spotify.com/track/1LoriJC05IrHIDwj3q0KC1
575,5XfywqPX6XBOdYQNbOaQvy,Good For You,"Selena Gomez,A$AP Rocky",Good For You,favorites_archive,89.00,150.00,68.00,61.00,21.00,4A,2,2026-07-18T04:51:26.372Z,https://open.spotify.com/track/5XfywqPX6XBOdYQNbOaQvy
576,6AFAey1TrtgGNkgCMTEVCq,Trampoline,SHAED,MELT,skip_for_now,127.00,160.00,41.00,69.00,50.00,6A,2,2026-07-18T05:18:18.373Z,https://open.spotify.com/track/6AFAey1TrtgGNkgCMTEVCq
577,0pdfN7nOHMYmKykzu1cyfm,Any Man Of Mine,Shania Twain,The Woman In Me,favorites_archive,78.00,210.00,73.00,59.00,78.00,4B,2,2026-07-12T05:59:30.667Z,https://open.spotify.com/track/0pdfN7nOHMYmKykzu1cyfm
578,3SiFPLJReFiH2uq6Lht7Xc,The Comeback,Shout Out Louds,Howl Howl Gaff Gaff,favorites_archive,129.00,190.00,84.00,61.00,45.00,8B,2,2026-07-13T00:00:46.148Z,https://open.spotify.com/track/3SiFPLJReFiH2uq6Lht7Xc
579,2NoSYYZTazkbsH20fgbBkZ,We're Both Idiots,Shrink the Giant,We're Both Idiots,currently_listening,180.00,191.00,57.00,60.00,74.00,11A,2,2026-07-13T09:04:16.251Z,https://open.spotify.com/track/2NoSYYZTazkbsH20fgbBkZ
580,4xigPf2sigSPmuFH3qCelB,Genius,"Sia,Diplo,Labrinth,LSD","LABRINTH, SIA & DIPLO PRESENT... LSD",favorites_archive,159.00,178.00,62.00,60.00,56.00,10A,2,2026-07-13T00:26:03.390Z,https://open.spotify.com/track/4xigPf2sigSPmuFH3qCelB
581,0qM7QW0hUI8Lez3MAI3P5U,Gold,Sir Sly,You Haunt Me,favorites_archive,90.00,162.00,86.00,49.00,27.00,3A,2,2026-07-13T00:40:09.998Z,https://open.spotify.com/track/0qM7QW0hUI8Lez3MAI3P5U
582,5hnyJvgoWiQUYZttV4wXy6,Chasing Cars,Snow Patrol,Eyes Open,favorites_archive,104.00,130.00,60.00,56.00,14.00,11B,2,2026-07-12T20:36:14.705Z,https://open.spotify.com/track/5hnyJvgoWiQUYZttV4wXy6
583,0WE8YTl6GAVHnkfvMfci98,Drinkee,SOFI TUKKER,Drinkee,favorites_archive,115.00,175.00,66.00,77.00,32.00,10B,2,2026-07-18T05:18:56.140Z,https://open.spotify.com/track/0WE8YTl6GAVHnkfvMfci98
584,2eARS9R3uiZqgHDUkLzKuP,Johny,SOFI TUKKER,Johny,favorites_archive,92.00,158.00,52.00,66.00,40.00,9B,2,2026-07-18T05:17:43.613Z,https://open.spotify.com/track/2eARS9R3uiZqgHDUkLzKuP
585,58E1XVmZTODC67YNjneuXM,Tainted Love,Soft Cell,Non-Stop Erotic Cabaret,favorites_archive,144.00,162.00,45.00,54.00,63.00,6A,2,2026-07-12T21:43:02.330Z,https://open.spotify.com/track/58E1XVmZTODC67YNjneuXM
586,4SGBuq37Ol4HJr7pQqFMKa,I Got You Babe,Sonny & Cher,Look At Us,favorites_archive,111.00,203.00,80.00,63.00,60.00,2B,2,2026-07-12T21:33:31.632Z,https://open.spotify.com/track/4SGBuq37Ol4HJr7pQqFMKa
587,6WkUf2gOjccjhJOvFeHx57,Ruin Your Night,Sorcha Richardson,Ruin Your Night,skip_for_now,109.00,201.00,52.00,72.00,77.00,11B,2,2026-07-18T04:37:59.909Z,https://open.spotify.com/track/6WkUf2gOjccjhJOvFeHx57
588,3lN8PP6R2IxbLP05QpYXng,Born To Be Wild - Single Version,Steppenwolf,Steppenwolf,currently_listening,146.00,171.00,73.00,44.00,54.00,10B,2,2026-07-12T00:43:23.964Z,https://open.spotify.com/track/3lN8PP6R2IxbLP05QpYXng
589,4hWUOIDHda9XOb1zDchftP,Too Much Time On My Hands,Styx,Paradise Theatre,favorites_archive,131.00,209.00,40.00,80.00,89.00,10A,2,2026-07-12T21:09:56.025Z,https://open.spotify.com/track/4hWUOIDHda9XOb1zDchftP
590,54g63GAn77x9NcjiLzy7cW,Queen Of Spades,Styx,Pieces Of Eight,favorites_archive,135.00,83.00,45.00,26.00,12.00,12A,2,2026-07-12T21:09:41.484Z,https://open.spotify.com/track/54g63GAn77x9NcjiLzy7cW
591,1cbci88vuLlCmSeR7c25xF,A Young Understanding,Sundara Karma,A Young Understanding,skip_for_now,142.00,149.00,92.00,41.00,16.00,11B,2,2026-07-18T04:37:59.920Z,https://open.spotify.com/track/1cbci88vuLlCmSeR7c25xF
592,3jfHclM5oNBSUvuBS7OgPj,Absolution,Switchfoot,Absolution,currently_listening,91.00,168.00,87.00,54.00,27.00,11B,2,2026-07-13T00:00:58.266Z,https://open.spotify.com/track/3jfHclM5oNBSUvuBS7OgPj
593,3CcvahnsiArpTHYQEWV2Au,Bring Em Out,T.I.,Urban Legend,currently_listening,99.00,224.00,89.00,76.00,59.00,1B,2,2026-07-19T22:57:52.905Z,https://open.spotify.com/track/3CcvahnsiArpTHYQEWV2Au
594,6QQq00cv1UZK0bwWWEpa5e,"Flicker, Fade",Taking Back Sunday,Happiness Is,favorites_archive,197.00,112.00,78.00,12.00,22.00,5B,2,2026-07-12T23:54:32.760Z,https://open.spotify.com/track/6QQq00cv1UZK0bwWWEpa5e
595,6tW4k4hJRYTMIYeAWYLGeE,It Takes More,Taking Back Sunday,Happiness Is,favorites_archive,153.00,122.00,75.00,34.00,13.00,2B,2,2026-07-12T23:55:01.370Z,https://open.spotify.com/track/6tW4k4hJRYTMIYeAWYLGeE
596,6fTgbkBiMITtHUmik95ClX,MakeDamnSure,Taking Back Sunday,Louder Now (Deluxe Edition),favorites_archive,140.00,182.00,84.00,55.00,43.00,2B,2,2026-07-12T21:31:19.155Z,https://open.spotify.com/track/6fTgbkBiMITtHUmik95ClX
597,6OyKBwLzq4h15XmxeWf5n4,Cute Without The 'E' (Cut From The Team) - Remastered 2019,Taking Back Sunday,Tell All Your Friends (Remastered),favorites_archive,95.00,186.00,89.00,40.00,57.00,12A,2,2026-07-13T00:12:01.681Z,https://open.spotify.com/track/6OyKBwLzq4h15XmxeWf5n4
598,3ahXYNDNNZwJ6U50irIpqw,You Can't Look Back,Taking Back Sunday,Tidal Wave,favorites_archive,108.00,172.00,79.00,66.00,27.00,12B,2,2026-07-18T04:37:59.901Z,https://open.spotify.com/track/3ahXYNDNNZwJ6U50irIpqw
599,5GI8QlM6RlyZjegB9CFk7U,Jungle (Radio Edit),Tash Sultana,Jungle (Radio Edit),currently_listening,146.00,180.00,72.00,54.00,54.00,12A,2,2026-07-18T04:37:59.912Z,https://open.spotify.com/track/5GI8QlM6RlyZjegB9CFk7U
600,2Pdo1VvYDB9FqeuNx8D1FW,Back in Your Head,Tegan and Sara,The Con,favorites_archive,141.00,237.00,80.00,75.00,82.00,7B,2,2026-07-12T20:18:16.854Z,https://open.spotify.com/track/2Pdo1VvYDB9FqeuNx8D1FW
601,1ClQ0J3D1pbaBtCAwadsqw,Nobody Dies,Thao & The Get Down Stay Down,Nobody Dies,skip_for_now,89.00,215.00,73.00,64.00,78.00,3B,2,2026-07-18T01:03:51.373Z,https://open.spotify.com/track/1ClQ0J3D1pbaBtCAwadsqw
602,5E0pS3sXgWdQZMKChqYXHE,Basic Instinct,The Acid,Liminal,favorites_archive,118.00,154.00,47.00,74.00,33.00,9B,2,2026-07-18T04:51:26.385Z,https://open.spotify.com/track/5E0pS3sXgWdQZMKChqYXHE
603,4HM8tkHTQ6JVSMfsJOrcAW,Close Your Eyes,The All-American Rejects,Sweat,favorites_archive,92.00,118.00,63.00,47.00,8.00,3B,2,2026-07-12T06:34:15.552Z,https://open.spotify.com/track/4HM8tkHTQ6JVSMfsJOrcAW
604,4W4wYHtsrgDiivRASVOINL,Love Shack,The B-52's,Cosmic Thing,favorites_archive,134.00,240.00,80.00,70.00,90.00,4A,2,2026-07-12T21:42:41.924Z,https://open.spotify.com/track/4W4wYHtsrgDiivRASVOINL
605,207qLd1ovrqfYVBBDrNMUM,Dance This Mess Around,The B-52's,The B-52's,favorites_archive,161.00,186.00,71.00,61.00,54.00,5B,2,2026-07-12T06:42:48.454Z,https://open.spotify.com/track/207qLd1ovrqfYVBBDrNMUM
606,0EXEmQZrGIEP1eyZTLbBKF,Black Holes (Solid Ground),The Blue Stones,Black Holes,favorites_archive,92.00,157.00,75.00,55.00,27.00,10A,2,2026-07-18T04:37:59.894Z,https://open.spotify.com/track/0EXEmQZrGIEP1eyZTLbBKF
607,1ggbqc7jhg454UpFfSmdam,Don't Miss,The Blue Stones,Pretty Monster,currently_listening,136.00,173.00,67.00,58.00,48.00,3A,2,2026-07-13T00:18:51.285Z,https://open.spotify.com/track/1ggbqc7jhg454UpFfSmdam
608,2U6hcDLZHYRSd9Up0mMe9W,Temporary Love,The Brinks,Temporary Love,favorites_archive,103.00,160.00,56.00,71.00,33.00,11A,2,2026-07-18T04:51:26.382Z,https://open.spotify.com/track/2U6hcDLZHYRSd9Up0mMe9W
609,26AuyrZGzWWiYZPSd3XBIg,Bloodstream,The Chainsmokers,Memories...Do Not Open,skip_for_now,91.00,141.00,63.00,62.00,16.00,11B,2,2026-07-18T04:37:59.893Z,https://open.spotify.com/track/26AuyrZGzWWiYZPSd3XBIg
610,0jrRDpGv6FFizspjJJoH5i,10:15 Saturday Night - 2005 Remaster,The Cure,Three Imaginary Boys,currently_listening,175.00,146.00,44.00,66.00,36.00,8B,2,2026-07-12T01:01:01.270Z,https://open.spotify.com/track/0jrRDpGv6FFizspjJJoH5i
611,60hT5qY7Ck8D4laJYXdZ9O,Accuracy - 2005 Remaster,The Cure,Three Imaginary Boys,currently_listening,62.00,165.00,42.00,71.00,52.00,11A,2,2026-07-13T00:22:52.205Z,https://open.spotify.com/track/60hT5qY7Ck8D4laJYXdZ9O
612,6TjjZllUyDPIBiFuHZSVtm,Grinding Halt - 2005 Remaster,The Cure,Three Imaginary Boys,currently_listening,173.00,211.00,74.00,71.00,66.00,11A,2,2026-07-12T01:24:00.216Z,https://open.spotify.com/track/6TjjZllUyDPIBiFuHZSVtm
613,1FqozwZRQt0hBBJX6e48j7,Meathook,The Cure,Three Imaginary Boys,currently_listening,166.00,171.00,46.00,64.00,61.00,8B,2,2026-07-13T00:23:01.013Z,https://open.spotify.com/track/1FqozwZRQt0hBBJX6e48j7
614,660u9agQuREtEDmETVWSts,Three Imaginary Boys - 2005 Remaster,The Cure,Three Imaginary Boys (Deluxe Edition),currently_listening,170.00,171.00,63.00,60.00,48.00,10A,2,2026-07-12T01:23:47.269Z,https://open.spotify.com/track/660u9agQuREtEDmETVWSts
615,1CREYYq1k6c2JTo2WeFF4o,Keep On Wanting,The Fray,Helios,favorites_archive,142.00,168.00,80.00,50.00,38.00,11B,2,2026-07-18T04:37:59.905Z,https://open.spotify.com/track/1CREYYq1k6c2JTo2WeFF4o
616,6xphDvC3ctr99cgNFKErB4,Our Last Days,The Fray,Helios,favorites_archive,127.00,171.00,81.00,56.00,34.00,5A,2,2026-07-18T04:37:59.904Z,https://open.spotify.com/track/6xphDvC3ctr99cgNFKErB4
617,22o6BsXxHAl3h15mHp4Jtk,Singing Low,The Fray,Through the Years: The Best of The Fray,favorites_archive,90.00,140.00,59.00,53.00,28.00,6A,2,2026-07-18T05:17:43.607Z,https://open.spotify.com/track/22o6BsXxHAl3h15mHp4Jtk
618,1MbOMquGRXUEUALDcTLuoA,Bad Habit,The Kooks,Bad Habit,skip_for_now,123.00,247.00,89.00,73.00,85.00,5A,2,2026-07-18T04:51:26.368Z,https://open.spotify.com/track/1MbOMquGRXUEUALDcTLuoA
619,3qhobDAfBcVoOWZP8Ck8R2,Ophelia,The Lumineers,Ophelia,skip_for_now,76.00,180.00,57.00,66.00,57.00,7B,2,2026-07-18T01:03:51.372Z,https://open.spotify.com/track/3qhobDAfBcVoOWZP8Ck8R2
620,0fFPWoqcdEDfIpS7wk6shV,Holy Ghost,The Neighbourhood,(((((ultraSOUND))))),currently_listening,125.00,148.00,66.00,57.00,25.00,11A,2,2026-07-13T00:36:11.105Z,https://open.spotify.com/track/0fFPWoqcdEDfIpS7wk6shV
621,4XfI7M5gLwEY84gYiH4RDD,Devil's Advocate,The Neighbourhood,Chip Chrome & The Mono-Tones,favorites_archive,98.00,220.00,68.00,66.00,86.00,10A,2,2026-07-12T06:38:12.650Z,https://open.spotify.com/track/4XfI7M5gLwEY84gYiH4RDD
622,7brQHA2CgQpcMBiOlfiXYb,Afraid,The Neighbourhood,I Love You.,favorites_archive,84.00,152.00,70.00,46.00,36.00,11A,2,2026-07-18T05:17:43.621Z,https://open.spotify.com/track/7brQHA2CgQpcMBiOlfiXYb
623,6mAuw7R6u4vlNneuBgnC8K,How,The Neighbourhood,I Love You.,currently_listening,152.00,119.00,75.00,38.00,6.00,6A,2,2026-07-18T05:17:43.620Z,https://open.spotify.com/track/6mAuw7R6u4vlNneuBgnC8K
624,1NA2NvAgCB4EfcBC8OHfuj,Staying Up,The Neighbourhood,I Love You.,favorites_archive,176.00,157.00,86.00,39.00,32.00,10B,2,2026-07-18T05:17:43.623Z,https://open.spotify.com/track/1NA2NvAgCB4EfcBC8OHfuj
625,3ypXE4brttsQR3OLLZbLZB,Baby Came Home,The Neighbourhood,I'm Sorry...,favorites_archive,113.00,148.00,57.00,64.00,27.00,8B,2,2026-07-18T05:19:23.065Z,https://open.spotify.com/track/3ypXE4brttsQR3OLLZbLZB
626,4ObATYHHvXXlJJQ4rPKU2s,Wires,The Neighbourhood,I'm Sorry...,favorites_archive,146.00,142.00,59.00,55.00,28.00,6A,2,2026-07-18T05:19:45.563Z,https://open.spotify.com/track/4ObATYHHvXXlJJQ4rPKU2s
627,1735xgk2J8CHCGY2LS1HM6,Private,The Neighbourhood,Private,currently_listening,124.00,175.00,58.00,73.00,44.00,7A,2,2026-07-13T00:25:22.172Z,https://open.spotify.com/track/1735xgk2J8CHCGY2LS1HM6
628,0EfsDEYaSjGYd66Pr881nq,Cry Baby,The Neighbourhood,Wiped Out!,favorites_archive,108.00,158.00,66.00,58.00,34.00,9A,2,2026-07-18T05:17:43.621Z,https://open.spotify.com/track/0EfsDEYaSjGYd66Pr881nq
629,2u0CelO5c81XS7z3dGpHbS,The Beach,The Neighbourhood,Wiped Out!,favorites_archive,136.00,100.00,64.00,25.00,11.00,7A,2,2026-07-18T05:17:43.624Z,https://open.spotify.com/track/2u0CelO5c81XS7z3dGpHbS
630,1owBzz8aYKe0bDJlAJt2Yn,Breakin' up,The Palms,Sway,currently_listening,130.00,163.00,61.00,66.00,36.00,7A,2,2026-07-12T00:50:28.157Z,https://open.spotify.com/track/1owBzz8aYKe0bDJlAJt2Yn
631,2hb6LFp0TwBjkhf37od4G3,I Think I Love You,The Partridge Family,Come On Get Happy! The Very Best Of The Partridge Family,favorites_archive,203.00,168.00,47.00,43.00,78.00,5B,2,2026-07-18T04:51:26.374Z,https://open.spotify.com/track/2hb6LFp0TwBjkhf37od4G3
632,5J58slQI9ku9125VhQ070L,Beep,"The Pussycat Dolls,will.i.am",PCD (Expanded Edition),favorites_archive,104.00,222.00,74.00,94.00,54.00,9B,2,2026-07-12T20:34:53.246Z,https://open.spotify.com/track/5J58slQI9ku9125VhQ070L
633,7jpP6QKGSJDpSFkAy3nKxG,Wish I Knew You,The Revivalists,Men Amongst Mountains,skip_for_now,101.00,209.00,72.00,65.00,72.00,5A,2,2026-07-18T04:37:59.886Z,https://open.spotify.com/track/7jpP6QKGSJDpSFkAy3nKxG
634,18KOzNZpwYVVGwQ16rg1bP,Never Knew,The Rocket Summer,"Hello, Good Friend.",favorites_archive,153.00,148.00,79.00,34.00,35.00,3A,2,2026-07-18T05:17:43.631Z,https://open.spotify.com/track/18KOzNZpwYVVGwQ16rg1bP
635,58hzFlHm1gKIJzRMSt0vWV,Carry On,"The Score,AWOLNATION",Carry On,currently_listening,92.00,169.00,74.00,55.00,40.00,8B,2,2026-07-13T00:56:42.127Z,https://open.spotify.com/track/58hzFlHm1gKIJzRMSt0vWV
636,6p5XHlq18fKHj5ImzGRo1W,Tonight You Are Mine,The Technicolors,Ultraviolet Disguise (Deluxe Edition),skip_for_now,90.00,187.00,60.00,63.00,64.00,1B,2,2026-07-18T04:37:59.931Z,https://open.spotify.com/track/6p5XHlq18fKHj5ImzGRo1W
637,4zYgyzWuDtd9P2fP54qeJ0,Bird on a Wire,The Temper Trap,Sungazer,save_for_later,172.00,186.00,81.00,49.00,56.00,4B,2,2026-07-19T22:57:52.883Z,https://open.spotify.com/track/4zYgyzWuDtd9P2fP54qeJ0
638,6AAqKzWTDyeITtZg0EsPs0,Dystopia Radio,The Temper Trap,Sungazer,save_for_later,159.00,183.00,98.00,43.00,42.00,12A,2,2026-07-19T22:57:52.890Z,https://open.spotify.com/track/6AAqKzWTDyeITtZg0EsPs0
639,1hUgRKylrpLNBKjblt3ZW9,Giving Up Air,The Temper Trap,Sungazer,save_for_later,126.00,154.00,78.00,53.00,23.00,5A,2,2026-07-19T22:57:52.884Z,https://open.spotify.com/track/1hUgRKylrpLNBKjblt3ZW9
640,1Hss0zKxdrpCxIrK4AUAOF,Halfway,The Temper Trap,Sungazer,save_for_later,147.00,167.00,78.00,55.00,34.00,9B,2,2026-07-19T22:57:52.889Z,https://open.spotify.com/track/1Hss0zKxdrpCxIrK4AUAOF
641,0MO5nScLDab8HHZyvYh4Mr,Into The Wild,The Temper Trap,Sungazer,save_for_later,118.00,141.00,63.00,56.00,22.00,1B,2,2026-07-19T22:57:52.880Z,https://open.spotify.com/track/0MO5nScLDab8HHZyvYh4Mr
642,1Kssqm7IyY21qXKoei29ok,Kuru,The Temper Trap,Sungazer,save_for_later,129.00,81.00,45.00,30.00,6.00,3B,2,2026-07-19T22:57:52.891Z,https://open.spotify.com/track/1Kssqm7IyY21qXKoei29ok
643,1apm5UngnEDzAIk6NsWUWz,Lifeline,The Temper Trap,Sungazer,save_for_later,152.00,144.00,67.00,50.00,27.00,7A,2,2026-07-19T22:57:52.887Z,https://open.spotify.com/track/1apm5UngnEDzAIk6NsWUWz
644,6nyXEkO61ijAnNJ77Bid5o,Lucky Dimes,The Temper Trap,Sungazer,save_for_later,84.00,169.00,96.00,23.00,50.00,9A,2,2026-07-19T22:57:52.879Z,https://open.spotify.com/track/6nyXEkO61ijAnNJ77Bid5o
645,3fQLQSOhijzOC6W1NPhYle,Runaways,The Temper Trap,Sungazer,save_for_later,126.00,131.00,58.00,47.00,26.00,6A,2,2026-07-19T22:57:52.888Z,https://open.spotify.com/track/3fQLQSOhijzOC6W1NPhYle
646,6srwN44pQgxa8ifFKtHWLV,Sungazer,The Temper Trap,Sungazer,save_for_later,160.00,135.00,71.00,43.00,21.00,10A,2,2026-07-19T22:57:52.885Z,https://open.spotify.com/track/6srwN44pQgxa8ifFKtHWLV
647,0qx9BUk40KSvaCA3rpUkCN,These Arms,The Temper Trap,Sungazer,save_for_later,130.00,150.00,74.00,53.00,23.00,12A,2,2026-07-19T22:57:52.882Z,https://open.spotify.com/track/0qx9BUk40KSvaCA3rpUkCN
648,4F7A0DXBrmUAkp32uenhZt,Party Monster,The Weeknd,Starboy,favorites_archive,78.00,142.00,63.00,57.00,22.00,3B,2,2026-07-18T04:51:26.360Z,https://open.spotify.com/track/4F7A0DXBrmUAkp32uenhZt
649,7MXVkk9YMctZqd1Srtv4MB,Starboy,"The Weeknd,Daft Punk",Starboy,favorites_archive,186.00,176.00,59.00,68.00,49.00,9B,2,2026-07-18T04:51:26.361Z,https://open.spotify.com/track/7MXVkk9YMctZqd1Srtv4MB
650,4Mqs0h95KAeNiGp7u4udlt,Love Reign O'er Me,The Who,Quadrophenia (Super Deluxe Edition),favorites_archive,116.00,124.00,72.00,30.00,22.00,3B,2,2026-07-12T21:09:21.073Z,https://open.spotify.com/track/4Mqs0h95KAeNiGp7u4udlt
651,5PKnZzkjs2y3WTbIYtv5Fq,Magic Bus - Mono Edit,The Who,The Kids Are Alright,favorites_archive,92.00,230.00,95.00,63.00,72.00,9B,2,2026-07-12T21:10:18.612Z,https://open.spotify.com/track/5PKnZzkjs2y3WTbIYtv5Fq
652,7tbp39GZvDA0cItgHynVnG,I'm Free,The Who,Tommy,save_for_later,112.00,180.00,73.00,62.00,45.00,10B,2,2026-07-18T04:58:48.268Z,https://open.spotify.com/track/7tbp39GZvDA0cItgHynVnG
653,23IJ5wLRhEZ9DOuia5mPiZ,Who Are You,The Who,Who Are You,favorites_archive,156.00,179.00,65.00,65.00,49.00,11B,2,2026-07-13T00:27:32.015Z,https://open.spotify.com/track/23IJ5wLRhEZ9DOuia5mPiZ
654,3qiyyUfYe7CRYLucrPmulD,Baba O'Riley,The Who,Who's Next (Deluxe Edition),favorites_archive,117.00,136.00,72.00,49.00,15.00,7B,2,2026-07-13T00:27:46.611Z,https://open.spotify.com/track/3qiyyUfYe7CRYLucrPmulD
655,40Gp0YR5kj8vT7Z55YzTFM,Fiction,The xx,Coexist,favorites_archive,115.00,179.00,36.00,79.00,64.00,6A,2,2026-07-12T19:37:45.755Z,https://open.spotify.com/track/40Gp0YR5kj8vT7Z55YzTFM
656,15y44uyGiDqQWLlhc1Rj9l,Together,The xx,Fiction EP,favorites_archive,96.00,105.00,32.00,61.00,12.00,12A,2,2026-07-12T19:38:21.070Z,https://open.spotify.com/track/15y44uyGiDqQWLlhc1Rj9l
657,044qU7kwVZaDwzWnRsmVVL,I Dare You,The xx,I See You,favorites_archive,126.00,157.00,54.00,75.00,28.00,3B,2,2026-07-18T04:37:59.914Z,https://open.spotify.com/track/044qU7kwVZaDwzWnRsmVVL
658,1onfcprzpSGh2LqrBh17AA,Lips,The xx,I See You,favorites_archive,174.00,131.00,59.00,52.00,20.00,3B,2,2026-07-18T04:37:59.897Z,https://open.spotify.com/track/1onfcprzpSGh2LqrBh17AA
659,4O4xuKdvJvl7HpFlYGwudS,Replica,The xx,I See You,favorites_archive,80.00,157.00,44.00,62.00,51.00,4B,2,2026-07-18T04:37:59.897Z,https://open.spotify.com/track/4O4xuKdvJvl7HpFlYGwudS
660,3wImXdE4bliIVSEl3lVue1,What I Know Now (feat. Wiz Khalifa),"THEY.,Wiz Khalifa",What I Know Now (feat. Wiz Khalifa),currently_listening,80.00,176.00,70.00,62.00,44.00,2B,2,2026-07-19T22:57:52.956Z,https://open.spotify.com/track/3wImXdE4bliIVSEl3lVue1
661,0ZX5WYRg59qcTpKX8d6JPZ,Search And Destroy,Thirty Seconds To Mars,This Is War,favorites_archive,135.00,171.00,78.00,56.00,37.00,8A,2,2026-07-13T00:30:31.213Z,https://open.spotify.com/track/0ZX5WYRg59qcTpKX8d6JPZ
662,28Yx9zNxSc51OztNNmTE6W,Cinderella Dracula,Tired Lion,Cinderella Dracula,skip_for_now,134.00,137.00,55.00,50.00,32.00,9B,2,2026-07-18T04:37:59.909Z,https://open.spotify.com/track/28Yx9zNxSc51OztNNmTE6W
663,2N4Lw4tS3KBx0PMJ7ZJXiy,Dream Walkin',Toby Keith,Dream Walkin',favorites_archive,117.00,200.00,75.00,71.00,54.00,7B,2,2026-07-12T06:50:45.760Z,https://open.spotify.com/track/2N4Lw4tS3KBx0PMJ7ZJXiy
664,6UBQONiLH8kNmmB8UrV2Ef,Genius of Love,Tom Tom Club,Tom Tom Club,skip_for_now,103.00,217.00,53.00,92.00,72.00,10B,2,2026-07-18T04:37:59.917Z,https://open.spotify.com/track/6UBQONiLH8kNmmB8UrV2Ef
665,6vJ0Fezf6Etha2C4H21FKO,Cool Girl,Tove Lo,Cool Girl,favorites_archive,102.00,163.00,72.00,67.00,24.00,8A,2,2026-07-18T04:51:26.365Z,https://open.spotify.com/track/6vJ0Fezf6Etha2C4H21FKO
666,0DJJdLSQKTPVnAA2iEuvsQ,All I Ever Wanted,Train,"For Me, It's You",favorites_archive,170.00,151.00,62.00,42.00,47.00,10B,2,2026-07-12T20:11:00.578Z,https://open.spotify.com/track/0DJJdLSQKTPVnAA2iEuvsQ
667,4DOoiKOl3qH0l0Dlail9rH,LEECH,Transviolet,LEECH,currently_listening,130.00,225.00,89.00,59.00,77.00,10A,2,2026-07-13T09:04:30.081Z,https://open.spotify.com/track/4DOoiKOl3qH0l0Dlail9rH
668,0FD5inFAFMXLM4o7JjNs1v,SCISSORS,Transviolet,SCISSORS,save_for_later,170.00,183.00,89.00,45.00,49.00,9B,2,2026-07-13T00:18:25.593Z,https://open.spotify.com/track/0FD5inFAFMXLM4o7JjNs1v
669,3CRDbSIZ4r5MsZ0YwxuEkn,Stressed Out,Twenty One Pilots,Blurryface,favorites_archive,170.00,202.00,64.00,73.00,65.00,9A,2,2026-07-18T04:37:59.870Z,https://open.spotify.com/track/3CRDbSIZ4r5MsZ0YwxuEkn
670,23OXdR7YuUBVWh5hSnYJau,Chlorine,Twenty One Pilots,Trench,favorites_archive,90.00,160.00,67.00,61.00,32.00,3A,2,2026-07-18T05:17:43.571Z,https://open.spotify.com/track/23OXdR7YuUBVWh5hSnYJau
671,7iy66dzNBRSu0DRj1ZThTa,Do I Ever Belong?,Two Feet,Do I Ever Belong?,currently_listening,150.00,155.00,59.00,59.00,37.00,2B,2,2026-07-19T22:57:52.872Z,https://open.spotify.com/track/7iy66dzNBRSu0DRj1ZThTa
672,1BXDOKw1wayAznyNIfHmv7,Grey,Two Feet,Grey,favorites_archive,120.00,186.00,72.00,56.00,58.00,8B,2,2026-07-13T00:11:37.203Z,https://open.spotify.com/track/1BXDOKw1wayAznyNIfHmv7
673,0babKgXwpYCxbmgTc2Ikrh,The Way She Looks,Two Feet,The Way She Looks,currently_listening,135.00,212.00,90.00,54.00,68.00,11A,2,2026-07-12T01:24:16.992Z,https://open.spotify.com/track/0babKgXwpYCxbmgTc2Ikrh
674,4KoecuyOpZaNFZ0UqVsllc,Follow Me,Uncle Kracker,Double Wide,favorites_archive,105.00,233.00,59.00,82.00,92.00,7B,2,2026-07-12T19:38:58.561Z,https://open.spotify.com/track/4KoecuyOpZaNFZ0UqVsllc
675,4eP9Et7gkdPf6eeCRNal75,Too Soon,"Vanic,Maty Noyes",Too Soon (feat. Maty Noyes),skip_for_now,122.00,202.00,77.00,69.00,56.00,4B,2,2026-07-18T04:37:59.915Z,https://open.spotify.com/track/4eP9Et7gkdPf6eeCRNal75
676,48mCOfmxZCZ8sG45YEpW7D,O.D on You,Violet Days,O.D on You,skip_for_now,139.00,175.00,71.00,56.00,48.00,1A,2,2026-07-18T04:51:26.350Z,https://open.spotify.com/track/48mCOfmxZCZ8sG45YEpW7D
677,2LO4djxEtCZ72VANAk3AQZ,Artificial Paradise,Vlad Holiday,Artificial Paradise,skip_for_now,121.00,115.00,46.00,61.00,8.00,8B,2,2026-07-18T05:17:43.568Z,https://open.spotify.com/track/2LO4djxEtCZ72VANAk3AQZ
678,3YQ96qkxiEwTLwgu2Izcmq,Kamikaze,WALK THE MOON,What If Nothing,skip_for_now,78.00,170.00,69.00,57.00,44.00,3B,2,2026-07-18T05:17:43.559Z,https://open.spotify.com/track/3YQ96qkxiEwTLwgu2Izcmq
679,3zjjzKg16tczCMwckGKGuH,Happy Pills,Weathers,Happy Pills,skip_for_now,116.00,175.00,89.00,52.00,34.00,9A,2,2026-07-18T04:37:59.919Z,https://open.spotify.com/track/3zjjzKg16tczCMwckGKGuH
680,0wVAhoXZM7tl1pnLaupf1F,Paperbond,Wiz Khalifa,O.N.I.F.C. (Deluxe),skip_for_now,150.00,162.00,70.00,65.00,27.00,6A,2,2026-07-19T22:57:52.951Z,https://open.spotify.com/track/0wVAhoXZM7tl1pnLaupf1F
681,1ms5tNNdPouTtcD2oVF9Oz,"Work Hard, Play Hard",Wiz Khalifa,O.N.I.F.C. (Deluxe),skip_for_now,140.00,195.00,67.00,79.00,49.00,1B,2,2026-07-19T22:57:52.953Z,https://open.spotify.com/track/1ms5tNNdPouTtcD2oVF9Oz
682,5A6OHHy73AR5tLxgTc98zz,Black and Yellow,Wiz Khalifa,Rolling Papers,favorites_archive,164.00,205.00,83.00,68.00,54.00,7A,2,2026-07-19T22:57:52.947Z,https://open.spotify.com/track/5A6OHHy73AR5tLxgTc98zz
683,6qa6a2fsCbLMkSIoZEfvTJ,Fly Solo,Wiz Khalifa,Rolling Papers,currently_listening,82.00,238.00,72.00,74.00,92.00,10A,2,2026-07-19T22:57:52.950Z,https://open.spotify.com/track/6qa6a2fsCbLMkSIoZEfvTJ
684,2kzRSiyignH8yzPTrWvyPo,No Sleep,Wiz Khalifa,Rolling Papers,skip_for_now,160.00,213.00,71.00,65.00,77.00,11B,2,2026-07-19T22:57:52.949Z,https://open.spotify.com/track/2kzRSiyignH8yzPTrWvyPo
685,53DB6LJV9B8sz0p1s6tlGS,Roll Up,Wiz Khalifa,Rolling Papers,favorites_archive,125.00,193.00,81.00,52.00,60.00,5B,2,2026-07-19T22:57:52.948Z,https://open.spotify.com/track/53DB6LJV9B8sz0p1s6tlGS
686,0prF3F4FoKvxBObaeXLVHv,When I'm Gone,Wiz Khalifa,Rolling Papers,favorites_archive,92.00,176.00,76.00,70.00,30.00,11B,2,2026-07-19T22:57:52.945Z,https://open.spotify.com/track/0prF3F4FoKvxBObaeXLVHv
687,1q8kj0fpTfdGYgjuJd2UTM,Bluffin (feat. Berner),"Wiz Khalifa,Berner",O.N.I.F.C. (Deluxe),skip_for_now,130.00,182.00,71.00,83.00,28.00,4B,2,2026-07-19T22:57:52.952Z,https://open.spotify.com/track/1q8kj0fpTfdGYgjuJd2UTM
688,0HRSsZiisdMuUrWhzb8ewK,Bout Me (feat. Problem & Iamsu),"Wiz Khalifa,Iamsu!,JasonMartin",O.N.I.F.C. (Deluxe),currently_listening,100.00,195.00,83.00,80.00,32.00,10B,2,2026-07-19T22:57:52.955Z,https://open.spotify.com/track/0HRSsZiisdMuUrWhzb8ewK
689,2akHlWnK60UF1L9Til9rzK,Initiation,"Wiz Khalifa,Lola Monroe",O.N.I.F.C. (Deluxe),skip_for_now,150.00,224.00,73.00,82.00,69.00,12B,2,2026-07-19T22:57:52.954Z,https://open.spotify.com/track/2akHlWnK60UF1L9Til9rzK
690,0osPX8TruIebOhKuG6GK8C,On My Level (feat. Too $hort),"Wiz Khalifa,Too $hort",Rolling Papers,skip_for_now,143.00,144.00,51.00,72.00,21.00,3B,2,2026-07-19T22:57:52.946Z,https://open.spotify.com/track/0osPX8TruIebOhKuG6GK8C
691,1hxwW2ny6MdBjWP3rOHZMn,Lucky Strike,Woodie Smalls,Lucky Strike,save_for_later,175.00,182.00,59.00,59.00,64.00,10A,2,2026-07-18T04:37:59.879Z,https://open.spotify.com/track/1hxwW2ny6MdBjWP3rOHZMn
692,1rYMhRNa26kKbIRP0xe6cP,Embrace,WYATT,"36, 37",favorites_archive,80.00,85.00,33.00,36.00,16.00,12A,2,2026-07-12T06:51:22.675Z,https://open.spotify.com/track/1rYMhRNa26kKbIRP0xe6cP
693,2CxUw9KnY5VHugLbBZiCAF,I'm Not Really Here,X Ambassadors,Townies,currently_listening,109.00,237.00,83.00,71.00,83.00,11B,2,2026-07-14T00:49:26.663Z,https://open.spotify.com/track/2CxUw9KnY5VHugLbBZiCAF
694,0Bs0zJvAC46fM7NDh8Gz4K,Undefeatable,Young Rising Sons,Undefeatable +2,currently_listening,79.00,168.00,67.00,51.00,50.00,2A,2,2026-07-18T04:37:59.889Z,https://open.spotify.com/track/0Bs0zJvAC46fM7NDh8Gz4K
695,4Z9MTyi3hsR9GzU7egzgcS,Amerika,Young the Giant,Amerika,currently_listening,90.00,156.00,79.00,54.00,23.00,8B,2,2026-07-18T04:37:59.925Z,https://open.spotify.com/track/4Z9MTyi3hsR9GzU7egzgcS
696,67YPjbcxUypwNOwYBZquq1,Superposition,Young the Giant,Mirror Master,favorites_archive,170.00,172.00,70.00,59.00,43.00,9B,2,2026-07-18T05:17:43.571Z,https://open.spotify.com/track/67YPjbcxUypwNOwYBZquq1
697,1SF8piqsZWn86DajVKih8F,Kacey Talk,YoungBoy Never Broke Again,Top,favorites_archive,127.00,226.00,61.00,88.00,77.00,3A,2,2026-07-12T01:04:05.244Z,https://open.spotify.com/track/1SF8piqsZWn86DajVKih8F
698,50Emgupm363qIrYBe20FR3,Quittin' Time,Zach Bryan,Summertime Blues,favorites_archive,143.00,183.00,73.00,56.00,54.00,5A,2,2026-07-13T00:26:39.676Z,https://open.spotify.com/track/50Emgupm363qIrYBe20FR3
699,0WEVf4RhIrcr3S3ULBrt0T,LIKE I WOULD,ZAYN,LIKE I WOULD,skip_for_now,113.00,162.00,83.00,56.00,23.00,3A,2,2026-07-18T04:51:26.379Z,https://open.spotify.com/track/0WEVf4RhIrcr3S3ULBrt0T
700,2gGCt2yXxDxDITx19sxwJJ,"We Bad, We Know","ZOI,Byfox","We Bad, We Know",currently_listening,112.00,174.00,59.00,74.00,41.00,9B,2,2026-07-12T23:53:20.280Z,https://open.spotify.com/track/2gGCt2yXxDxDITx19sxwJJ
